{
  "federatedml.transfer_variable.transfer_class.homo_secure_boost_transfer_variable.HomoSecureBoostingTreeTransferVariable": {
    "tree_dim": {
      "src": [
        "guest",
        "host"
      ],
      "dst": [
        "arbiter"
      ]
    },
    "feature_number": {
      "src": [
        "guest",
        "host"
      ],
      "dst": [
        "arbiter"
      ]
    },
    "loss_status": {
      "src": [
        "guest",
        "host"
      ],
      "dst": [
        "arbiter"
      ]
    },
    "stop_flag": {
      "src": [
        "arbiter"
      ],
      "dst": [
        "guest",
        "host"
      ]
    },
    "local_labels": {
      "src": [
        "guest",
        "host"
      ],
      "dst": [
        "arbiter"
      ]
    },
    "label_mapping": {
      "src": [
        "arbiter"
      ],
      "dst": [
        "guest",
        "host"
      ]
    },
    "valid_features": {
      "src": [
        "arbiter"
      ],
      "dst": [
        "guest",
        "host"
      ]
    }
  }
}