{
  "federatedml.transfer_variable.transfer_class.homo_boosting_transfer_variable.HomoBoostingTransferVariable": {
    "tree_dim": {
      "src": [
        "guest",
        "host"
      ],
      "dst": [
        "arbiter"
      ]
    },
    "feature_number": {
      "src": [
        "guest",
        "host"
      ],
      "dst": [
        "arbiter"
      ]
    },
    "stop_flag": {
      "src": [
        "arbiter"
      ],
      "dst": [
        "guest",
        "host"
      ]
    },
    "valid_features": {
      "src": ["arbiter"],
      "dst": ["guest", "host"]
    }
  }
}