{
  "federatedml.transfer_variable.transfer_class.raw_intersect_transfer_variable.RawIntersectTransferVariable": {
    "intersect_ids_guest": {
      "src": [
        "guest"
      ],
      "dst": [
        "host"
      ]
    },
    "intersect_ids_host": {
      "src": [
        "host"
      ],
      "dst": [
        "guest"
      ]
    },
    "send_ids_guest": {
      "src": [
        "guest"
      ],
      "dst": [
        "host"
      ]
    },
    "send_ids_host": {
      "src": [
        "host"
      ],
      "dst": [
        "guest"
      ]
    },
    "sync_intersect_ids_multi_hosts": {
      "src": [
        "guest"
      ],
      "dst": [
        "host"
      ]
    }
  }
}