{
  "federatedml.transfer_variable.transfer_class.rsa_intersect_transfer_variable.RsaIntersectTransferVariable": {
    "cache_version_info": {
      "src": [
        "guest"
      ],
      "dst": [
        "host"
      ]
    },
    "cache_version_match_info": {
      "src": [
        "host"
      ],
      "dst": [
        "guest"
      ]
    },
    "guest_pubkey_ids": {
      "src": [
        "guest"
      ],
      "dst": [
        "host"
      ]
    },
    "host_pubkey_ids": {
      "src": [
        "host"
      ],
      "dst": [
        "guest"
      ]
    },
    "host_prvkey_ids": {
      "src": [
        "host"
      ],
      "dst": [
        "guest"
      ]
    },
    "guest_prvkey_ids": {
      "src": [
        "guest"
      ],
      "dst": [
        "host"
      ]
    },
    "host_sign_guest_ids": {
      "src": [
        "host"
      ],
      "dst": [
        "guest"
      ]
    },
    "guest_sign_host_ids": {
      "src": [
        "guest"
      ],
      "dst": [
        "host"
      ]
    },
    "intersect_ids": {
      "src": [
        "guest"
      ],
      "dst": [
        "host"
      ]
    },
    "host_intersect_ids": {
      "src": [
        "host"
      ],
      "dst": [
        "guest"
      ]
    },
    "host_pubkey": {
      "src": [
        "host"
      ],
      "dst": [
        "guest"
      ]
    },
    "guest_pubkey": {
      "src": [
        "guest"
      ],
      "dst": [
        "host"
      ]
    },
    "intersect_guest_ids": {
      "src": [
        "guest"
      ],
      "dst": [
        "host"
      ]
    },
    "intersect_guest_ids_process": {
      "src": [
        "host"
      ],
      "dst": [
        "guest"
      ]
    },
    "intersect_host_ids_process": {
      "src": [
        "host"
      ],
      "dst": [
        "guest"
      ]
    },
    "rsa_pubkey": {
      "src": [
        "host"
      ],
      "dst": [
        "guest"
      ]
    }
  }
}