{
  "federatedml.transfer_variable.transfer_class.secure_information_retrieval_transfer_variable.SecureInformationRetrievalTransferVariable": {
    "commutative_cipher_public_knowledge": {
      "src": "guest",
      "dst": [
        "host"
      ]
    },
    "id_ciphertext_list_exchange_g2h": {
      "src": "guest",
      "dst": [
        "host"
      ]
    },
    "id_ciphertext_list_exchange_h2g": {
      "src": "host",
      "dst": [
        "guest"
      ]
    },
    "data_count": {
      "src": "host",
      "dst": [
        "guest"
      ]
    },
    "doubly_encrypted_id_list": {
      "src": "host",
      "dst": [
        "guest"
      ]
    },
    "natural_indexation": {
      "src": "guest",
      "dst": [
        "host"
      ]
    },
    "block_num": {
      "src": "guest",
      "dst": [
        "host"
      ]
    },
    "id_blocks_ciphertext": {
      "src": "host",
      "dst": [
        "guest"
      ]
    },
    "intersect_cipher_cipher": {
      "src": "guest",
      "dst": [
        "host"
      ]
    },
    "intersect_cipher": {
      "src": "host",
      "dst": [
        "guest"
      ]
    },
    "raw_id_list": {
      "src": "guest",
      "dst": [
        "host"
      ]
    },
    "raw_value_list": {
      "src": "host",
      "dst": [
        "guest"
      ]
    },
    "coverage": {
      "src": "guest",
      "dst": [
        "host"
      ]
    },
    "nonce_list": {
      "src": "host",
      "dst": [
        "guest"
      ]
    },
    "block_confirm": {
      "src": "guest",
      "dst": [
        "host"
      ]
    }
  }
}