sample_id,id,x0,x1,x2,x3,x4,x5,x6,x7,x8,x9,x10,x11,x12,x13,x14,x15,x16,x17,x18,x19
10000,133,0.449512,-1.247226,0.413178,0.303781,-0.123848,-0.184227,-0.219076,0.268537,0.015996,-0.789267,-0.33736,-0.728193,-0.442587,-0.272757,-0.608018,-0.577235,-0.501126,0.143371,-0.466431,-0.554102
10001,273,-1.245485,-0.842317,-1.255026,-1.038066,-0.426301,-1.088781,-0.976392,-0.898898,0.983496,0.045702,-0.493639,0.34862,-0.552483,-0.526877,2.253098,-0.82762,-0.780739,-0.376997,-0.310239,0.176301
10002,175,-1.549664,-1.126219,-1.546652,-1.216392,-0.354424,-1.167051,-1.114873,-1.26182,-0.327193,0.629755,-0.666881,-0.779358,-0.708418,-0.637545,0.710369,-0.976454,-1.057501,-1.913447,0.795207,-0.149751
10003,551,-0.851273,0.733108,-0.843535,-0.786363,-0.049836,-0.424532,-0.509221,-0.679649,0.797298,0.385927,-0.451772,0.453852,-0.431696,-0.494754,-1.182041,0.281228,0.084759,-0.25242,1.038575,0.351054
10004,199,0.091654,0.216499,0.103839,-0.034667,0.16793,0.308132,0.366614,0.280661,0.505223,0.264013,-0.707304,-1.026834,-0.702973,-0.460212,-0.999033,-0.531406,-0.39436,-0.72883,-0.644416,-0.688003
10005,274,1.080023,1.20783,0.956888,0.978402,-0.555822,-0.645696,-0.399365,-0.038153,-0.998966,-1.091216,0.057848,0.392164,-0.050027,0.120414,-0.532348,-0.770613,-0.519694,-0.531097,-0.769127,-0.394858
10006,420,-0.726307,-0.058095,-0.73191,-0.697343,-0.775723,-0.513983,-0.426233,-0.893482,0.800949,-0.01809,-0.428673,0.404865,-0.32675,-0.44085,0.07901,-0.279903,0.416992,-0.486165,-0.225484,-0.172446
10007,76,-0.169639,-1.943019,-0.167192,-0.27215,2.329937,0.006804,-0.251467,0.429234,2.1591,0.512094,0.017786,-0.368046,-0.105966,-0.169129,2.11976,0.162743,-0.672216,-0.577002,0.626908,0.896114
10008,315,-0.465014,-0.567723,-0.526371,-0.492852,-0.800631,-1.250816,-1.058714,-1.096145,-2.178221,-0.860147,-0.843011,-0.910353,-0.90049,-0.608283,-0.704355,-1.255622,-0.970629,-1.363557,-0.800607,-0.927058
10009,399,-0.660984,-0.472313,-0.688248,-0.634204,-0.390718,-0.79636,-0.75668,-0.839314,0.129175,-0.369656,-0.221505,-0.139439,-0.317344,-0.336122,-0.526014,-0.326291,-0.368166,-1.03784,-0.698901,-0.273818
10010,238,0.02633,1.992051,0.02393,-0.088136,-1.005588,-0.008357,0.26994,-0.124821,-1.714551,-0.213719,-0.251822,2.008745,-0.376748,-0.228313,-0.24467,0.166096,0.219045,-0.273508,-1.052451,-0.077883
10011,246,-0.263364,-0.432753,-0.322891,-0.322206,-1.722935,-1.120051,-0.570489,-0.976796,-1.185164,-0.914016,-0.87405,0.696974,-0.986625,-0.589142,-0.260004,-0.547055,-0.036596,-1.040273,-0.111671,-0.584362
10012,253,0.901094,-0.5142,0.86627,0.777324,0.315955,-0.004567,0.474586,0.892752,0.005043,-0.945203,-0.346022,-0.653261,-0.333185,-0.147567,-0.761357,-0.583942,-0.284279,0.133639,-0.799396,-0.541998
10013,550,-0.927957,0.509709,-0.966282,-0.837273,-1.569218,-1.176337,-1.114873,-1.26182,-0.5499,-0.470306,-0.320758,0.158114,-0.371797,-0.432709,0.846041,-0.806941,-1.057501,-1.913447,1.149967,-0.592683
10014,208,-0.288925,0.756379,-0.203852,-0.356904,0.273255,0.833088,-0.021963,0.054189,0.140128,1.460471,-0.765413,-0.534421,-0.680696,-0.555479,-0.596684,0.275639,-0.219954,-0.566458,0.556683,0.152472
10015,185,-1.149488,-0.972632,-1.161936,-0.959569,-0.26262,-1.087644,-1.094823,-1.199811,-0.39656,-0.328545,0.069759,0.092797,-0.092105,-0.30598,2.449773,-0.753287,-1.004549,-1.523495,0.585742,-0.122895
10016,156,1.00902,0.337507,1.047507,0.87829,1.077425,1.178005,1.214074,1.456866,0.581892,-0.161268,1.465801,0.332291,1.323683,1.178696,0.665367,1.344806,0.668654,1.072832,-0.334455,0.443725
10017,0,1.097064,-2.073335,1.269934,0.984375,1.568466,3.283515,2.652874,2.532475,2.217515,2.255747,2.489734,-0.565265,2.833031,2.487578,-0.214002,1.316862,0.724026,0.66082,1.148757,0.907083
10018,70,1.366877,0.470149,1.302886,1.351264,-0.446227,-0.027309,0.241064,0.78906,-0.838325,-1.160679,1.384594,-0.760851,1.296951,1.22578,-0.865695,-0.500666,-0.305168,0.308825,-0.809083,-0.793157
10019,293,-0.646783,-0.425771,-0.676715,-0.631929,-0.899551,-0.908174,-0.777395,-0.673717,0.231402,-0.800607,-0.715245,0.038367,-0.807919,-0.582101,0.184681,-0.585618,-0.589324,-0.522013,-0.317504,-0.760627
10020,287,-0.351408,-1.435719,-0.415157,-0.395299,-1.907966,-1.270715,-0.83113,-0.959772,-1.732806,-0.990566,-0.90942,-1.356863,-0.866828,-0.608503,-0.770024,-0.672247,-0.509747,-0.955599,-0.52697,-0.648286
10021,222,-1.121087,-0.409482,-1.105917,-0.972083,0.693131,-0.366161,-0.892901,-0.767865,0.359185,0.890594,-0.571959,0.000266,-0.606442,-0.556359,0.286019,-0.641508,-0.774539,-0.676761,0.705609,-0.012824
10022,262,0.898254,0.660969,0.923936,0.833069,-0.453344,0.435107,0.102583,0.674535,1.082072,-1.156426,1.550617,0.755033,1.623671,1.113351,-0.107997,1.918792,0.480322,1.572438,0.838796,0.772804
10023,309,-0.305966,-1.26817,-0.381381,-0.353491,-0.913784,-1.269578,-1.057635,-1.034085,-1.309296,-1.079875,-0.02769,-0.704607,-0.148043,-0.161208,-0.964365,-1.160666,-0.963633,-1.131435,-0.765494,-0.575662
10024,534,-0.899556,-0.388538,-0.872369,-0.822768,0.036274,-0.129268,-0.454105,-0.542683,-0.70324,0.181792,-0.918443,0.664316,-0.842076,-0.665487,0.82004,0.463987,0.40174,0.269895,-0.886573,-0.098687
10025,54,0.276263,0.635371,0.217936,0.164705,-0.41278,-0.635462,-0.45536,-0.401848,-0.714193,-0.844553,-0.341691,-0.694809,-0.380708,-0.229414,-0.788692,-0.848299,-0.525994,-0.41755,-1.161421,-0.819256
10026,172,0.378508,-1.721948,0.433773,0.233247,2.087974,0.969539,1.436297,1.56778,0.563638,1.118828,0.056765,-1.013408,-0.030226,0.094672,-0.549349,-0.126765,0.369246,0.22772,-0.317504,0.141124
10027,484,0.455192,-1.863899,0.44613,0.262542,0.565034,0.484381,0.380424,0.340245,-0.100834,-0.029431,-0.87405,-1.505458,-0.852967,-0.582321,-0.335673,-0.406772,0.048618,-0.18267,-1.064558,-0.582092
10028,102,-0.553058,0.286311,-0.607516,-0.557982,-1.155035,-1.212155,-0.815688,-0.805266,-0.265127,-0.854476,-0.767939,0.642544,-0.833166,-0.5645,-0.653686,-1.083147,-0.703052,-0.810908,-0.735225,-0.855946
10029,458,-0.320167,1.359089,-0.3855,-0.38307,-0.901686,-1.016007,-0.96346,-0.80733,-0.527994,-1.17769,-0.516377,0.027481,-0.598521,-0.421268,-0.329006,-0.922409,-0.869136,-0.885687,-1.016127,-0.862755
10030,495,0.21094,0.214172,0.170979,0.073978,-0.034891,-0.395915,-0.258122,0.01524,-1.185164,-0.753827,-0.623932,0.760476,-0.628718,-0.406967,-0.542015,-0.657716,-0.34363,0.005493,-0.115303,-0.750036
10031,158,-0.58714,-1.524147,-0.623168,-0.586707,-0.231308,-0.984169,-0.867289,-0.755484,-0.809117,-0.528427,-0.804753,-0.886041,-0.839106,-0.595962,-0.504347,-0.876859,-0.780905,-0.895906,-0.713431,-0.478452
10032,160,-0.675185,0.207191,-0.653649,-0.668618,0.892395,0.184948,-0.255736,-0.297641,0.662213,0.245584,0.348751,0.863894,0.524703,-0.043939,0.797373,-0.079818,0.324152,-0.044792,1.625806,0.478903
10033,292,-0.334368,-0.760869,-0.36367,-0.401556,0.294605,-0.4721,-0.342114,-0.392562,-0.297985,0.269684,-0.706582,-0.822358,-0.809404,-0.498714,0.561363,-0.304494,-0.283284,-0.077234,0.69108,0.352188
10034,493,-0.473535,-1.503204,-0.541199,-0.505082,-1.611206,-1.211208,-1.024816,-0.965447,-0.725145,-0.378161,-0.279974,0.488324,-0.375263,-0.346243,1.116386,-0.863389,-0.844765,-0.632802,0.986511,0.388122
10035,394,-0.57578,-0.365268,-0.572504,-0.593533,0.465402,-0.128131,-0.514369,-0.403912,0.45776,-0.168356,-0.436974,0.789506,-0.493575,-0.398607,0.368355,-0.512403,-0.446417,-0.694766,-0.047499,-0.755332
10036,528,-0.053194,-1.424083,-0.068336,-0.172606,2.023925,-0.128699,0.153179,0.444452,0.600147,0.251255,0.508639,2.573006,0.606383,0.096872,0.999714,0.390772,0.521768,2.714394,-0.410734,0.655546
10037,335,0.832931,0.39801,0.816841,0.750021,1.105891,0.02386,0.778417,1.300555,-0.308938,-0.29594,1.483125,1.654948,1.589019,1.030404,-0.195334,-0.419626,0.435228,0.915489,-0.272705,-0.023415
10038,311,0.137096,-0.837662,0.029285,0.028472,-1.436139,-1.311272,-0.933202,-0.777667,-0.655777,-1.452705,-0.321841,-0.554016,-0.451497,-0.251635,-0.67002,-1.087451,-0.88094,-0.887634,-0.678318,-1.096968
10039,25,0.855652,-0.672441,0.98984,0.733241,1.582699,2.335941,1.68363,2.351917,4.484751,1.606484,2.312883,-0.436991,2.183056,1.563506,0.329354,0.699282,0.179919,1.974718,0.307261,1.380276
10040,522,-0.814352,0.125743,-0.851362,-0.758776,-0.800631,-1.141087,-1.051257,-1.115722,-0.637523,0.089648,-0.977273,-0.242856,-0.933063,-0.682165,-0.947031,-1.094213,-0.929979,-1.254065,-0.686793,-0.567341
10041,512,-0.206561,0.286311,-0.137124,-0.27926,1.013376,0.806556,0.69932,0.846065,1.111279,1.481735,-0.052594,-0.519362,0.112343,-0.146687,-0.542348,-0.158063,0.08708,0.250429,-0.422842,0.079469
10042,230,0.830091,-0.048787,0.882746,0.6829,1.262455,1.001757,1.283127,1.549724,1.166043,0.064131,-0.394386,-0.975851,-0.352986,-0.18387,-0.503013,-0.301699,-0.044554,0.331534,-1.062137,-0.551832
10043,548,-1.262242,0.011717,-1.273561,-1.050012,-0.814864,-1.024157,-0.821463,-1.01381,-0.845627,-0.063453,-0.395108,0.26516,-0.401994,-0.486174,0.133012,-0.796322,-0.282621,-0.353802,0.180129,0.135829
10044,213,0.935176,1.459153,0.928055,0.833637,0.301721,0.194424,0.996873,0.439809,-1.838683,-0.586549,0.449087,0.816721,0.445993,0.400275,8.029999,3.357389,3.710479,4.456526,0.146227,3.315409
10045,390,-1.098366,-1.645155,-1.079967,-0.947908,0.256176,-0.548095,-0.873441,-0.754194,-0.042419,0.410026,-0.772631,-1.214074,-0.751486,-0.626104,-0.453011,-0.661069,-0.775799,-0.789497,-0.140729,-0.538594
10046,275,-0.635423,-0.449042,-0.64953,-0.623681,1.860245,-0.611014,-0.370489,0.647967,0.742534,-0.573791,0.851874,1.9525,0.571731,0.187079,2.37977,-0.591766,-0.637401,1.184757,0.755252,-0.299917
10047,219,1.534446,3.067156,1.484123,1.615766,-0.865392,0.164101,0.322671,0.450127,-1.40057,-1.370484,1.205577,0.188958,0.918747,1.530503,-0.50068,0.053758,-0.174198,-0.164827,-0.874465,-0.582092
10048,236,2.579618,1.787269,2.534473,2.88708,-0.0904,1.210223,1.333347,1.928896,0.355534,0.041449,2.356193,-0.45967,2.1687,2.540382,-0.204335,0.176156,0.433571,0.87007,-0.562083,-0.280626
10049,336,-0.323007,-1.177414,-0.324951,-0.39985,-0.123848,-0.088901,-0.645568,-0.720662,-0.582759,1.358404,-0.80764,-1.044433,-0.962418,-0.57044,-0.603351,-0.135708,-0.025323,-0.726884,-0.502754,0.720983
10050,20,-0.297446,-0.833008,-0.261106,-0.383638,0.792763,0.429422,-0.541362,-0.459627,0.567289,0.753087,-0.793925,-0.851206,-0.73416,-0.56472,-0.981366,-0.363178,-0.494494,-0.860707,-0.455534,-0.518168
10051,193,-0.507616,1.761672,-0.445638,-0.504797,0.500985,0.586719,0.247342,-0.085098,0.479666,0.931705,0.000462,1.074358,-0.110916,-0.129746,0.685701,0.724991,0.190198,0.229342,-0.213376,0.710014
10052,200,-0.538858,0.062913,-0.553145,-0.551441,-0.035603,-0.44481,-0.589196,-0.202461,0.6111,-0.378161,-0.186856,0.198029,-0.276256,-0.288158,0.15768,-0.429687,-0.592971,-0.064257,-0.667421,-0.172825
10053,83,1.41232,1.629029,1.529432,1.356952,1.789079,1.416794,1.317025,2.527316,-0.648476,1.338557,0.410829,3.07195,1.452886,0.58883,0.168014,1.957356,-0.34993,1.076077,1.212928,2.494604
10054,376,-1.010321,0.216499,-0.89873,-0.900412,-0.400681,1.16853,1.747661,0.270601,1.374147,3.07654,-1.059924,0.025667,-0.24903,-0.728456,0.486027,2.847676,4.032102,2.821453,-0.529391,3.179239
10055,295,-0.101476,-1.400813,-0.161014,-0.205313,-0.311725,-0.798444,-0.981414,-0.767349,-0.801815,-0.521339,-0.671573,-0.947547,-0.686637,-0.497174,-0.897696,-0.968294,-0.915854,-0.805718,0.1208,-0.753819
10056,77,1.114105,-0.730617,1.162839,0.998595,0.721598,2.089571,0.999384,1.523931,1.242713,0.557457,2.07684,-1.208994,1.705351,2.078346,0.299686,1.839429,0.486953,1.444293,0.649913,1.232757
10057,441,0.892574,1.426574,0.841556,0.779031,-0.928729,0.124303,0.396746,0.217723,-1.258183,-1.23723,0.378346,0.838493,0.206398,0.396975,0.356021,0.98376,0.581119,0.912245,-0.557239,-0.021146
10058,109,-0.79163,0.458514,-0.802757,-0.734885,-0.624141,-0.731356,-0.470426,-0.771992,-1.185164,0.353322,-0.616352,-0.418666,-0.628223,-0.526437,0.690702,-0.553761,-0.247475,-0.869628,-0.58872,-0.498499
10059,319,-0.482055,-0.532817,-0.550673,-0.505082,-1.47955,-1.322832,-0.946385,-0.82358,-1.239928,-1.018918,-0.098791,1.783766,-0.187646,-0.201911,0.105345,-0.820913,-0.72729,-0.096699,1.669394,-0.315425
10060,349,-0.618382,-1.007538,-0.607104,-0.648993,1.383436,0.308132,-0.967854,-0.800881,2.363553,0.427038,-0.159426,-0.302729,-0.203487,-0.301139,-0.413676,-0.073111,-0.798345,-0.207002,0.823055,-0.257553
10061,89,0.145616,-0.94238,0.156563,-0.008501,1.198406,0.560187,0.136356,0.560267,1.111279,0.093901,0.38376,-0.870256,0.46926,0.053308,-0.511014,1.041885,0.413345,0.719215,0.451344,0.395687
10062,419,-0.842753,0.49342,-0.865778,-0.78096,0.38712,-0.844497,-1.002443,-0.984276,-0.717843,-0.192455,-0.428312,0.836678,-0.444567,-0.469672,-0.044328,-0.896252,-0.82633,-0.914398,0.774624,-0.65623
10063,562,0.310345,2.636649,0.470844,0.176365,0.600616,1.977758,2.086645,1.170295,1.15509,1.23649,-0.523235,-0.021506,-0.249525,-0.389146,-0.805359,1.283328,1.382525,0.694884,0.100217,0.887792
10064,370,0.631281,0.930909,0.701509,0.527612,0.075415,0.85962,1.158832,1.001086,1.326685,-0.087553,0.09394,-0.353531,0.052444,0.113593,-0.468679,0.765232,0.955794,0.772745,1.383649,0.109729
10065,546,-1.081325,-0.684076,-1.098091,-0.938523,-0.143774,-1.030979,-0.987817,-1.120082,0.267911,-0.111652,-0.702973,-0.45332,-0.747526,-0.602123,0.015008,-1.01893,-0.721952,-1.022105,-0.598406,-0.449704
10066,49,-0.181,0.700529,-0.208383,-0.26703,-0.629123,-0.518531,-0.518386,-0.388951,-0.00956,-0.796355,-0.618518,0.247017,-0.559909,-0.44305,-0.862028,-0.651568,-0.362861,0.007115,-0.500333,-0.695568
10067,412,-1.34347,0.556251,-1.327108,-1.098077,-1.186348,-0.830283,-0.645945,-1.129548,-1.962815,0.629755,-1.034299,-0.063236,-0.837621,-0.737829,-0.50868,0.070525,0.180914,-1.081636,-0.124989,0.298098
10068,417,0.389869,0.416627,0.450249,0.421527,1.113008,0.999861,0.795994,0.925768,0.9981,0.82822,3.482267,-0.006991,3.246381,2.995817,0.385689,0.749583,0.432244,1.556217,-0.043867,0.764104
10069,440,-0.896716,-0.486275,-0.83365,-0.805988,-0.513123,0.131884,0.072451,-0.329883,-1.177862,0.510676,-0.53334,0.288747,-0.029731,-0.488154,0.508028,1.168195,1.074496,0.954419,-0.651681,0.446751
10070,482,-0.18668,-1.216974,-0.191495,-0.308839,0.764297,0.21148,-0.388442,0.096492,-0.119089,0.509259,-0.889208,-1.167627,-0.873263,-0.604983,-0.863695,-0.612445,-0.615186,-0.487462,-0.431318,-0.381241
10071,291,0.236501,-0.044132,0.208462,0.09218,-0.458325,-0.115812,-0.369108,-0.018808,0.246006,-0.606396,-0.423981,-0.487793,-0.344076,-0.340302,-0.569683,-0.241898,-0.548209,0.011981,-0.644416,-0.37065
10072,198,1.435041,0.744743,1.463528,1.402458,-0.792091,0.728855,0.283751,0.484949,-0.1629,-1.064282,0.110182,-0.261,0.478665,0.305448,-0.50568,0.642834,-0.160272,0.067133,-0.77397,-0.150508
10073,542,0.174018,1.426574,0.112489,0.038995,-0.968582,-0.610256,-0.599491,-0.481036,0.103619,-0.850224,-0.368399,0.305076,-0.341105,-0.284418,-0.755357,-0.768936,-0.411933,0.144993,-0.223063,-0.442139
10074,320,-1.101206,-0.723636,-1.048251,-0.940514,0.693131,0.128093,-0.270425,-0.239088,-0.250523,1.416525,-0.135245,0.461109,-0.628223,-0.388486,1.14972,0.959727,0.270107,0.59107,0.804894,1.43777
10075,94,0.264902,0.125743,0.343154,0.144227,0.536567,0.965749,1.019472,1.01192,0.158383,0.006009,0.25852,-0.458037,0.415796,0.149676,0.73637,0.652335,0.556252,1.089053,-0.673475,-0.103983
10076,116,-1.470424,-0.821373,-1.368711,-1.165198,-0.123848,0.378253,0.048094,-0.666494,-1.849636,1.252083,-0.331946,-0.431729,0.204913,-0.514776,3.769827,2.354171,2.013834,1.830352,0.399281,0.683158
10077,429,-0.399691,-0.376903,-0.45264,-0.436823,-1.238299,-1.12043,-0.938852,-0.7885,-1.287391,-1.043018,-0.39619,-0.604636,-0.374767,-0.376165,0.098678,-0.767818,-0.879016,-1.001343,-0.138308,-0.989091
10078,518,-0.354249,-0.248914,-0.30971,-0.460145,1.810429,1.170425,-0.509095,0.106035,-0.374655,1.379668,0.135085,-0.086823,0.15343,-0.131286,-0.58935,-0.122294,-0.591645,0.104441,-0.288445,-0.187576
10079,323,1.764497,0.516691,1.809525,1.732374,1.468835,1.575986,2.105477,2.617595,2.765157,0.553204,0.595621,-0.351717,0.567276,0.631953,-0.518681,-0.065287,0.000208,0.307203,0.864222,-0.170177
10080,248,-0.9876,1.380033,-0.986877,-0.875668,0.014925,-0.606466,-0.81619,-0.845247,0.311723,0.069801,-0.561131,0.501025,-0.677726,-0.521376,0.049342,-0.845505,-0.699073,-0.900448,0.125643,-0.444787
10081,280,1.429361,1.701168,1.40998,1.374017,0.401353,0.776234,1.296937,1.230911,0.329977,-0.084717,0.833467,-0.391632,0.72024,0.644934,0.117012,-0.055227,0.264801,0.183924,-0.749754,-0.131973
10082,391,-1.531771,-0.57005,-1.511641,-1.196199,0.536567,-0.5697,-1.114873,-1.26182,0.633006,1.159939,0.40325,1.56423,0.148975,-0.252735,2.926459,-0.325173,-1.057501,-1.913447,-0.229117,1.112474
10083,462,0.077453,1.791923,0.011573,-0.024997,-1.879499,-0.98758,-0.678462,-0.813778,-0.381957,-1.200372,-0.626819,-0.55456,-0.563869,-0.43601,-0.561682,-0.485576,-0.403976,-0.880172,-0.775181,-0.719776
10084,406,0.571638,-1.030809,0.507915,0.41271,-0.100363,-0.366351,-0.424349,-0.093868,-0.27973,-0.573791,-0.600833,-1.051691,-0.562879,-0.407187,-1.027701,-0.727578,-0.450396,-0.4946,-0.671053,-0.822282
10085,416,-1.341198,0.560905,-1.333287,-1.091251,0.57215,-0.810194,-0.857873,-0.937589,0.779043,0.45539,0.090331,3.013891,-0.052998,-0.333702,2.566444,-0.488371,-0.604244,-0.506441,1.198399,0.300746
10086,411,-0.876835,-0.572377,-0.867014,-0.801153,0.806996,-0.498443,-0.732448,-0.622129,-0.3564,0.085395,-0.752419,0.308704,-0.754456,-0.589582,-0.627685,-0.901115,-0.707363,-0.699633,-0.407102,-0.604031
10087,474,-0.922277,-0.853952,-0.888021,-0.841823,0.308838,0.048497,-0.472686,-0.856596,0.180289,0.789944,-0.927466,-1.231674,-0.774752,-0.676334,-0.855694,0.304702,-0.143362,-0.828103,-1.019759,0.331763
10088,96,-0.553058,-0.337343,-0.584037,-0.579597,0.579267,-0.64001,-0.802254,-0.503219,0.322675,0.503588,-0.141019,0.533683,-0.225763,-0.349763,-0.536015,-0.765024,-0.682495,0.550517,0.200712,-0.146347
10089,232,-0.825712,3.378983,-0.872369,-0.762473,-1.320851,-1.30009,-1.052512,-1.095861,0.121873,-0.640418,-0.654249,0.780434,-0.681686,-0.547338,-0.894029,-1.043186,-0.950636,-1.358853,-0.167367,-0.476939
10090,354,-0.848433,-1.214647,-0.853833,-0.76873,-1.680948,-0.828198,-0.549271,-0.88239,-0.444023,-0.278929,0.061457,-0.739624,0.229665,-0.252955,-0.500013,0.469017,0.436223,0.472657,1.268624,0.391905
10091,240,-0.138398,-0.858606,-0.189023,-0.22636,-0.151602,-0.720933,-0.524161,-0.299446,-0.345447,-0.878576,-0.292245,-1.008146,-0.430706,-0.289258,-0.190334,-0.72646,-0.457359,-0.124275,-0.189161,-0.756845
10092,378,-0.132717,-0.963324,-0.152364,-0.211286,-0.973563,-0.546958,-0.581412,-0.62445,-0.071627,-0.542604,-0.95634,-1.224961,-0.873758,-0.637765,-0.609684,0.243782,-0.247475,-0.558023,-0.286024,0.4059
10093,177,0.662522,0.190901,0.713866,0.506281,0.138753,0.971434,1.136233,1.025075,-0.064325,0.061296,-0.366234,0.121827,-0.190121,-0.192451,-0.137999,0.864156,0.723363,1.027414,-0.45069,0.298477
10094,33,1.460602,1.670916,1.480004,1.442275,-0.167259,1.280343,0.965486,0.696717,0.151081,-0.026596,0.543648,-1.107935,0.327681,0.612372,-0.675354,0.430453,0.102,-0.34926,-0.618989,0.03824
10095,251,-0.746188,-0.195392,-0.769805,-0.703884,-0.207111,-0.842033,-0.783673,-0.728142,0.081713,-0.490152,-0.045014,-0.67848,-0.090125,-0.293659,-0.220335,-0.828738,-0.644696,-0.425174,0.287889,-0.882802
10096,224,-0.243483,-0.528162,-0.305591,-0.308554,-0.8476,-1.030979,-0.668669,-0.628319,-1.152306,-0.858729,-0.405935,-0.591754,-0.406944,-0.344483,-0.33634,-0.806941,-0.308484,-0.444315,-0.692847,-0.491312
10097,186,1.187949,-0.16514,1.096935,1.098139,-0.745834,-0.372605,-0.089257,0.237843,-0.695938,-1.211713,-0.532258,-1.344707,-0.519316,-0.251195,-1.391716,-0.91084,-0.589324,-0.823561,-1.192902,-1.024268
10098,85,1.230551,-0.179102,1.19991,1.194838,0.169354,0.018175,0.561216,1.006761,1.169694,-0.365403,1.063013,0.468367,0.948449,0.885853,-0.190001,-0.502343,-0.127115,0.38993,0.38233,-0.015094
10099,422,-0.714947,-0.760869,-0.68001,-0.701609,0.885278,0.236117,-0.223847,-0.101864,0.271562,0.057043,-0.575929,-0.876244,-0.593571,-0.537878,-0.385675,-0.303376,-0.185139,0.201767,-0.2497,-0.685733
10100,104,-1.033042,0.000082,-1.011592,-0.906669,0.251194,-0.351758,-0.738851,-0.952034,1.480024,0.285277,-0.181081,0.575413,-0.279227,-0.378585,0.184681,-0.183773,-0.102578,-0.516173,0.793997,-0.130082
10101,461,3.775318,1.624375,3.910226,5.250529,0.856812,1.790138,3.448859,3.094784,0.910477,-0.931027,7.730307,0.161743,7.813534,11.041842,0.203015,1.579542,1.613298,2.30076,-0.432529,0.288642
10102,142,-0.766069,-0.460677,-0.754153,-0.730619,0.913744,-0.179679,-0.859881,-0.781794,-0.608315,0.400103,-0.436253,1.253978,-0.459913,-0.417088,-0.125665,-0.454278,-0.673542,-0.369211,0.275781,-0.101713
10103,380,-0.811511,-1.472952,-0.774748,-0.763895,1.945643,0.128093,-0.12303,0.169746,0.753487,0.8991,-0.537671,-0.41921,-0.523277,-0.534577,-0.135332,-0.430804,-0.360872,-0.025327,0.065104,-0.027954
10104,123,0.105854,-1.954655,0.095189,-0.040355,0.977793,0.105352,-0.004762,0.228557,0.162034,0.173287,-0.405213,-0.652898,-0.464368,-0.355263,-1.07437,-0.710811,-0.101915,0.033069,-0.174631,-0.373298
10105,428,-0.851273,-0.621245,-0.885549,-0.778684,-1.056827,-1.250816,-0.942995,-0.908442,-1.097542,-0.186785,-0.951648,-0.453139,-0.939597,-0.67398,-0.386009,-1.073925,-0.745891,-0.909532,-0.054764,-0.536324
10106,396,-0.17532,-0.093001,-0.159366,-0.275278,0.678898,0.196319,-0.037656,0.126155,-0.020513,-0.2846,-0.691424,0.208915,-0.669806,-0.463072,-0.533015,-0.330203,0.038007,0.303959,-0.895048,-0.503416
10107,66,-1.324157,0.400337,-1.31228,-1.096371,0.57215,-0.504318,-0.842179,-0.873878,-0.345447,0.877836,-0.613826,1.440855,-0.597036,-0.57506,1.159721,-0.4431,-0.489189,-0.399545,0.272148,0.167223
10108,170,-0.513297,-1.605595,-0.540376,-0.542624,0.458285,-0.654413,-0.614306,-0.307442,0.538081,-0.460382,-0.610577,-1.000163,-0.592086,-0.503995,0.334687,-0.764465,-0.499468,0.099574,-0.15768,-0.585118
10109,481,-0.064554,-0.011554,-0.133416,-0.147862,-1.170692,-0.96806,-0.738851,-0.727884,-0.849277,-0.972138,-0.265537,-0.526982,-0.401004,-0.262416,-1.112371,-0.819237,-0.550198,-0.895582,-1.201377,-0.596844
10110,313,-0.734828,-1.994215,-0.751269,-0.699049,-0.739429,-0.846202,-0.943246,-1.032073,0.078062,-0.25483,-0.988823,-1.554264,-0.870788,-0.679833,-0.972366,-0.675042,-0.724936,-1.156415,-0.026916,-0.697081
10111,53,1.162387,-0.137215,1.166958,1.075386,1.312271,0.836879,1.109868,1.472343,1.023657,0.042867,1.546647,0.682459,0.995477,1.286504,-1.047369,0.230928,-0.123467,-0.41755,0.750408,0.503489
10112,296,-0.913757,-1.614903,-0.940332,-0.828172,-0.79565,-1.082717,-0.959693,-0.9087,-1.3239,-0.352645,-0.829657,-0.344459,-0.791583,-0.643486,-1.187708,-0.74155,-0.702057,-0.389812,1.073688,-0.138782
10113,114,-1.534044,-0.805083,-1.488162,-1.205869,1.326504,-0.423205,-0.596101,-0.765543,-0.593711,1.918357,-0.861418,-1.143859,-0.748516,-0.690217,0.40669,-0.187126,0.023087,-0.226467,-0.41921,0.004197
10114,243,-0.107156,1.042608,-0.141243,-0.184551,-1.133686,-0.687389,-0.525166,-0.657209,-0.140994,-1.206042,0.106573,-0.290029,-0.018345,-0.008956,-0.896696,0.066613,0.060223,-0.279996,0.658389,-0.267766
10115,140,-1.246621,-1.703331,-1.265735,-1.042048,-0.274719,-1.200026,-1.114873,-1.26182,0.333628,0.201639,-0.74484,-1.307876,-0.81584,-0.617744,-0.333673,-1.10785,-1.057501,-1.913447,0.269727,-0.217458
10116,152,-1.248609,-0.91911,-1.161112,-1.008772,0.771413,1.052926,4.042709,0.764814,2.688487,4.275833,1.513443,2.625622,0.597473,0.209301,1.309727,3.93361,12.07268,6.649601,1.806213,9.851593
10117,268,-0.357089,-0.716655,-0.394974,-0.405822,-0.150179,-0.798824,-0.625229,-0.845247,0.724279,-0.724057,-0.615991,0.003895,-0.65347,-0.486174,-0.50768,-0.206687,-0.199065,-0.88666,0.652335,-0.619539
10118,91,0.352947,0.807574,0.339035,0.208504,-0.310301,-0.014043,0.293795,0.668344,-0.345447,-0.259083,-0.333029,-0.681383,-0.391599,-0.239754,0.947045,-0.058021,0.444844,0.946309,0.504619,-0.625213
10119,255,-0.047513,-0.521181,-0.022203,-0.149284,0.94221,0.446478,0.114133,0.091333,0.351883,-0.212302,0.071563,-0.738535,-0.150024,-0.101144,-0.230002,0.073319,-0.023333,0.263406,0.009408,-0.41604
10120,559,-0.743348,1.079841,-0.718729,-0.714976,-0.26689,-0.04247,0.28124,-0.202977,-1.546608,0.411444,-0.600472,3.061064,-0.460408,-0.514116,0.386356,0.242665,0.845049,0.141749,-0.685583,0.356727
10121,14,-0.112836,0.772668,0.06718,-0.217827,1.191289,2.368158,1.556825,0.808147,0.939685,1.98782,-0.696838,-0.086823,-0.398529,-0.464832,-0.204001,1.893642,0.766467,0.727326,-0.112881,1.625761
10122,100,-0.146918,1.324183,-0.161426,-0.205313,-0.105345,-0.364456,-0.032007,-0.103928,-0.739749,-0.579461,0.185253,0.132713,-0.002504,0.061669,-0.389675,-0.592325,-0.179834,-0.304165,-0.713431,-0.544646
10123,353,0.270583,1.50104,0.248417,0.175512,0.429819,-0.126046,0.435666,0.42846,-0.601013,0.261178,0.895907,0.524611,0.647471,0.506764,1.159721,-0.065287,0.571172,0.918733,0.079633,0.405522
10124,543,-0.260524,2.04092,-0.291999,-0.331307,-0.686767,-0.674123,-0.739856,-0.417067,-0.670381,-0.707046,-0.613826,0.689717,-0.656935,-0.494754,-0.689354,-0.657157,-0.560808,-0.434582,-0.399837,-0.927436
10125,165,0.239341,0.109454,0.145441,0.100428,-0.86468,-0.963133,-0.870428,-0.761674,-1.082938,-1.437112,-0.798256,-0.275514,-0.782178,-0.521376,-1.135706,-0.977795,-0.783358,-0.870115,-0.15768,-0.860485
10126,43,-0.240643,0.230461,-0.191495,-0.311967,0.550801,0.744016,0.121415,0.326574,0.592845,0.711976,-0.1255,-0.711138,-0.217348,-0.198171,-0.656353,-0.224013,-0.33302,-0.362723,-0.405891,-0.180768
10127,201,0.969258,0.007063,0.952769,0.843876,-0.475405,0.292971,0.185822,0.669634,-1.115796,-1.118151,-0.029134,-0.705151,0.109867,0.008645,-0.317006,0.011841,-0.157951,0.268273,-0.557239,-0.430035
10128,108,2.312645,0.08851,2.50564,2.429179,2.579016,3.268353,4.238567,3.440423,2.717694,1.0763,2.922839,0.595371,3.556271,2.852806,-0.175333,3.420544,2.39083,2.109352,1.280732,0.469825
10129,328,0.60856,0.330525,0.61501,0.451674,1.461718,0.522284,0.740752,0.927574,0.497921,-0.003914,0.116678,0.027481,0.199963,0.089611,-0.114664,-0.259782,0.019439,0.344511,-0.627465,-0.380484
10130,439,-0.030472,-0.844644,-0.097993,-0.137624,-1.188483,-0.919734,-0.852851,-0.577763,-0.812768,-0.983478,-0.689258,-1.019577,-0.623768,-0.463952,-0.734689,-0.907654,-0.752025,-0.168071,-1.069402,-0.639587
10131,162,1.551487,-0.265204,1.595336,1.590169,1.113008,1.1799,2.033914,2.055287,0.786345,-0.280347,1.195471,-0.306358,0.9534,1.248221,-0.9947,-0.151357,0.278396,0.200144,-0.445847,-0.18039
10132,325,-0.413892,-0.463005,-0.441519,-0.469246,0.458285,-0.524975,-0.713993,-0.71834,-0.381957,-0.419272,-0.704417,-0.483257,-0.643569,-0.500035,-0.077329,-0.892228,-0.616844,-0.863302,0.003354,-0.760627
10133,183,-0.771749,-1.016847,-0.759507,-0.719243,-0.410645,-0.431923,-0.33885,-0.652824,-2.353466,-0.08897,-0.255431,-0.197498,-0.477239,-0.386506,0.105011,0.659601,0.903737,0.863582,0.134119,0.374127
10134,197,1.122625,0.593484,1.047507,1.049789,-1.611917,-0.339629,0.26994,0.228557,-0.151947,-1.332209,0.833828,0.159928,0.715785,0.792566,-0.50368,1.535949,0.968393,0.42886,0.103849,0.469446
10135,498,1.239071,-0.411809,1.208148,1.17493,0.344421,0.518494,0.757073,1.106842,0.074411,0.59148,1.397226,-0.311801,0.982606,1.219619,0.31102,0.372328,0.413013,0.638111,-0.529391,0.552283
10136,477,-0.064554,-0.621245,-0.123531,-0.157817,-1.998346,-0.969387,-0.83565,-0.916438,0.005043,-1.054359,-0.901119,-1.162366,-0.729704,-0.578801,-1.244377,-0.689014,-0.729114,-1.12965,-0.893838,-0.642991
10137,421,0.159817,-1.235591,0.257479,0.003444,0.479635,1.502076,0.705598,0.363201,1.001751,1.596561,0.508999,0.533683,0.954885,0.2005,0.97838,1.506886,0.692527,0.649465,0.724982,0.623773
10138,374,-0.124197,-0.749234,-0.170076,-0.215552,-0.949367,-0.769449,-0.793968,-0.737944,0.220449,-0.865817,-0.846981,-1.288644,-0.739605,-0.579461,-0.937031,-0.536994,-0.669895,-0.885849,-0.134675,-0.611974
10139,470,-1.266786,-0.186084,-1.255437,-1.040342,-0.491062,-0.791432,-0.744752,-0.871299,1.556694,0.18888,-0.099513,0.241574,-0.147053,-0.387386,0.153347,-0.312319,-0.157619,-0.310329,-0.114092,0.04467
10140,382,-0.58998,0.798266,-0.544495,-0.588983,-1.922199,0.056078,-0.117631,-0.493675,-2.222032,0.537611,-1.031411,0.393979,-0.538623,-0.67739,-0.666353,1.124602,0.369909,0.790588,0.503408,1.347746
10141,510,-0.678025,-1.070369,-0.644999,-0.650984,-1.093833,-0.146514,-0.270425,-0.581116,-1.141353,0.677954,-0.767939,-1.043526,-0.752971,-0.600582,-0.01966,0.764673,0.274417,0.565116,0.249143,1.145003
10142,132,0.577318,0.523672,0.586176,0.440582,0.315955,0.455954,0.194611,0.185997,1.271921,-0.551109,0.101159,0.087354,-0.01092,0.07355,-0.721356,-0.332998,-0.321746,-0.41609,-0.628676,-0.537837
10143,545,-0.144078,0.916946,-0.196849,-0.232332,-0.277565,-0.69876,-0.741488,-0.631673,-0.538947,-0.678694,-0.213564,0.216173,-0.396054,-0.200151,-0.391009,-0.25084,-0.387397,-0.443179,0.039678,-0.458404
10144,121,1.287353,-0.504892,1.212267,1.200527,0.643316,0.107247,0.714386,0.973229,0.563638,-0.094641,1.110294,0.660687,1.004388,1.10301,0.353688,-0.249722,0.050607,0.683529,-0.011175,0.293181
10145,45,1.284513,-0.393193,1.307005,1.197683,0.96356,1.217803,1.363478,1.340793,0.348232,-0.327128,0.807481,-1.004336,0.706379,0.686958,-0.249003,0.808267,0.78404,0.836006,0.452555,-0.098309
10146,333,-0.817192,-1.049425,-0.848066,-0.753372,-0.94652,-1.132559,-1.102648,-1.185959,-0.140994,-0.281764,-0.688536,-0.400523,-0.661885,-0.555919,-0.474679,-1.025804,-1.025216,-1.436389,-0.428896,-0.667577
10147,134,1.227711,0.609773,1.162839,1.194838,-0.146621,-0.137417,0.332715,0.504294,-0.436721,-0.783596,0.688377,-0.026949,0.445498,0.616332,-0.346674,-0.629212,-0.110868,-0.429553,-0.68074,-0.601383
10148,182,0.446671,0.237443,0.380225,0.317717,-0.027775,-0.309875,-0.287124,0.07663,-0.706891,-1.03593,-0.127304,-0.121295,-0.227743,0.014145,-0.805026,-0.159181,-0.409612,-0.329146,-0.614146,-0.516277
10149,519,-0.39117,-0.602629,-0.389619,-0.458154,1.14859,0.139464,-0.62774,-0.48929,1.125883,0.486577,-0.07858,-0.388004,-0.183686,-0.257796,0.156013,-0.551526,-0.401986,-0.421281,-0.301764,-0.062753
10150,207,0.81873,0.225807,0.730342,0.70935,-0.614889,-0.5932,-0.242302,0.128476,0.782694,-1.498069,0.651924,-0.655801,0.613809,0.618752,-0.667687,-0.583942,-0.412265,-0.091833,0.29031,-0.459161
10151,99,0.083133,0.111781,0.103427,-0.035236,0.082532,0.184948,0.063788,0.244291,0.246006,0.156275,-0.417485,1.15056,-0.242594,-0.296739,0.321353,0.194041,0.043644,0.396418,-0.717063,0.248547
10152,366,1.724735,1.75469,1.718907,1.647051,0.191415,1.185586,0.945398,2.001119,0.231402,-0.368238,2.060599,1.224948,2.109791,1.391892,0.466026,1.188316,0.90009,2.20019,2.004782,0.185758
10153,180,3.718515,0.600465,3.712513,4.536659,0.927977,1.649897,2.489659,3.58229,-0.042419,-0.722639,1.555309,0.479253,1.462291,1.944135,-0.803359,-0.006044,-0.026649,0.099574,-0.580244,-0.396371
10154,318,-1.444295,-0.090674,-1.313928,-1.167189,0.236249,1.759816,1.364734,0.004149,1.892581,3.491898,0.217014,1.259421,0.446983,-0.355043,0.934712,2.259159,2.347726,2.185591,1.73962,1.544058
10155,501,-0.087275,1.210157,0.014868,-0.167771,1.411902,1.208328,0.588837,0.481596,1.691779,1.356986,0.252385,0.564527,0.053434,-0.028318,0.879709,0.731139,0.095037,0.707861,0.45982,1.210441
10156,229,-0.368449,0.70751,-0.276346,-0.431419,0.885278,1.431955,1.013195,0.507906,1.136836,1.381085,-0.357572,-0.268257,-0.301503,-0.334582,-0.019327,0.732257,0.495243,0.518075,-0.453112,0.68921
10157,7,-0.118517,0.35845,-0.072867,-0.218965,1.604049,1.140102,0.061026,0.28195,1.403355,1.660353,0.643623,0.290561,0.490051,0.233722,0.588031,0.268933,-0.232554,0.435349,-0.688004,0.611669
10158,247,-0.351408,-1.205339,-0.289115,-0.405822,-0.623429,0.573453,0.61018,-0.235219,-0.787211,0.18321,-0.731486,-1.409116,-0.234179,-0.527757,-0.513347,1.701382,1.647449,0.308825,-0.954377,1.422261
10159,494,-0.274725,0.290965,-0.325775,-0.330454,-1.637537,-0.977725,-0.888883,-0.937847,-0.360051,-0.555362,-0.29405,0.464738,-0.267346,-0.3139,0.253684,-0.277108,-0.612865,-1.010913,0.038467,-0.413771
10160,174,-0.98476,-0.963324,-1.008296,-0.868274,-0.600656,-1.162123,-1.114873,-1.26182,0.424902,-0.43203,-0.268063,1.284821,-0.351996,-0.403887,0.557363,-0.855565,-1.057501,-1.913447,1.465982,-1.05642
10161,340,0.083133,-0.639862,0.089834,-0.038933,0.08182,0.181157,-0.109596,-0.17254,0.366487,0.187463,-0.202376,-0.809657,-0.09359,-0.18035,-0.82136,0.282346,0.215729,0.102819,-0.21943,-0.159586
10162,125,-0.078755,-0.483948,-0.145362,-0.188249,-0.605638,-0.814553,-0.936592,-0.96751,-0.721494,-0.552527,-0.673739,-0.654531,-0.678716,-0.493434,-0.814026,-0.91151,-0.754877,-1.13257,-0.977382,-0.789374
10163,209,0.324545,-1.484587,0.255419,0.200825,-1.034766,-0.796739,-0.375134,-0.447504,-1.652485,-1.068535,-0.692146,-1.549547,-0.663865,-0.447451,-0.916697,-0.733167,-0.44708,-0.717476,-1.332263,-0.809043
10164,347,0.179698,-1.058734,0.119491,0.03928,-0.541589,-0.502991,-0.53634,-0.351808,-1.061032,-0.521339,-0.225114,-1.4855,-0.162894,-0.248115,-0.769691,-0.582265,-0.442438,-0.18267,0.131697,-0.382754
10165,332,-0.825712,0.132725,-0.825,-0.761051,0.643316,-0.692695,-1.052023,-1.066224,0.468713,-0.356897,-0.38825,1.35921,-0.449022,-0.455811,1.949753,-0.806941,-0.948182,-1.107752,2.65013,-0.69292
10166,361,-0.234963,0.530653,-0.27717,-0.309407,-0.750104,-0.769638,-0.695035,-0.636573,0.012345,-0.827542,-0.516377,0.584485,-0.414865,-0.425889,-0.514347,-0.28102,-0.462332,-0.875468,-0.272705,-0.695568
10167,500,0.259222,-0.59332,0.278486,0.098153,0.175759,0.607566,-0.145504,0.322447,-0.524343,0.835308,-0.119725,-0.679569,-0.278237,-0.120945,-0.972699,-0.407331,-0.395687,-0.284862,-1.209853,-0.211028
10168,300,1.534446,-0.090674,1.545908,1.598701,1.326504,1.134417,1.643454,1.477501,-0.071627,0.385927,2.547481,-0.101337,2.163749,2.038743,-0.32834,0.366181,0.811892,0.897646,-0.206112,0.375262
10169,283,0.600039,-0.120926,0.693271,0.427215,0.728714,1.437641,1.330836,1.073052,0.235053,0.573051,-0.425425,-0.543493,-0.199032,-0.269457,-0.826026,0.521553,0.226339,0.047667,-0.806661,0.108216
10170,107,-0.501936,-0.174448,-0.533785,-0.535229,-0.824827,-0.685873,-0.783045,-0.766317,-0.765306,-0.303028,-1.029607,-0.585041,-0.998803,-0.684475,-1.194708,-0.838798,-0.670558,-1.011886,-0.972539,-0.922519
10171,131,0.378508,0.044296,0.40082,0.267377,0.913744,0.34035,0.725686,0.82414,0.435855,-0.685782,0.249497,-0.781898,0.112838,0.175418,-0.267004,-0.594561,-0.124794,-0.140496,-0.795764,-0.504551
10172,303,-1.033042,-0.158159,-1.034246,-0.911788,0.742947,-0.711836,-0.826485,-0.802687,-1.203419,0.453972,-0.926383,0.628029,-0.90643,-0.665707,0.611365,-0.900724,-0.458022,-0.421281,-0.318715,-0.180768
10173,567,1.838341,2.336457,1.982524,1.735218,1.525767,3.272144,3.296944,2.658866,2.137194,1.043695,1.157935,0.686088,1.43853,1.009503,-0.173,2.017716,1.302285,0.785721,0.326634,0.904057
10174,507,-0.871154,-0.504892,-0.853421,-0.820208,1.639632,0.052287,-0.604764,-0.160932,0.519826,2.404595,-0.820273,-0.339016,-0.766337,-0.616864,1.859749,-0.111675,-0.460674,0.170947,0.200712,1.708976
10175,3,-0.768909,0.253732,-0.592687,-0.764464,3.283553,3.402909,1.915897,1.451707,2.867383,4.910919,0.326373,-0.110409,0.286593,-0.288378,0.689702,2.74428,0.819518,1.115007,4.73268,2.047511
10176,516,1.187949,0.300273,1.187553,1.129424,0.742947,0.387729,0.855002,1.17597,0.176638,-0.480229,0.504307,-0.534058,0.174221,0.59455,-0.288338,-0.374915,-0.091637,-0.216734,-0.599617,-0.404693
10177,143,-0.348568,-0.78414,-0.338956,-0.405822,-0.682497,-0.17532,-0.500433,-0.465301,-0.12274,-0.063453,-0.688897,-0.808569,-0.58268,-0.521376,-0.57235,-0.550408,-0.55683,-0.683249,0.060261,-0.721667
10178,398,-0.871154,-1.03779,-0.89214,-0.786932,-1.348605,-1.073809,-0.774382,-1.074916,-1.009919,-0.093223,-0.792843,-0.959341,-0.793563,-0.601903,-0.927364,-0.602944,-0.414254,-1.237358,-1.045186,-0.097552
10179,530,-0.675185,-0.402501,-0.662299,-0.659801,0.77853,-0.136659,-0.451719,-0.116567,-0.77991,0.563128,0.119927,1.252163,0.140064,-0.212912,-0.151332,-0.409566,-0.481563,0.221232,-0.26544,-0.558641
10180,119,1.085703,0.167631,0.915698,0.930337,-0.878202,-0.703498,-0.199239,0.181612,1.158741,-1.778754,0.52488,-0.005177,0.243031,0.301488,-1.0057,-0.95326,-0.297873,-0.313574,3.583645,-0.715993
10181,259,0.398389,3.320807,0.483201,0.256,0.707364,1.128731,1.083503,0.904617,1.020006,0.524852,-0.589283,0.110941,-0.476744,-0.381005,-0.565349,0.004575,-0.099594,-0.255665,-1.282863,-0.164881
10182,450,-0.641103,0.523672,-0.62358,-0.633919,-2.151351,0.039021,-0.012923,-0.646375,-1.688994,0.470983,-0.538393,0.6117,-0.451002,-0.44217,-0.062329,1.964621,1.151752,0.605669,0.362957,1.940466
10183,192,-1.251733,-0.248914,-1.286742,-1.043186,-1.911524,-1.533193,-1.114873,-1.26182,-0.579108,0.237079,-0.185052,6.655279,-0.314869,-0.410268,-1.776065,-1.04749,-1.057501,-1.913447,2.112542,-0.796939
10184,514,0.262062,-0.051114,0.217936,0.133704,-0.299627,-0.348157,-0.175008,-0.14365,-0.914994,-0.517087,-0.069196,-0.034207,-0.116857,-0.040639,-0.696355,-0.512962,-0.073732,-0.384946,-1.092406,-0.785592
10185,241,-0.484895,-0.988922,-0.550261,-0.507357,-1.216949,-1.334392,-0.982669,-0.976022,-0.969759,-0.745321,-1.046209,-0.984016,-1.044049,-0.689337,-1.258711,-1.148426,-0.842212,-1.303215,-0.404681,-0.921006
10186,402,-0.331527,-0.232625,-0.320832,-0.368849,-1.62615,-0.480439,-0.605518,-0.776119,0.227751,-0.539768,-0.61166,0.149042,-0.232199,-0.44283,-1.137372,0.651217,0.08708,-0.185915,0.699555,-0.034006
10187,148,0.088814,-0.956343,0.08242,-0.042062,0.237673,-0.04247,-0.049332,0.165104,-0.319891,-0.281764,-0.593975,-0.866265,-0.369322,-0.421048,-0.445011,-0.140179,-0.024991,0.508343,-0.726749,-0.479208
10188,395,-0.019112,-0.490929,-0.091402,-0.130229,-1.132262,-0.961427,-0.778274,-0.423257,-0.622919,-0.731145,-0.919526,0.849379,-0.806434,-0.608723,-0.556682,-0.712488,-0.682163,-0.428418,-0.405891,-0.889233
10189,299,-1.027362,0.884367,-1.034658,-0.912073,0.36577,-0.689284,-0.801626,-0.778182,-0.425768,0.391598,-0.42723,-0.133996,-0.285662,-0.43513,1.043049,-0.617475,-0.440448,0.114173,1.706929,-0.689894
10190,149,-0.109996,-0.321053,-0.158542,-0.198772,-1.204139,-0.76907,-0.753164,-0.919018,-1.236277,-0.991984,-0.560049,-0.833607,-0.640104,-0.415108,-1.40105,-0.5342,-0.467306,-0.96809,-0.878097,-0.688003
10191,60,-1.123927,-1.026155,-1.129395,-0.975496,1.212639,-0.449737,-0.978777,-0.929077,3.400421,0.96431,0.399279,0.406679,0.220754,-0.125786,0.15768,-0.809735,-0.803352,-0.584464,2.577483,0.816303
10192,61,-1.570397,0.393356,-1.536767,-1.23175,1.988342,-0.278795,-0.738224,-1.022993,0.059807,0.676536,-0.169532,1.542458,-0.184676,-0.482873,1.62974,0.343266,-0.06279,-0.411548,1.577375,-0.282517
10193,126,-0.146918,1.256698,-0.173371,-0.234039,-0.269025,-0.487451,-0.451343,-0.466075,-0.184806,-0.212302,-0.628624,-0.384375,-0.551493,-0.451191,-0.984366,-0.767818,-0.462001,-0.797445,-0.885362,-0.881289
10194,372,2.057032,-0.974959,2.031952,2.079354,0.266139,0.893733,1.310748,1.975325,0.589194,-0.137169,-0.230167,0.167186,-0.227248,-0.028098,-0.871695,0.071084,0.082106,0.265028,-0.459166,0.216396
10195,82,3.150487,1.307894,3.275896,3.478653,0.707364,3.073153,3.077232,3.49717,0.063458,0.711976,1.776193,0.466552,2.235529,1.75272,0.375022,1.75783,0.842397,1.379409,-1.197745,0.793608
10196,425,-1.163689,0.463168,-1.185414,-0.988579,-1.081023,-1.236034,-1.083862,-1.128748,-0.663079,0.225738,-0.794286,0.225245,-0.832671,-0.632265,-0.439011,-1.105559,-0.988733,-1.341334,-0.737646,-0.523463
10197,337,1.318595,0.498074,1.274053,1.243188,-0.37008,0.679581,0.215954,0.309034,0.516175,-0.278929,0.855484,0.568156,0.744002,1.054166,0.169014,0.754054,0.240265,1.03228,0.137751,0.2459
10198,386,-0.544538,-1.209993,-0.543259,-0.548596,-1.087428,-0.494842,-0.256238,-0.6082,-0.604664,-0.178279,-0.500136,-0.700252,-0.380708,-0.448331,-0.878695,0.267256,0.38284,-0.150228,-0.161313,0.31285
10199,184,0.327386,0.726127,0.286312,0.158448,-0.412068,0.01628,-0.440043,-0.420162,-0.308938,0.05279,-0.721019,-1.308602,-0.753466,-0.457791,-1.250377,-0.644302,-0.469295,-0.93873,-1.068191,-0.46143
10200,58,-0.305966,0.004736,-0.3855,-0.363161,-1.121587,-1.259344,-1.106185,-1.154336,0.026949,-1.103975,-0.00423,-0.005177,-0.134183,-0.162308,0.150013,-0.943703,-1.034556,-1.23752,0.164388,-0.304456
10201,88,-0.501936,0.584176,-0.502069,-0.536936,-0.614889,-0.187449,-0.359691,-0.295835,0.432204,0.176122,-0.387528,0.517354,-0.328235,-0.426549,0.023675,-0.030635,-0.161266,0.183924,-0.116514,0.252708
10202,117,0.21094,-0.60961,0.274778,0.078528,1.411902,1.147683,1.006917,1.039777,1.260968,0.69213,0.077338,-0.48616,0.060859,0.018546,-0.01866,0.008487,-0.059143,0.148237,-0.547553,0.033701
10203,459,-1.241793,2.073499,-1.247611,-1.035222,-1.175673,-1.100721,-0.921401,-0.992788,-0.695938,-0.464635,-0.819551,0.853008,-0.803464,-0.639305,-0.150999,-0.714164,-0.576724,-0.92332,-0.581455,-0.577553
10204,221,-0.161119,-1.254207,-0.139183,-0.266177,0.621966,0.2816,-0.128052,-0.113729,0.549034,0.032944,-0.535145,-1.304066,-0.42328,-0.424789,-0.396676,-0.130678,-0.213986,-0.557375,-0.256965,-0.33169
10205,223,0.460872,0.22348,0.437892,0.302644,0.436936,0.304342,0.325182,0.404988,0.450458,0.032944,-0.208872,-0.536961,-0.307938,-0.17925,-0.758357,-0.097144,-0.267037,-0.512443,-0.34172,-0.251123
10206,128,0.276263,-0.674768,0.313497,0.055775,1.326504,1.447116,0.313883,0.939439,0.691421,0.265431,0.092858,-0.270071,-0.034681,-0.010937,0.655034,0.915016,0.00485,1.749247,0.361746,0.449777
10207,294,-0.399691,-1.282132,-0.419688,-0.462989,0.022041,-0.386818,-0.953165,-0.765543,-0.633872,-0.25483,-0.810167,-0.950269,-0.755446,-0.593102,-0.325673,-0.764465,-0.839858,-0.619339,-0.823612,-0.908902
10208,541,0.097334,1.32651,0.15821,0.004297,-0.568632,0.353616,0.151924,-0.258434,0.220449,0.086813,-0.54489,-0.250114,-0.124282,-0.379025,0.032342,1.176579,0.212082,-0.028571,0.016673,0.876066
10209,111,-0.425252,0.342161,-0.404448,-0.496265,0.211341,0.313818,0.222232,0.291236,-0.27973,1.120246,-0.226558,1.063471,-0.076759,-0.43689,1.95642,0.835094,0.633839,1.809264,0.108692,0.792851
10210,266,-1.001801,-0.079038,-0.934566,-0.877375,0.036986,0.196319,-0.312987,-0.580343,0.402996,0.299453,0.163598,-0.036021,0.279168,-0.291238,0.143013,0.577443,0.054586,0.300714,1.75536,-0.18039
10211,568,-1.808401,1.221792,-1.814389,-1.347789,-3.112085,-1.150752,-1.114873,-1.26182,-0.82007,-0.561032,-0.070279,0.383092,-0.157449,-0.466152,0.049342,-1.163516,-1.057501,-1.913447,0.75283,-0.382754
10212,362,-0.38833,-0.104636,-0.415981,-0.45019,0.028446,-0.470394,-0.777395,-0.802429,-0.192108,-0.137169,-0.663633,0.123641,-0.658915,-0.507735,-0.477679,-0.50402,-0.55053,-0.291837,-0.175842,-0.628617
10213,271,-0.805831,-1.454335,-0.813055,-0.75906,0.140888,-0.535587,-0.704953,-0.551195,-0.155598,-0.013837,-0.775157,-1.247458,-0.842571,-0.597722,-0.189667,-0.796881,-0.632428,-0.478054,-0.438583,-0.369893
10214,187,-0.686545,-0.488602,-0.712139,-0.667195,0.098188,-0.813606,-0.636654,-0.426352,-1.079287,-0.261918,-0.577734,-0.81891,-0.556444,-0.494534,-0.045328,-0.937499,-0.401655,0.008737,-0.190372,-0.803369
10215,155,-0.533178,-0.314072,-0.564266,-0.553431,-0.698865,-0.711647,-0.627112,-0.660562,0.578241,-0.073377,-0.668325,-0.425561,-0.684162,-0.524236,-0.50768,-0.550967,-0.39635,-0.628098,-0.309029,-0.495851
10216,5,-0.476375,-0.835335,-0.387148,-0.50565,2.237421,1.244335,0.866302,0.824656,1.005402,1.890005,-0.25507,-0.592662,-0.321304,-0.289258,0.156347,0.445544,0.160025,-0.069124,0.134119,0.486846
10217,511,0.193899,-1.068042,0.110841,0.073409,-0.828386,-1.02681,-0.685995,-0.606394,-0.557202,-1.320868,-0.674821,-1.077091,-0.588621,-0.431609,-0.110997,-0.754964,-0.566114,-0.200513,-0.57419,-0.762518
10218,252,1.591249,0.123416,1.595336,1.567416,0.700248,1.526713,1.919664,1.250514,-0.287032,0.59148,1.302665,-0.792602,0.618264,1.154494,0.48036,1.402373,1.197177,1.283705,-0.711009,1.310299
10219,480,-0.558739,-0.293129,-0.563442,-0.567652,-0.390718,-0.491999,-0.74877,-0.867945,-1.269136,0.006009,-0.67049,-0.048721,-0.588126,-0.529737,-0.710022,-0.492842,-0.594297,-1.076283,-0.726749,-0.732636
10220,513,0.128576,-1.310057,0.095601,0.011123,0.139464,-0.287323,-0.082603,-0.140039,-0.265127,-0.906928,0.040885,-1.076184,-0.151014,-0.071001,-0.696021,-0.411243,-0.051185,-0.510658,-0.623833,-0.572636
10221,86,0.100174,0.505055,0.093953,-0.019024,-0.136658,-0.092312,0.396746,0.011887,0.96159,-0.912598,0.054961,1.820053,0.215309,-0.032278,0.776038,0.243224,0.723363,0.943065,0.440447,-0.206489
10222,105,-0.288925,-0.867914,-0.196026,-0.354629,3.091407,1.36752,1.485262,1.214661,0.413949,2.001996,-0.051872,-0.5317,-0.225763,-0.124905,0.040342,0.203542,0.757183,0.338023,-0.614146,1.249401
10223,242,-0.802991,-0.255896,-0.743031,-0.755078,-0.031333,0.533655,0.828637,-0.525659,0.884921,1.969391,-0.586035,0.771362,-0.24606,-0.526877,-0.125998,1.881346,1.886843,0.217988,-0.071715,1.845903
10224,312,-0.38833,-1.377542,-0.398681,-0.42886,-0.599233,-0.471152,-0.606145,-0.604589,-0.768957,-0.198126,-0.283944,-1.011412,-0.257445,-0.333482,-0.182334,0.123061,-0.017365,-0.179426,-0.391362,0.225852
10225,473,-0.527497,2.485389,-0.599278,-0.538926,-1.378495,-1.333445,-1.114873,-1.26182,-0.403862,-0.453294,0.145552,4.409122,0.008881,-0.114565,0.099344,-0.963264,-1.057501,-1.913447,1.315845,-0.249231
10226,364,-0.206561,-0.544452,-0.267285,-0.29149,-1.209121,-0.89794,-0.841049,-0.881874,-0.59006,-0.820454,-0.890652,-1.096686,-0.905935,-0.596622,-0.882362,-0.725342,-0.576392,-1.02389,-0.924107,-0.650934
10227,565,1.704854,2.085134,1.615931,1.723842,0.102458,-0.017833,0.693043,1.263669,-0.217664,-1.058611,1.300499,2.260938,1.156857,1.291565,-0.42401,-0.069758,0.252202,0.808431,-0.189161,-0.490556
10228,447,0.191059,-0.37923,0.161093,0.056629,-0.325246,-0.292629,-0.604011,-0.678876,0.297119,-0.558197,-0.666881,-1.079087,-0.685152,-0.452951,-0.748357,-0.769495,-0.4746,-0.794687,0.241879,-0.689894
10229,488,-0.695066,-0.725963,-0.678775,-0.666627,1.16994,-0.22194,-0.577646,-0.453952,0.151081,0.171869,-0.122251,-0.114038,-0.154479,-0.280898,0.652367,-0.701869,-0.443764,-0.020461,0.118379,-0.220106
10230,151,-1.678039,0.328198,-1.594021,-1.282659,-0.164412,0.495752,0.543639,-0.702606,1.498279,2.808612,-0.763969,1.351952,-0.803464,-0.662847,1.796413,1.603016,1.513163,-0.255665,0.308472,3.020373
10231,263,0.42111,0.021025,0.330797,0.294964,-1.278151,-0.913101,-0.586434,-0.527465,-0.966108,-1.186196,-0.632955,-0.395624,-0.65941,-0.399487,-1.40505,-0.915087,-0.622812,-1.074175,-1.260706,-0.926679
10232,563,1.929226,1.349781,2.101976,1.968434,0.96356,2.260135,2.870075,2.540213,1.23176,0.849484,2.010431,-0.346274,2.916691,1.726318,-0.214002,0.984878,1.543668,2.342934,0.003354,0.914648
10233,194,0.2081,0.912292,0.347273,0.046959,0.57215,1.774977,1.015706,1.02817,-0.272428,0.55604,-0.453216,-0.462029,0.358868,-0.333042,0.346688,1.438701,0.783046,1.140961,0.594217,0.195592
10234,433,1.332796,0.623736,1.307005,1.294382,0.38712,0.654944,0.88639,0.993606,0.479666,-0.209467,1.493953,1.295707,0.805385,1.398493,0.344354,0.860803,0.706785,1.061478,0.39807,0.272377
10235,244,1.497524,0.979777,1.529432,1.422367,0.451169,0.975224,1.457641,1.030234,0.607449,-0.39659,0.429958,1.061657,0.579652,0.441639,1.189722,0.393566,0.240597,0.615401,0.159545,0.058287
10236,489,0.727846,0.211845,0.623248,0.576531,-1.522249,-0.629587,-0.656742,-0.666752,0.125524,-1.353473,-0.569793,-1.177425,-0.540108,-0.382545,-1.458052,-0.615799,-0.585676,-1.054223,-0.112881,-0.7924
10237,465,-0.252003,0.195555,-0.21003,-0.318509,-0.962177,0.34035,0.153179,-0.531076,-0.768957,0.215815,-0.448163,-0.731822,0.248971,-0.363624,-0.704022,2.296605,1.489953,0.305581,-0.639573,1.640891
10238,483,-0.121357,-0.383884,-0.173371,-0.238305,0.223439,-0.469447,-0.543873,-0.44673,-0.290683,-0.271841,-0.584952,-0.491058,-0.644559,-0.433369,-1.265378,-0.96645,-0.494494,-0.415766,-0.931372,-0.858972
10239,397,-0.37697,-0.425771,-0.367377,-0.416914,-1.132974,-0.291682,-0.18706,-0.208651,-0.867532,-0.750991,-0.14896,0.087354,-0.098045,-0.214892,-0.540015,0.519318,0.449486,0.331534,-0.224274,0.102921
10240,52,-0.621222,-0.24426,-0.669713,-0.617993,-0.978545,-1.077031,-0.867289,-0.913859,0.205845,-0.240654,-0.641978,-1.059492,-0.666341,-0.503115,0.056343,-0.955607,-0.622812,-0.61577,-0.070504,-0.438735
10241,147,0.233661,-0.120926,0.241826,0.098437,-1.066078,0.234222,0.021352,-0.343038,-0.246872,0.302288,0.060736,1.255792,0.200458,-0.019957,-0.41701,1.301771,0.700816,0.563494,1.576164,2.108031
10242,27,1.273153,0.22348,1.241101,1.248876,-0.139504,0.042812,0.755818,0.732313,-0.418466,-0.823289,1.615944,1.146931,1.369225,1.170555,1.23639,0.097352,0.627208,1.186379,0.289099,0.159658
10243,436,-0.357089,0.058258,-0.383029,-0.414355,-0.355847,-0.483471,-0.88926,-0.722725,0.180289,0.095318,-0.139576,-0.812016,-0.133193,-0.304439,-0.377008,-0.662746,-0.823213,-0.85876,0.204344,-0.535946
10244,434,0.2081,-0.546779,0.120315,0.0535,-0.506718,-0.636788,-0.694784,-0.519727,-0.871183,-0.817619,-0.369482,-0.995265,-0.620798,-0.361204,-0.428344,-0.493401,-0.573077,-0.570189,-0.609303,-0.615379
10245,190,0.02633,0.891349,0.098896,-0.127954,0.792763,2.595576,1.372267,0.445226,2.089732,1.789355,-0.430117,1.620475,-0.373282,-0.18959,0.309686,6.143482,2.808608,0.788966,3.703513,2.997678
10246,407,-0.362769,0.484112,-0.384677,-0.399281,-1.483819,-0.401411,-0.345755,-0.780246,-0.845627,-0.234983,0.339728,1.0544,-0.155469,0.019866,-0.34334,1.07989,0.658375,0.261784,0.744354,1.488834
10247,202,2.602339,1.717457,2.7569,2.929741,1.262455,1.972072,3.308243,2.916806,1.417958,-0.071959,0.53679,0.622586,0.891521,0.942177,0.762038,1.438142,1.912705,2.085021,0.146227,0.529588
10248,455,-0.212241,2.65992,-0.231861,-0.277838,-0.278277,-0.570079,-0.760948,-0.419904,-1.59407,-0.373909,-0.232332,1.283007,-0.286652,-0.250975,-0.400009,-0.727578,-0.794367,-0.432798,-0.593563,-0.306347
10249,452,-0.604181,2.08048,-0.626051,-0.604056,-0.853294,-0.755046,-0.605769,-0.760127,-0.717843,-0.249159,-0.77227,0.885666,-0.668321,-0.582541,0.097678,0.023019,-0.082353,-0.426634,-0.374411,0.19181
10250,385,0.134256,0.930909,0.08242,0.027903,-0.678938,-0.719796,-0.061511,0.097781,-0.674032,-1.224471,0.037998,0.744147,0.023732,-0.161208,0.423691,-0.450366,0.066191,0.642977,-0.380465,-0.349468
10251,188,-0.658144,-0.442061,-0.687837,-0.642736,0.308838,-0.923335,-0.819454,-0.861239,-0.341796,-0.708463,-0.791399,1.286636,-0.918311,-0.56912,0.263351,-0.933475,-0.541577,-0.901259,1.313423,-0.683464
10252,159,-0.916597,-1.472952,-0.958868,-0.819355,-1.509439,-1.2728,-1.076078,-1.091889,-1.349457,-0.760915,-0.445276,-0.826349,-0.523772,-0.479573,-0.299672,-1.081135,-0.996658,-1.333386,-0.505176,-0.427388
10253,32,0.82157,1.091476,0.858032,0.69513,1.660981,0.857725,1.919664,1.841196,1.593204,0.144934,0.706423,0.328662,0.56084,0.603791,0.409024,0.298554,0.614276,-0.109676,0.057839,0.022353
10254,264,0.869853,0.647006,0.808603,0.777609,0.064029,-0.27273,0.022733,0.421754,0.202194,-0.991984,0.0546,-0.86826,-0.023296,0.111833,-0.849361,-0.749934,-0.378445,-0.311627,-1.102093,-0.839682
10255,245,-1.035883,0.132725,-1.040013,-0.902118,0.75718,-0.845823,-0.508342,-0.469944,-0.272428,0.227155,-0.120086,2.531276,-0.172795,-0.376605,2.999795,-0.649332,-0.439122,-0.075612,1.721458,-0.088853
10256,535,1.82414,0.365431,1.887787,1.857514,0.586383,1.318246,1.502839,2.148145,1.15144,-0.040772,1.059043,-0.411409,0.910827,1.043825,-0.821026,0.038109,0.270438,0.391552,-0.128622,-0.41831
10257,430,0.21946,0.754052,0.417297,0.085638,0.221305,2.239288,2.316401,1.243034,0.837458,0.876418,-0.549221,-0.620421,0.296989,-0.355263,-0.025327,2.048456,1.570525,1.710316,-0.672264,0.752378
10258,443,-1.010321,-0.225644,-1.035894,-0.893017,-1.063232,-1.131801,-0.864652,-0.975248,2.045921,-0.725474,-0.806197,2.404272,-0.786633,-0.598822,1.22639,-0.680072,-0.396681,-0.111298,-0.408313,0.263678
10259,154,-0.277565,-0.91911,-0.274287,-0.329885,-0.179357,-0.366919,0.051861,-0.363415,0.037902,-0.103146,-0.484255,-0.76956,-0.518326,-0.386066,0.514361,-0.296669,-0.047206,-0.366616,0.865433,-0.119491
10260,9,-0.473535,1.105439,-0.329482,-0.509063,1.582699,2.563358,1.738872,0.94176,0.797298,2.783096,-0.38825,0.693345,-0.40942,-0.360764,0.036008,2.609587,1.509848,0.409395,-0.321136,2.377346
10261,63,-1.407089,-1.263516,-1.349763,-1.120545,-1.362838,-0.318972,-0.363081,-0.699511,1.932741,0.968562,0.016703,1.901698,-0.127747,-0.370004,0.565697,0.776969,0.37223,0.617023,2.58838,0.766752
10262,329,0.605719,0.602792,0.639724,0.488932,1.433252,0.454059,1.143766,0.796798,0.209496,0.357575,0.597064,0.435708,0.046999,0.382454,1.173055,0.67525,0.878538,0.010359,2.382547,0.904814
10263,536,0.040531,0.758706,0.074182,-0.071356,0.529451,0.209585,0.721919,0.321673,0.4176,-0.422107,-0.730764,1.15056,-0.480704,-0.479573,-0.309339,0.019665,0.482643,0.156348,-0.730382,-0.014715
10264,65,0.185378,1.082168,0.223703,0.038142,1.483068,0.825508,0.475842,1.067119,0.516175,0.530523,-0.171337,0.116384,-0.205962,-0.112144,-0.112664,-0.132913,-0.289916,0.007115,-0.186739,-0.215945
10265,438,-0.078755,0.072221,-0.135476,-0.177157,-0.677515,-0.777787,-0.946385,-0.670364,-0.9369,-0.860147,-0.228362,0.836678,-0.264871,-0.235574,-0.401676,-0.811971,-0.864792,-0.771654,-0.04871,-0.555615
10266,269,-0.970559,0.256059,-0.925504,-0.881641,0.842579,0.46543,-0.054229,-0.522306,-0.524343,0.825384,-0.308126,0.493767,-0.314869,-0.431169,0.620366,1.250353,1.375893,0.917111,0.815791,1.443065
10267,36,0.034851,0.565559,0.068416,-0.062255,0.133059,0.103456,0.541128,0.182128,0.267911,-0.21939,-0.430117,-0.358974,-0.103491,-0.339422,-0.387675,0.24993,0.53901,-0.030193,-0.031759,0.085899
10268,98,-0.717787,-1.500877,-0.726143,-0.689095,-0.46473,-0.551317,-0.588066,-0.397721,-0.699589,0.428455,-0.626819,-1.229678,-0.688617,-0.540958,-0.296005,-0.680631,-0.496152,-0.796796,-0.488225,-0.470508
10269,392,0.387028,0.158322,0.429654,0.255431,1.397669,0.982805,1.259272,1.088786,0.428553,0.658107,0.872808,0.207101,0.895481,0.58465,0.07601,0.212484,0.591066,0.745169,-0.244857,0.165332
10270,69,-0.38265,-0.651497,-0.436576,-0.43341,0.138753,-0.985496,-0.65624,-0.52308,-0.809117,-0.888499,-0.60769,-0.623505,-0.690597,-0.484193,0.307019,-1.110309,-0.531962,-0.508387,0.241879,-0.71448
10271,517,1.636691,0.225807,1.587098,1.590169,0.522334,0.505228,0.656634,1.170811,-0.035117,-0.130081,0.370767,-0.622598,0.390055,0.426017,-0.650686,-0.136825,-0.045548,-0.002618,-1.207431,-0.152777
10272,92,-0.243483,-1.05408,-0.297765,-0.29348,-1.623304,-1.019419,-0.705455,-0.578795,-1.55391,-1.363396,0.001905,-0.115852,-0.081709,-0.087723,-0.853361,-0.843828,-0.607228,-0.158339,-1.192902,-0.892637
10273,552,-0.38549,2.359728,-0.4374,-0.418052,-0.96787,-1.17501,-0.86415,-0.875168,-0.995315,-0.911181,-0.592892,0.272418,-0.687627,-0.474733,0.598031,-0.734843,-0.617175,-0.404087,-0.190372,-0.782566
10274,505,-1.26423,-1.431064,-1.147107,-1.087554,2.073741,2.19949,0.376658,0.553561,0.895873,4.671344,-0.471984,0.314147,-0.534167,-0.498714,4.909873,1.307919,0.663017,0.438593,0.699555,2.906898
10275,566,0.702284,2.045574,0.672676,0.577953,-0.840484,-0.03868,0.046588,0.105777,-0.809117,-0.895587,0.184892,-0.257371,0.276693,0.180698,-0.379342,0.661277,0.510827,0.612157,-0.891416,0.036727
10276,163,-0.507616,0.681912,-0.499185,-0.541486,0.344421,-0.053841,-0.440671,-0.533913,-0.951504,0.682206,-0.397995,0.796763,-0.451002,-0.413348,1.433065,0.350531,-0.021344,-0.072368,-0.212166,0.587461
10277,358,-1.490873,-0.884204,-1.451091,-1.177143,-0.955772,-0.518531,-0.522153,-0.647665,0.432204,0.483742,0.479765,-0.030578,0.698459,-0.223473,1.296393,0.196276,0.008166,0.52943,0.947766,0.143394
10278,442,-0.098636,-0.814392,-0.148245,-0.196212,-0.582865,-0.704256,-0.982418,-1.005505,-1.484542,-0.612066,-0.17639,-1.330918,-0.312394,-0.241955,-0.203001,-0.777878,-0.800832,-0.995827,-1.001598,-0.465591
10279,15,0.117215,1.919912,0.196105,0.011123,1.248222,1.045345,0.942887,0.637649,1.794006,1.130169,-0.126943,-0.333573,0.006406,-0.171329,-0.478012,0.945755,0.514474,-0.145362,-0.238803,0.632094
10280,503,2.545536,0.125743,2.476807,2.921209,-0.209246,0.438898,0.98934,1.325317,-1.119447,-1.128074,3.197139,-0.855742,3.350833,3.077223,-0.429344,0.451691,0.260823,1.583793,0.177707,-0.339633
10281,176,-1.199475,-0.286147,-1.127336,-1.002515,0.044814,0.474905,0.526062,-0.303315,-0.520693,2.60306,0.093579,1.894441,0.131649,-0.282878,1.939752,3.498789,2.911395,2.07691,2.210615,5.342837
10282,327,-0.595661,-0.316399,-0.654061,-0.594102,-1.389881,-1.239824,-1.095463,-1.11758,-1.568513,-0.297358,-0.619601,-0.557282,-0.693072,-0.514116,-0.770691,-1.03905,-1.018243,-1.272557,-0.71222,-0.771596
10283,1,1.829821,-0.353632,1.685955,1.908708,-0.826962,-0.487072,-0.023846,0.548144,0.001392,-0.868652,0.499255,-0.876244,0.263327,0.742402,-0.605351,-0.692926,-0.44078,0.260162,-0.80545,-0.099444
10284,404,-0.507616,-1.009865,-0.563442,-0.528403,-0.678938,-1.111144,-0.850089,-0.732011,-0.878485,-0.810531,-0.078941,-0.560729,-0.130717,-0.224133,0.220349,-0.949403,-0.624138,-0.242688,1.108801,-0.893772
10285,24,0.716485,0.486439,0.742699,0.710203,1.120124,0.783815,0.79976,1.103489,0.669515,0.071219,1.44956,-0.571797,1.281605,1.369891,-0.331006,-0.37212,-0.148667,-0.080478,-0.709798,-0.375945
10286,139,-0.808671,-1.372888,-0.781338,-0.768161,1.426135,0.175472,-0.53295,-0.02474,-0.148296,-0.294523,-0.240994,0.228873,-0.502485,-0.30818,1.409731,0.531055,-0.332357,1.273972,-0.57419,-0.133486
10287,101,-2.029648,-1.36358,-1.984504,-1.454443,1.468835,-0.543168,-1.114873,-1.26182,0.432204,2.180614,-0.653527,0.52824,-0.650005,-0.671142,1.049716,-0.818119,-1.057501,-1.913447,0.732247,0.115403
10288,350,-0.700746,-0.516527,-0.752505,-0.665205,-1.476703,-1.289477,-1.010591,-0.962094,-0.513391,-0.777926,-0.186856,-0.987826,-0.317344,-0.31478,-0.152666,-1.033238,-0.86025,-0.892175,0.195869,-0.426253
10289,90,0.139936,1.100785,0.107134,0.022215,-0.471135,-0.346452,-0.725418,-0.499092,-0.462277,-0.586549,-0.119364,-0.192055,-0.290612,-0.144707,-0.724356,-0.40789,-0.68581,-0.517471,0.037256,-0.341146
10290,191,-0.38549,0.49342,-0.409803,-0.419474,-0.631257,-0.726429,-0.724162,-0.52308,-0.429419,0.010262,1.176342,0.963683,1.11478,0.292907,-0.82336,-0.423539,-0.336004,0.936576,1.596747,0.786799
10291,383,-0.493416,-0.421117,-0.466645,-0.546037,0.557917,0.480591,-0.375134,-0.518953,-0.119089,0.436961,-0.521069,-0.623868,-0.370807,-0.465052,-0.108664,0.646746,0.519779,-0.208624,-0.261808,1.168455
10292,11,0.469393,-0.325708,0.479082,0.358672,0.052642,0.471115,0.134849,0.442131,0.110921,-0.280347,0.363187,-0.420843,0.345502,0.304128,-0.423343,0.845713,-0.132088,0.16608,-0.055974,0.132046
10293,314,-1.570681,-0.160486,-1.560245,-1.233456,0.785646,-0.869323,-1.114873,-1.26182,1.282873,1.529934,-0.246769,2.830642,-0.318829,-0.495634,4.569859,-0.639831,-1.057501,-1.913447,4.954254,1.144247
10294,352,3.295334,-0.425771,3.38711,3.854074,1.319387,2.500819,3.113641,3.672569,0.527128,-0.22506,2.128091,-0.663965,2.156324,2.480977,-0.224002,0.947432,0.356978,0.532674,0.339952,-0.155047
10295,235,-0.027632,0.456187,-0.089755,-0.14644,-0.402816,-0.661236,-0.931319,-0.772766,-1.075636,-0.630495,-0.527927,0.519168,-0.593571,-0.401907,0.116012,-0.651009,-0.815388,-0.284862,-0.958009,-0.329042
10296,305,-0.717787,1.210157,-0.730674,-0.676012,-1.538617,-0.899456,-0.867038,-0.923145,0.450458,-0.569538,-0.555717,1.032628,-0.448032,-0.486834,-0.306339,-0.117823,-0.528315,-0.778304,1.380017,-0.599114
10297,375,0.580158,-0.749234,0.590295,0.380003,0.173624,0.747807,-0.279842,0.130282,0.65126,0.414279,-0.832544,-1.320576,-0.750991,-0.559439,-0.843694,-0.411243,-0.410607,0.02658,-0.145573,-0.037411
10298,215,-0.075915,-0.549106,-0.041562,-0.216121,0.444052,0.897523,0.128195,0.183159,1.07477,0.901935,-0.537311,-0.041464,-0.461893,-0.388266,-0.360341,0.497521,0.238607,0.414261,-0.139519,0.289399
