"id","total","CentralLuzon","IlocosRegion","MetroManila","Visayas","age2","exposure"
1,0,1,0,0,0,0.719260823433585,1
2,3,0,0,1,0,2.36685654904978,1
3,4,0,0,0,0,0.00786575768916145,1
4,3,0,0,0,1,0.0657892931502316,1
5,3,0,0,1,0,2.15920242197777,1
6,6,0,0,0,1,0.18824530284138,1
7,5,0,0,1,0,0.00786575768916145,1
8,5,0,0,0,1,0.654137357563585,1
9,6,0,0,0,1,0.0351403396089544,1
10,4,1,0,0,0,0.18824530284138,1
11,2,1,0,0,0,1.77249053750734,1
12,3,0,0,1,0,1.33164890261921,1
13,7,1,0,0,0,0.547231418226055,1
14,4,0,0,0,0,0.896545605912239,1
15,5,1,0,0,0,0.719260823433585,1
16,4,0,0,0,0,0.0514212060764543,1
17,2,0,0,0,1,0.0874971151068981,1
18,2,0,1,0,0,0.18824530284138,1
19,2,0,0,0,1,0.841125841484812,1
20,5,0,1,0,0,0.155683569906381,1
21,10,0,0,1,0,0.841125841484812,1
22,4,0,0,1,0,1.33164890261921,1
23,6,0,0,0,1,0.155683569906381,1
24,4,0,0,0,0,0.000386218332312358,1
25,1,0,0,0,1,0.504127157004724,1
26,5,0,1,0,0,0.155683569906381,1
27,3,0,0,0,1,0.252917581545419,1
28,0,0,0,1,0,2.58404279934633,1
29,1,0,0,0,0,2.58404279934633,1
30,2,0,0,0,1,1.17708234715902,1
31,0,0,0,0,1,0.327121983473989,1
32,9,0,0,0,1,0.0514212060764543,1
33,3,0,0,1,0,3.92995317965492,1
34,1,0,0,0,1,0.0874971151068981,1
35,7,0,0,0,1,1.42390714593504,1
36,3,0,0,1,0,0.0248774202705421,1
37,5,0,0,0,1,0.41085850862709,1
38,5,1,0,0,0,0.0248774202705421,1
39,2,0,0,0,0,2.6805142411274,1
40,3,1,0,0,0,0.00786575768916145,1
41,4,0,1,0,0,1.42390714593504,1
42,4,0,1,0,0,0.000386218332312358,1
43,5,1,0,0,0,0.449857602113057,1
44,3,0,0,1,0,0.0514212060764543,1
45,10,0,0,0,1,1.03204791492336,1
46,1,0,0,1,0,0.896545605912239,1
47,1,0,0,0,1,0.10597036991604,1
48,7,0,0,0,1,2.8107611728674,1
49,1,0,0,0,1,0.972522982760572,1
50,8,0,0,0,0,0.0351403396089544,1
51,0,0,0,0,1,0.41085850862709,1
52,3,0,1,0,0,2.15920242197777,1
53,3,0,0,1,0,0.0657892931502316,1
54,6,0,0,1,0,0.252917581545419,1
55,2,0,0,0,0,0.10597036991604,1
56,1,0,0,1,0,0.0351403396089544,1
57,1,0,0,1,0,0.0657892931502316,1
58,11,0,0,0,1,0.0140235092922089,1
59,2,0,0,0,0,0.719260823433585,1
60,4,0,0,0,0,0.362015909224591,1
61,5,0,0,0,0,0.155683569906381,1
62,1,0,0,1,0,0.0351403396089544,1
63,0,0,1,0,0,1.42390714593504,1
64,3,1,0,0,0,0.00786575768916145,1
65,8,0,0,0,1,0.283706339560656,1
66,5,1,0,0,0,0.770575420125646,1
67,6,0,0,0,1,0.719260823433585,1
68,2,0,0,0,0,0.10597036991604,1
69,3,0,0,1,0,0.896545605912239,1
70,3,1,0,0,0,0.000386218332312358,1
71,4,0,0,0,1,0.0248774202705421,1
72,5,0,0,0,1,0.10597036991604,1
73,2,0,0,0,1,2.45922282309549,1
74,4,0,0,0,1,2.04523635670527,1
75,0,0,0,1,0,0.0514212060764543,1
76,3,1,0,0,0,2.04523635670527,1
77,0,0,0,0,1,0.000386218332312358,1
78,3,0,0,1,0,0.547231418226055,1
79,7,1,0,0,0,0.504127157004724,1
80,0,0,0,0,0,1.26391363498569,1
81,1,0,0,0,1,2.15920242197777,1
82,7,1,0,0,0,0.10597036991604,1
83,1,0,1,0,0,4.66468923780181,1
84,3,1,0,0,0,0.0140235092922089,1
85,7,0,1,0,0,0.0351403396089544,1
86,3,0,0,1,0,1.17708234715902,1
87,15,0,0,0,1,0.0514212060764543,1
88,2,0,0,0,1,0.719260823433585,1
89,2,0,0,0,1,0.252917581545419,1
90,4,0,0,0,1,0.283706339560656,1
91,4,0,0,0,0,1.33164890261921,1
92,7,0,0,0,1,0.0657892931502316,1
93,5,0,0,0,1,0.896545605912239,1
94,0,0,0,0,1,1.77249053750734,1
95,4,0,0,1,0,0.449857602113057,1
96,2,0,0,0,1,0.18824530284138,1
97,5,0,0,0,1,0.606927928606888,1
98,2,1,0,0,0,0.606927928606888,1
99,3,0,0,0,1,0.0657892931502316,1
100,4,0,0,0,1,0.547231418226055,1
101,2,0,0,1,0,1.03204791492336,1
102,4,1,0,0,0,0.362015909224591,1
103,2,0,1,0,0,2.15920242197777,1
104,2,0,0,0,0,0.719260823433585,1
105,3,0,0,0,0,0.0351403396089544,1
106,5,0,0,0,1,0.155683569906381,1
107,5,0,0,1,0,0.00243880219999482,1
108,4,0,0,1,0,0.0248774202705421,1
109,4,0,0,0,1,2.45922282309549,1
110,8,0,0,0,1,0.770575420125646,1
111,3,0,0,1,0,4.37124600170902,1
112,4,0,0,0,0,2.45922282309549,1
113,1,1,0,0,0,0.606927928606888,1
114,3,0,0,0,1,0.327121983473989,1
115,3,1,0,0,0,1.03204791492336,1
116,3,0,0,1,0,1.66937838321318,1
117,5,0,0,0,1,0.770575420125646,1
118,1,1,0,0,0,1.26391363498569,1
119,3,0,0,0,1,1.11345224726086,1
120,6,0,0,0,0,0.00243880219999482,1
121,2,0,0,0,1,1.26391363498569,1
122,6,0,0,0,1,0.0248774202705421,1
123,6,0,1,0,0,3.04701166961301,1
124,2,1,0,0,0,0.719260823433585,1
125,4,0,0,0,1,1.49574758130393,1
126,0,1,0,0,0,1.59343278010892,1
127,4,1,0,0,0,2.45922282309549,1
128,3,0,0,0,1,1.66937838321318,1
129,6,0,0,0,1,0.0657892931502316,1
130,5,1,0,0,0,3.81295589919702,1
131,11,0,0,0,1,0.155683569906381,1
132,3,0,0,0,1,0.133105147361873,1
133,2,0,1,0,0,5.41769519879572,1
134,3,0,0,0,0,0.327121983473989,1
135,3,0,0,0,1,2.24746352828812,1
136,6,0,0,0,1,1.66937838321318,1
137,2,0,0,0,0,0.0351403396089544,1
138,4,0,0,1,0,1.33164890261921,1
139,5,0,1,0,0,0.770575420125646,1
140,4,0,0,0,1,1.33164890261921,1
141,2,0,0,0,1,0.0514212060764543,1
142,10,0,0,0,0,0.719260823433585,1
143,2,0,1,0,0,1.96108041813029,1
144,2,0,0,0,1,3.92995317965492,1
145,1,0,0,1,0,2.45922282309549,1
146,7,0,0,0,1,0.0874971151068981,1
147,4,0,0,0,0,0.362015909224591,1
148,5,1,0,0,0,0.155683569906381,1
149,0,0,0,0,1,4.37124600170902,1
150,4,0,0,1,0,0.0657892931502316,1
151,1,0,0,0,0,0.547231418226055,1
152,3,0,0,0,1,0.606927928606888,1
153,2,0,0,0,1,3.92995317965492,1
154,2,0,0,0,1,0.18824530284138,1
155,1,0,0,1,0,1.11345224726086,1
156,0,1,0,0,0,7.73462390774089,1
157,3,1,0,0,0,1.03204791492336,1
158,2,0,0,1,0,0.841125841484812,1
159,4,0,0,1,0,0.449857602113057,1
160,3,0,0,0,1,0.133105147361873,1
161,4,0,0,0,0,1.85254130834696,1
162,3,0,0,1,0,3.04701166961301,1
163,0,0,0,1,0,0.547231418226055,1
164,6,0,0,1,0,0.155683569906381,1
165,3,0,0,0,1,2.15920242197777,1
166,4,0,1,0,0,2.6805142411274,1
167,4,0,0,1,0,0.654137357563585,1
168,3,0,0,0,0,3.29279428958315,1
169,1,1,0,0,0,5.60221168542739,1
170,4,0,0,1,0,0.0140235092922089,1
171,4,1,0,0,0,1.96108041813029,1
172,7,0,0,1,0,0.10597036991604,1
173,5,0,0,1,0,0.972522982760572,1
174,1,0,0,0,1,1.96108041813029,1
175,3,0,1,0,0,2.04523635670527,1
176,2,0,1,0,0,4.66468923780181,1
177,5,0,0,0,1,3.04701166961301,1
178,2,0,1,0,0,0.362015909224591,1
179,4,0,0,0,0,2.58404279934633,1
180,1,1,0,0,0,0.0514212060764543,1
181,2,1,0,0,0,0.133105147361873,1
182,7,0,0,0,1,0.0351403396089544,1
183,7,1,0,0,0,2.8107611728674,1
184,4,0,0,0,0,0.719260823433585,1
185,6,0,0,1,0,0.155683569906381,1
186,1,1,0,0,0,0.0351403396089544,1
187,3,0,0,1,0,1.33164890261921,1
188,5,0,0,0,1,0.133105147361873,1
189,5,0,0,0,1,0.133105147361873,1
190,3,0,0,0,1,2.6805142411274,1
191,8,0,0,0,1,1.11345224726086,1
192,3,1,0,0,0,3.15169344686481,1
193,5,0,0,1,0,0.362015909224591,1
194,1,0,0,0,0,1.42390714593504,1
195,5,0,0,0,0,0.252917581545419,1
196,3,0,0,0,1,0.896545605912239,1
197,4,0,0,0,0,0.0351403396089544,1
198,4,0,0,0,1,1.49574758130393,1
199,7,0,0,0,1,5.93378341441831,1
200,5,0,0,0,1,0.00786575768916145,1
201,3,0,0,0,1,0.133105147361873,1
202,8,0,0,0,0,0.0874971151068981,1
203,5,0,0,0,1,3.40158123457032,1
204,3,0,0,0,1,0.0514212060764543,1
205,3,0,0,0,0,0.362015909224591,1
206,6,0,0,0,1,0.606927928606888,1
207,5,0,0,0,1,0.0248774202705421,1
208,3,0,0,0,0,0.18824530284138,1
209,2,0,0,0,1,4.20843733703402,1
210,5,0,0,0,0,0.00786575768916145,1
211,6,0,1,0,0,0.654137357563585,1
212,2,0,0,0,1,0.00786575768916145,1
213,4,0,0,0,1,0.0351403396089544,1
214,4,0,0,0,0,0.0351403396089544,1
215,6,0,1,0,0,0.0657892931502316,1
216,5,0,0,0,1,0.449857602113057,1
217,5,0,0,0,1,3.66100114550035,1
218,5,0,0,1,0,0.0248774202705421,1
219,2,0,0,0,1,0.770575420125646,1
220,4,0,0,1,0,0.0140235092922089,1
221,3,0,0,0,0,1.49574758130393,1
222,3,0,0,1,0,0.252917581545419,1
223,5,0,0,0,0,0.896545605912239,1
224,4,0,0,0,1,1.85254130834696,1
225,5,0,0,0,1,0.214928893121252,1
226,2,0,0,0,1,1.17708234715902,1
227,6,0,0,1,0,1.33164890261921,1
228,9,0,0,0,1,0.0351403396089544,1
229,3,0,1,0,0,0.362015909224591,1
230,1,0,1,0,0,3.04701166961301,1
231,0,0,1,0,0,1.77249053750734,1
232,2,0,0,0,1,1.03204791492336,1
233,3,0,0,0,1,0.00243880219999482,1
234,3,0,1,0,0,0.770575420125646,1
235,4,0,1,0,0,0.362015909224591,1
236,2,0,0,0,1,0.0248774202705421,1
237,5,0,0,0,1,0.000386218332312358,1
238,1,0,1,0,0,2.36685654904978,1
239,2,1,0,0,0,5.1010825485185,1
240,0,0,0,0,0,2.15920242197777,1
241,6,0,0,0,1,1.66937838321318,1
242,4,0,0,0,1,1.85254130834696,1
243,3,0,0,0,1,0.972522982760572,1
244,3,0,0,1,0,0.0657892931502316,1
245,4,0,1,0,0,1.49574758130393,1
246,7,0,0,0,1,0.654137357563585,1
247,0,0,1,0,0,1.03204791492336,1
248,0,0,0,1,0,0.0514212060764543,1
249,6,0,0,0,0,0.504127157004724,1
250,0,0,1,0,0,3.54810903277782,1
251,1,0,0,0,1,3.54810903277782,1
252,0,0,0,1,0,2.36685654904978,1
253,0,0,0,0,1,0.606927928606888,1
254,2,0,0,1,0,0.252917581545419,1
255,2,0,0,1,0,3.15169344686481,1
256,3,0,0,1,0,0.283706339560656,1
257,5,0,1,0,0,0.896545605912239,1
258,1,0,0,1,0,1.33164890261921,1
259,2,0,0,0,1,2.58404279934633,1
260,4,0,0,1,0,0.0140235092922089,1
261,5,0,0,0,1,0.10597036991604,1
262,16,0,0,0,1,1.59343278010892,1
263,4,0,0,1,0,0.214928893121252,1
264,2,0,0,0,1,2.04523635670527,1
265,2,0,0,0,1,1.96108041813029,1
266,2,0,1,0,0,0.841125841484812,1
267,5,0,1,0,0,1.85254130834696,1
268,1,0,0,0,1,0.0874971151068981,1
269,2,0,0,1,0,0.841125841484812,1
270,2,0,0,0,1,3.54810903277782,1
271,6,0,0,0,1,0.327121983473989,1
272,2,1,0,0,0,0.972522982760572,1
273,6,0,0,1,0,0.133105147361873,1
274,12,0,0,0,1,0.719260823433585,1
275,5,0,0,1,0,0.327121983473989,1
276,4,1,0,0,0,0.606927928606888,1
277,2,0,0,1,0,0.0140235092922089,1
278,1,1,0,0,0,0.362015909224591,1
279,3,1,0,0,0,1.26391363498569,1
280,1,0,0,0,1,0.283706339560656,1
281,1,0,0,0,1,1.77249053750734,1
282,3,1,0,0,0,0.41085850862709,1
283,5,0,1,0,0,1.66937838321318,1
284,2,0,0,1,0,2.45922282309549,1
285,4,1,0,0,0,0.547231418226055,1
286,2,0,0,0,1,2.15920242197777,1
287,4,0,0,1,0,0.00243880219999482,1
288,0,0,0,0,0,0.133105147361873,1
289,4,0,0,0,1,0.654137357563585,1
290,7,0,0,0,0,0.972522982760572,1
291,5,1,0,0,0,0.770575420125646,1
292,4,0,0,1,0,1.85254130834696,1
293,3,0,0,0,1,0.214928893121252,1
294,1,0,0,1,0,0.362015909224591,1
295,3,0,0,0,1,0.449857602113057,1
296,2,0,0,0,1,0.00243880219999482,1
297,3,0,0,1,0,1.96108041813029,1
298,4,0,1,0,0,0.770575420125646,1
299,3,0,0,0,1,2.45922282309549,1
300,5,0,0,0,1,0.000386218332312358,1
301,4,0,1,0,0,0.00243880219999482,1
302,3,0,0,0,0,1.03204791492336,1
303,3,0,0,0,0,0.719260823433585,1
304,2,0,0,0,1,0.719260823433585,1
305,4,0,0,0,1,0.0140235092922089,1
306,2,0,0,1,0,2.15920242197777,1
307,5,0,0,1,0,0.547231418226055,1
308,4,0,0,0,1,0.283706339560656,1
309,4,0,0,0,1,0.0657892931502316,1
310,2,0,0,0,0,0.0351403396089544,1
311,0,0,0,0,1,2.8107611728674,1
312,7,0,0,0,1,0.362015909224591,1
313,7,0,0,0,1,0.449857602113057,1
314,4,0,0,0,1,2.91133778238384,1
315,5,0,1,0,0,0.252917581545419,1
316,1,0,0,0,0,0.896545605912239,1
317,1,0,0,0,1,2.58404279934633,1
318,2,0,0,0,1,0.00243880219999482,1
319,1,1,0,0,0,2.24746352828812,1
320,10,0,0,1,0,0.327121983473989,1
321,8,1,0,0,0,0.10597036991604,1
322,9,0,0,0,1,0.896545605912239,1
323,4,0,1,0,0,0.283706339560656,1
324,2,0,0,0,1,0.0351403396089544,1
325,10,1,0,0,0,0.841125841484812,1
326,5,1,0,0,0,0.18824530284138,1
327,1,0,1,0,0,1.59343278010892,1
328,0,0,0,0,1,1.96108041813029,1
329,3,0,0,1,0,0.896545605912239,1
330,6,0,0,0,1,0.214928893121252,1
331,3,0,0,1,0,1.26391363498569,1
332,6,0,0,0,1,1.96108041813029,1
333,3,1,0,0,0,0.000386218332312358,1
334,7,0,0,0,1,0.133105147361873,1
335,9,0,0,0,1,0.972522982760572,1
336,3,0,0,1,0,0.155683569906381,1
337,4,0,0,0,0,0.10597036991604,1
338,2,0,0,0,1,0.155683569906381,1
339,2,0,0,0,1,0.0874971151068981,1
340,5,0,0,1,0,1.33164890261921,1
341,1,0,0,1,0,0.0874971151068981,1
342,4,0,0,0,0,0.0351403396089544,1
343,1,1,0,0,0,3.29279428958315,1
344,2,1,0,0,0,0.0351403396089544,1
345,4,1,0,0,0,1.03204791492336,1
346,4,0,1,0,0,0.770575420125646,1
347,6,0,0,0,1,0.449857602113057,1
348,4,0,1,0,0,0.362015909224591,1
349,6,0,0,0,1,0.0248774202705421,1
350,4,0,0,1,0,0.547231418226055,1
351,2,0,0,1,0,2.04523635670527,1
352,7,0,0,0,0,2.36685654904978,1
353,3,0,0,0,1,0.654137357563585,1
354,3,0,0,0,1,0.10597036991604,1
355,3,0,0,0,1,0.214928893121252,1
356,3,0,0,0,1,0.214928893121252,1
357,3,0,0,1,0,2.04523635670527,1
358,4,1,0,0,0,0.10597036991604,1
359,3,1,0,0,0,1.26391363498569,1
360,1,1,0,0,0,3.04701166961301,1
361,1,0,0,0,1,2.58404279934633,1
362,10,0,0,1,0,0.719260823433585,1
363,4,0,0,1,0,0.972522982760572,1
364,1,0,0,1,0,0.841125841484812,1
365,1,0,0,0,1,0.18824530284138,1
366,4,0,0,0,1,1.33164890261921,1
367,4,0,0,0,1,1.49574758130393,1
368,8,0,0,0,1,0.000386218332312358,1
369,6,1,0,0,0,0.000386218332312358,1
370,6,0,0,0,1,0.719260823433585,1
371,5,0,0,0,1,1.49574758130393,1
372,2,0,0,0,1,0.327121983473989,1
373,5,0,0,0,1,0.362015909224591,1
374,6,0,0,1,0,2.36685654904978,1
375,2,0,0,0,1,0.841125841484812,1
376,2,0,0,0,1,0.41085850862709,1
377,2,0,0,0,1,2.45922282309549,1
378,4,0,1,0,0,0.000386218332312358,1
379,7,0,0,0,1,0.0657892931502316,1
380,2,0,1,0,0,0.606927928606888,1
381,4,0,0,1,0,1.66937838321318,1
382,1,0,0,0,1,0.327121983473989,1
383,2,0,0,1,0,0.252917581545419,1
384,3,1,0,0,0,0.327121983473989,1
385,5,0,0,1,0,0.41085850862709,1
386,2,0,0,0,1,0.362015909224591,1
387,0,1,0,0,0,4.66468923780181,1
388,2,1,0,0,0,0.18824530284138,1
389,1,0,0,0,0,0.606927928606888,1
390,4,0,0,0,1,1.33164890261921,1
391,9,0,0,0,1,0.896545605912239,1
392,2,0,0,0,0,8.12338837607901,1
393,2,1,0,0,0,0.0351403396089544,1
394,3,1,0,0,0,0.504127157004724,1
395,0,0,1,0,0,0.896545605912239,1
396,5,0,0,0,1,0.0140235092922089,1
397,4,0,0,0,0,0.606927928606888,1
398,6,0,0,0,1,0.0657892931502316,1
399,3,0,1,0,0,0.10597036991604,1
400,0,0,0,1,0,0.18824530284138,1
401,3,0,0,1,0,0.18824530284138,1
402,1,1,0,0,0,4.66468923780181,1
403,1,0,0,0,0,5.1010825485185,1
404,6,0,0,0,1,0.155683569906381,1
405,2,0,0,0,1,3.40158123457032,1
406,1,1,0,0,0,0.654137357563585,1
407,5,0,0,0,1,0.00786575768916145,1
408,7,0,0,0,1,0.0248774202705421,1
409,5,0,0,0,1,0.327121983473989,1
410,2,0,0,1,0,1.03204791492336,1
411,3,0,0,0,0,0.770575420125646,1
412,9,0,0,0,1,1.17708234715902,1
413,4,0,1,0,0,1.85254130834696,1
414,6,0,0,1,0,0.0351403396089544,1
415,3,0,0,1,0,0.10597036991604,1
416,0,0,0,0,1,0.00243880219999482,1
417,1,0,0,0,1,2.8107611728674,1
418,4,0,0,0,1,0.327121983473989,1
419,5,1,0,0,0,0.00243880219999482,1
420,4,0,0,0,1,1.77249053750734,1
421,4,0,1,0,0,4.08733488884075,1
422,3,0,0,0,1,1.59343278010892,1
423,3,0,1,0,0,0.449857602113057,1
424,1,0,0,0,1,0.18824530284138,1
425,9,0,0,0,1,1.42390714593504,1
426,0,0,0,0,1,4.20843733703402,1
427,5,0,0,1,0,0.00786575768916145,1
428,2,0,0,0,0,1.66937838321318,1
429,0,0,0,0,1,1.11345224726086,1
430,4,0,0,0,1,0.0351403396089544,1
431,6,0,0,0,1,0.155683569906381,1
432,12,0,0,0,1,0.10597036991604,1
433,3,0,0,0,1,0.155683569906381,1
434,5,1,0,0,0,0.283706339560656,1
435,2,0,1,0,0,1.96108041813029,1
436,2,0,0,1,0,0.0248774202705421,1
437,3,1,0,0,0,0.770575420125646,1
438,1,0,0,0,1,3.29279428958315,1
439,2,0,0,0,1,1.11345224726086,1
440,5,0,0,0,1,0.0248774202705421,1
441,6,0,1,0,0,0.000386218332312358,1
442,3,1,0,0,0,2.04523635670527,1
443,3,0,0,1,0,0.449857602113057,1
444,2,0,0,0,0,1.33164890261921,1
445,3,0,0,0,0,1.49574758130393,1
446,5,1,0,0,0,0.654137357563585,1
447,2,0,0,1,0,0.547231418226055,1
448,3,0,0,0,1,0.719260823433585,1
449,4,1,0,0,0,0.719260823433585,1
450,5,0,0,1,0,0.283706339560656,1
451,2,0,1,0,0,0.283706339560656,1
452,1,0,0,0,1,1.26391363498569,1
453,6,0,0,0,1,1.49574758130393,1
454,2,0,0,1,0,3.15169344686481,1
455,1,0,0,1,0,0.41085850862709,1
456,5,0,0,1,0,0.252917581545419,1
457,2,0,0,0,1,0.547231418226055,1
458,9,0,0,0,0,0.214928893121252,1
459,4,0,0,0,1,0.770575420125646,1
460,5,0,0,0,0,0.00786575768916145,1
461,5,0,0,0,1,1.17708234715902,1
462,4,0,0,0,1,0.214928893121252,1
463,1,0,1,0,0,1.17708234715902,1
464,4,0,0,0,1,1.17708234715902,1
465,6,0,1,0,0,0.0874971151068981,1
466,5,0,0,1,0,0.504127157004724,1
467,6,0,0,0,1,0.606927928606888,1
468,2,0,0,0,1,0.327121983473989,1
469,3,0,0,0,1,0.155683569906381,1
470,4,0,0,1,0,0.0657892931502316,1
471,4,0,0,0,0,0.00786575768916145,1
472,3,0,0,1,0,0.0351403396089544,1
473,3,0,0,1,0,0.0514212060764543,1
474,4,0,0,0,0,0.0140235092922089,1
475,2,0,0,0,1,0.547231418226055,1
476,3,1,0,0,0,0.00243880219999482,1
477,1,0,0,0,1,0.133105147361873,1
478,1,0,0,0,1,0.214928893121252,1
479,3,0,0,1,0,1.03204791492336,1
480,6,1,0,0,0,0.606927928606888,1
481,8,0,0,0,1,0.770575420125646,1
482,2,0,1,0,0,1.49574758130393,1
483,5,0,0,0,1,1.26391363498569,1
484,3,1,0,0,0,4.37124600170902,1
485,4,0,1,0,0,0.41085850862709,1
486,1,0,0,1,0,0.283706339560656,1
487,4,0,0,1,0,0.00786575768916145,1
488,0,0,1,0,0,0.972522982760572,1
489,3,0,1,0,0,1.85254130834696,1
490,5,0,1,0,0,0.449857602113057,1
491,5,0,0,0,1,0.283706339560656,1
492,5,1,0,0,0,2.45922282309549,1
493,4,0,0,0,1,2.45922282309549,1
494,2,0,0,0,1,4.08733488884075,1
495,1,1,0,0,0,0.896545605912239,1
496,4,0,0,0,1,2.45922282309549,1
497,2,1,0,0,0,0.10597036991604,1
498,1,0,0,0,1,0.449857602113057,1
499,2,0,0,0,0,4.20843733703402,1
500,3,0,0,1,0,1.33164890261921,1
501,4,0,0,0,0,0.896545605912239,1
502,5,0,1,0,0,0.00243880219999482,1
503,3,0,0,0,1,0.18824530284138,1
504,3,0,0,1,0,1.03204791492336,1
505,4,0,1,0,0,2.15920242197777,1
506,3,0,0,0,0,1.26391363498569,1
507,6,0,1,0,0,0.0657892931502316,1
508,7,0,0,1,0,0.000386218332312358,1
509,3,0,0,1,0,0.000386218332312358,1
510,3,1,0,0,0,1.11345224726086,1
511,5,0,1,0,0,0.547231418226055,1
512,4,1,0,0,0,1.49574758130393,1
513,10,0,0,1,0,1.11345224726086,1
514,6,0,0,1,0,0.0514212060764543,1
515,0,0,0,1,0,0.00243880219999482,1
516,3,0,0,0,1,5.93378341441831,1
517,2,0,0,0,1,1.77249053750734,1
518,4,0,0,0,1,0.547231418226055,1
519,3,0,0,0,1,0.133105147361873,1
520,4,0,0,0,1,0.362015909224591,1
521,2,0,1,0,0,0.362015909224591,1
522,4,0,0,0,1,0.155683569906381,1
523,2,0,0,1,0,3.81295589919702,1
524,16,0,1,0,0,0.0657892931502316,1
525,5,0,0,0,1,0.841125841484812,1
526,9,0,0,0,1,0.362015909224591,1
527,9,0,0,1,0,0.00786575768916145,1
528,2,1,0,0,0,0.606927928606888,1
529,2,0,0,1,0,0.972522982760572,1
530,4,0,0,0,0,2.6805142411274,1
531,5,0,0,0,1,0.10597036991604,1
532,2,1,0,0,0,0.547231418226055,1
533,2,0,0,0,0,3.54810903277782,1
534,6,0,0,0,1,1.33164890261921,1
535,2,0,1,0,0,1.03204791492336,1
536,4,0,0,0,1,2.6805142411274,1
537,9,0,0,0,1,0.41085850862709,1
538,2,0,0,0,1,0.841125841484812,1
539,1,0,0,0,1,0.283706339560656,1
540,4,1,0,0,0,0.362015909224591,1
541,4,1,0,0,0,1.33164890261921,1
542,3,0,1,0,0,3.15169344686481,1
543,11,0,0,1,0,1.11345224726086,1
544,3,0,0,0,0,3.54810903277782,1
545,2,0,0,1,0,2.04523635670527,1
546,9,0,0,0,1,0.0140235092922089,1
547,6,0,0,0,1,0.770575420125646,1
548,5,0,0,1,0,0.504127157004724,1
549,7,0,0,1,0,0.10597036991604,1
550,4,0,0,0,1,0.252917581545419,1
551,0,0,0,0,0,4.37124600170902,1
552,3,1,0,0,0,0.362015909224591,1
553,1,0,0,1,0,4.08733488884075,1
554,5,1,0,0,0,1.03204791492336,1
555,0,0,0,0,1,0.0351403396089544,1
556,2,1,0,0,0,2.36685654904978,1
557,3,0,1,0,0,1.42390714593504,1
558,1,0,0,0,1,0.0351403396089544,1
559,2,1,0,0,0,0.00243880219999482,1
560,9,0,0,0,1,0.41085850862709,1
561,1,0,0,0,1,1.11345224726086,1
562,1,0,0,0,1,0.770575420125646,1
563,2,0,0,0,1,2.24746352828812,1
564,6,1,0,0,0,0.0514212060764543,1
565,5,0,0,1,0,1.03204791492336,1
566,4,0,0,1,0,0.654137357563585,1
567,3,1,0,0,0,0.0657892931502316,1
568,3,0,0,0,0,0.000386218332312358,1
569,4,0,0,1,0,1.59343278010892,1
570,8,0,0,1,0,0.133105147361873,1
571,2,0,0,0,1,0.0874971151068981,1
572,4,0,0,0,1,1.49574758130393,1
573,4,0,0,0,0,0.719260823433585,1
574,4,0,0,0,1,0.10597036991604,1
575,6,0,1,0,0,0.547231418226055,1
576,5,0,0,0,0,0.000386218332312358,1
577,0,0,0,0,0,3.92995317965492,1
578,5,0,0,0,1,0.0248774202705421,1
579,0,0,0,0,1,1.11345224726086,1
580,6,0,0,0,1,0.0248774202705421,1
581,3,0,0,0,1,0.283706339560656,1
582,4,0,0,0,0,2.04523635670527,1
583,2,0,0,0,1,1.85254130834696,1
584,3,0,0,0,1,1.77249053750734,1
585,1,0,1,0,0,1.26391363498569,1
586,1,0,0,1,0,1.42390714593504,1
587,3,0,0,0,1,0.547231418226055,1
588,4,0,0,0,1,0.654137357563585,1
589,8,0,0,0,1,0.0140235092922089,1
590,0,0,0,0,1,2.15920242197777,1
591,8,0,0,0,0,0.214928893121252,1
592,1,0,0,0,0,5.74383997229748,1
593,5,0,0,1,0,0.606927928606888,1
594,5,0,0,0,1,1.59343278010892,1
595,6,0,1,0,0,0.896545605912239,1
596,4,0,1,0,0,0.000386218332312358,1
597,2,0,1,0,0,1.11345224726086,1
598,9,0,0,0,1,0.654137357563585,1
599,8,0,0,0,0,0.10597036991604,1
600,2,0,0,0,1,4.20843733703402,1
601,3,1,0,0,0,0.0657892931502316,1
602,10,0,0,0,0,0.0351403396089544,1
603,3,0,0,0,1,0.252917581545419,1
604,2,0,0,1,0,2.45922282309549,1
605,4,1,0,0,0,0.0657892931502316,1
606,3,0,0,0,1,0.449857602113057,1
607,6,0,0,0,1,0.283706339560656,1
608,5,0,1,0,0,1.11345224726086,1
609,1,0,0,0,1,2.36685654904978,1
610,10,0,1,0,0,0.972522982760572,1
611,6,0,0,0,0,0.18824530284138,1
612,5,0,0,1,0,0.719260823433585,1
613,3,0,0,0,1,2.6805142411274,1
614,5,0,1,0,0,0.41085850862709,1
615,4,0,0,0,1,0.896545605912239,1
616,1,1,0,0,0,0.449857602113057,1
617,5,0,0,0,1,0.252917581545419,1
618,0,0,0,1,0,0.10597036991604,1
619,2,0,0,0,0,0.0248774202705421,1
620,4,0,0,0,1,0.41085850862709,1
621,1,0,0,0,1,1.11345224726086,1
622,0,0,0,0,1,0.327121983473989,1
623,6,1,0,0,0,0.252917581545419,1
624,4,0,0,0,0,0.283706339560656,1
625,0,1,0,0,0,2.36685654904978,1
626,5,0,1,0,0,0.41085850862709,1
627,3,1,0,0,0,2.04523635670527,1
628,4,0,0,0,1,0.654137357563585,1
629,6,0,0,0,1,1.26391363498569,1
630,2,0,0,0,1,1.49574758130393,1
631,1,1,0,0,0,0.719260823433585,1
632,0,0,1,0,0,0.0140235092922089,1
633,5,0,0,0,0,2.24746352828812,1
634,1,0,0,0,1,0.504127157004724,1
635,7,0,0,0,1,2.24746352828812,1
636,3,0,1,0,0,0.606927928606888,1
637,4,0,0,0,0,0.547231418226055,1
638,5,0,1,0,0,0.449857602113057,1
639,6,0,0,0,1,4.96766459711914,1
640,1,0,0,0,0,5.1010825485185,1
641,3,0,0,1,0,1.17708234715902,1
642,9,0,0,0,1,0.283706339560656,1
643,4,0,0,1,0,0.00786575768916145,1
644,0,0,0,0,1,0.0514212060764543,1
645,4,0,0,0,0,0.547231418226055,1
646,1,0,0,0,1,3.04701166961301,1
647,8,0,0,1,0,0.10597036991604,1
648,3,1,0,0,0,0.841125841484812,1
649,2,0,0,0,1,0.654137357563585,1
650,7,0,0,0,1,0.0351403396089544,1
651,2,0,0,0,0,0.00243880219999482,1
652,3,0,0,0,1,0.0657892931502316,1
653,1,0,0,1,0,2.58404279934633,1
654,7,0,1,0,0,3.29279428958315,1
655,7,0,0,1,0,0.0657892931502316,1
656,5,0,0,1,0,0.000386218332312358,1
657,1,1,0,0,0,0.972522982760572,1
658,4,0,0,0,1,0.547231418226055,1
659,2,1,0,0,0,0.0874971151068981,1
660,6,1,0,0,0,1.33164890261921,1
661,2,0,0,1,0,0.000386218332312358,1
662,0,0,0,1,0,1.96108041813029,1
663,1,0,0,1,0,0.770575420125646,1
664,3,0,0,0,0,0.00243880219999482,1
665,4,1,0,0,0,0.0514212060764543,1
666,4,1,0,0,0,1.26391363498569,1
667,3,1,0,0,0,1.03204791492336,1
668,1,0,0,0,1,1.42390714593504,1
669,3,0,0,1,0,0.896545605912239,1
670,5,0,0,0,1,0.770575420125646,1
671,6,0,0,1,0,0.0514212060764543,1
672,2,0,0,0,0,2.36685654904978,1
673,1,0,0,1,0,0.00786575768916145,1
674,5,0,0,0,1,1.85254130834696,1
675,7,0,0,1,0,0.10597036991604,1
676,3,0,1,0,0,0.41085850862709,1
677,1,0,0,0,0,0.252917581545419,1
678,7,0,0,0,1,0.00786575768916145,1
679,4,0,0,1,0,0.770575420125646,1
680,4,0,0,0,0,0.18824530284138,1
681,3,0,0,1,0,0.000386218332312358,1
682,1,0,0,0,0,0.18824530284138,1
683,4,0,0,1,0,1.11345224726086,1
684,9,0,0,0,1,0.0657892931502316,1
685,4,0,0,1,0,0.719260823433585,1
686,6,0,0,1,0,0.10597036991604,1
687,0,0,0,0,0,1.59343278010892,1
688,0,0,0,0,0,1.77249053750734,1
689,3,0,1,0,0,0.0140235092922089,1
690,5,0,0,1,0,0.606927928606888,1
691,5,0,0,0,0,0.000386218332312358,1
692,5,0,0,0,1,0.000386218332312358,1
693,8,0,0,0,1,0.00786575768916145,1
694,5,1,0,0,0,0.0514212060764543,1
695,1,0,0,1,0,0.841125841484812,1
696,1,0,0,1,0,0.841125841484812,1
697,9,0,0,0,1,1.26391363498569,1
698,3,0,0,0,1,1.66937838321318,1
699,4,0,0,0,0,0.00786575768916145,1
700,5,0,0,0,1,2.04523635670527,1
701,4,0,0,0,1,2.6805142411274,1
702,1,0,0,0,1,2.8107611728674,1
703,2,0,1,0,0,0.896545605912239,1
704,3,1,0,0,0,1.85254130834696,1
705,4,1,0,0,0,0.283706339560656,1
706,4,0,0,1,0,0.0657892931502316,1
707,6,0,0,0,1,0.0657892931502316,1
708,2,0,0,0,1,1.66937838321318,1
709,3,0,0,0,1,0.155683569906381,1
710,2,0,0,1,0,0.0351403396089544,1
711,0,0,0,1,0,1.49574758130393,1
712,3,0,0,1,0,0.0874971151068981,1
713,8,1,0,0,0,0.719260823433585,1
714,4,0,0,0,1,0.770575420125646,1
715,3,0,0,0,0,0.0351403396089544,1
716,3,0,0,0,1,3.40158123457032,1
717,1,0,1,0,0,1.26391363498569,1
718,9,0,0,0,1,0.504127157004724,1
719,5,0,1,0,0,0.41085850862709,1
720,4,0,0,1,0,0.000386218332312358,1
721,7,0,0,0,1,1.03204791492336,1
722,1,0,0,0,1,2.15920242197777,1
723,2,0,1,0,0,1.49574758130393,1
724,1,1,0,0,0,0.000386218332312358,1
725,5,0,0,1,0,0.362015909224591,1
726,4,0,0,0,1,0.133105147361873,1
727,3,0,1,0,0,0.362015909224591,1
728,4,1,0,0,0,3.54810903277782,1
729,1,0,0,0,1,0.0351403396089544,1
730,1,1,0,0,0,1.96108041813029,1
731,1,0,0,0,1,0.00786575768916145,1
732,6,0,0,0,1,0.972522982760572,1
733,8,0,0,0,0,0.252917581545419,1
734,6,1,0,0,0,0.000386218332312358,1
735,3,1,0,0,0,1.03204791492336,1
736,5,1,0,0,0,1.26391363498569,1
737,3,0,0,1,0,0.896545605912239,1
738,2,0,0,0,1,0.449857602113057,1
739,5,0,0,0,1,0.214928893121252,1
740,4,0,1,0,0,1.03204791492336,1
741,8,0,0,1,0,0.41085850862709,1
742,5,0,1,0,0,1.17708234715902,1
743,5,0,0,0,0,1.85254130834696,1
744,3,0,0,0,1,0.0248774202705421,1
745,3,0,0,0,1,1.17708234715902,1
746,4,0,0,0,1,0.896545605912239,1
747,3,0,0,0,1,0.10597036991604,1
748,7,1,0,0,0,0.10597036991604,1
749,1,0,0,1,0,0.0351403396089544,1
750,3,1,0,0,0,2.04523635670527,1
751,2,0,0,0,0,0.770575420125646,1
752,2,0,0,1,0,1.59343278010892,1
753,4,1,0,0,0,0.18824530284138,1
754,2,0,0,0,1,0.155683569906381,1
755,7,0,0,0,1,0.770575420125646,1
756,4,1,0,0,0,0.000386218332312358,1
757,5,0,0,1,0,0.41085850862709,1
758,5,0,0,0,1,0.214928893121252,1
759,5,0,1,0,0,0.0657892931502316,1
760,4,0,0,1,0,1.77249053750734,1
761,4,0,0,0,1,0.000386218332312358,1
762,8,0,0,0,1,0.547231418226055,1
763,4,1,0,0,0,0.10597036991604,1
764,8,0,0,0,1,1.11345224726086,1
765,5,1,0,0,0,2.04523635670527,1
766,2,0,0,1,0,0.362015909224591,1
767,5,0,0,0,1,0.0140235092922089,1
768,1,0,0,0,1,0.719260823433585,1
769,6,0,0,0,1,0.362015909224591,1
770,3,0,1,0,0,3.29279428958315,1
771,4,0,0,1,0,0.896545605912239,1
772,4,0,0,0,0,2.45922282309549,1
773,1,0,0,1,0,4.66468923780181,1
774,9,0,0,0,1,1.33164890261921,1
775,5,0,0,0,1,2.58404279934633,1
776,1,0,0,0,0,0.133105147361873,1
777,4,0,0,0,0,0.283706339560656,1
778,4,0,0,0,1,1.77249053750734,1
779,6,0,0,0,1,0.000386218332312358,1
780,3,0,1,0,0,0.0514212060764543,1
781,6,1,0,0,0,0.10597036991604,1
782,2,0,0,0,1,4.96766459711914,1
783,6,0,0,1,0,1.49574758130393,1
784,2,0,0,0,0,4.20843733703402,1
785,4,0,0,0,0,1.85254130834696,1
786,1,1,0,0,0,1.26391363498569,1
787,6,0,1,0,0,0.0140235092922089,1
788,4,0,0,0,0,2.45922282309549,1
789,4,1,0,0,0,2.04523635670527,1
790,2,0,0,1,0,0.327121983473989,1
791,2,1,0,0,0,0.449857602113057,1
792,3,0,0,0,1,0.896545605912239,1
793,2,0,0,1,0,0.606927928606888,1
794,8,0,0,0,1,0.327121983473989,1
795,6,0,0,1,0,0.133105147361873,1
796,4,0,0,0,1,2.8107611728674,1
797,3,0,0,1,0,2.36685654904978,1
798,2,0,1,0,0,2.24746352828812,1
799,4,0,0,0,1,0.214928893121252,1
800,5,0,0,1,0,0.449857602113057,1
801,7,0,1,0,0,1.03204791492336,1
802,2,1,0,0,0,0.449857602113057,1
803,4,0,0,0,0,0.283706339560656,1
804,4,0,0,0,1,0.0874971151068981,1
805,8,0,0,0,1,0.362015909224591,1
806,3,0,0,0,1,2.24746352828812,1
807,2,0,0,0,0,0.547231418226055,1
808,4,0,0,0,1,0.0248774202705421,1
809,3,0,0,0,0,1.03204791492336,1
810,1,0,0,0,0,0.0248774202705421,1
811,1,0,1,0,0,2.15920242197777,1
812,6,0,0,0,1,0.000386218332312358,1
813,4,0,1,0,0,0.252917581545419,1
814,2,0,1,0,0,0.719260823433585,1
815,3,0,0,1,0,2.04523635670527,1
816,3,0,0,0,1,0.0351403396089544,1
817,1,0,0,0,1,2.15920242197777,1
818,12,1,0,0,0,0.252917581545419,1
819,4,0,0,1,0,1.49574758130393,1
820,4,1,0,0,0,3.66100114550035,1
821,4,0,0,0,0,0.133105147361873,1
822,3,0,0,1,0,0.0874971151068981,1
823,4,0,1,0,0,0.0657892931502316,1
824,1,1,0,0,0,2.58404279934633,1
825,3,0,0,1,0,2.04523635670527,1
826,5,0,0,0,1,1.03204791492336,1
827,1,1,0,0,0,1.11345224726086,1
828,3,0,0,1,0,0.449857602113057,1
829,4,0,0,0,0,1.03204791492336,1
830,2,0,0,0,1,1.26391363498569,1
831,9,0,0,0,1,1.26391363498569,1
832,4,0,0,0,1,0.18824530284138,1
833,11,0,0,0,1,0.0657892931502316,1
834,1,0,0,0,1,1.17708234715902,1
835,4,0,0,0,1,0.770575420125646,1
836,0,1,0,0,0,1.26391363498569,1
837,2,1,0,0,0,0.654137357563585,1
838,1,0,0,0,1,0.449857602113057,1
839,3,0,0,1,0,0.0657892931502316,1
840,5,0,0,0,1,2.24746352828812,1
841,1,0,0,0,1,5.280172079661,1
842,5,0,0,0,1,2.15920242197777,1
843,4,0,0,1,0,3.15169344686481,1
844,2,1,0,0,0,2.04523635670527,1
845,4,0,0,1,0,0.214928893121252,1
846,3,0,0,0,1,0.155683569906381,1
847,6,0,0,0,1,0.0351403396089544,1
848,1,0,1,0,0,1.42390714593504,1
849,4,0,0,0,1,0.896545605912239,1
850,5,0,0,0,1,0.0514212060764543,1
851,4,0,1,0,0,0.972522982760572,1
852,4,0,0,0,0,0.606927928606888,1
853,3,0,0,1,0,0.547231418226055,1
854,6,0,0,1,0,1.17708234715902,1
855,3,0,0,0,1,0.504127157004724,1
856,1,0,0,1,0,1.17708234715902,1
857,9,0,0,0,1,0.362015909224591,1
858,5,0,0,1,0,0.10597036991604,1
859,3,0,0,0,1,0.0657892931502316,1
860,4,1,0,0,0,4.96766459711914,1
861,4,1,0,0,0,0.214928893121252,1
862,2,0,0,0,1,0.000386218332312358,1
863,3,0,1,0,0,3.15169344686481,1
864,10,0,0,1,0,1.77249053750734,1
865,5,0,0,0,1,0.449857602113057,1
866,4,0,0,0,1,0.719260823433585,1
867,6,1,0,0,0,0.283706339560656,1
868,4,1,0,0,0,0.0140235092922089,1
869,3,0,0,1,0,0.133105147361873,1
870,1,0,0,0,1,1.26391363498569,1
871,3,0,0,0,1,0.0874971151068981,1
872,4,0,0,0,0,0.252917581545419,1
873,2,0,0,0,1,0.133105147361873,1
874,2,0,0,0,1,1.85254130834696,1
875,3,0,0,1,0,1.17708234715902,1
876,5,0,1,0,0,0.133105147361873,1
877,5,1,0,0,0,1.42390714593504,1
878,1,0,0,0,0,0.972522982760572,1
879,3,1,0,0,0,0.00243880219999482,1
880,4,0,0,0,1,0.362015909224591,1
881,5,0,0,0,1,0.770575420125646,1
882,9,1,0,0,0,0.0351403396089544,1
883,5,0,1,0,0,0.654137357563585,1
884,1,0,0,0,0,2.8107611728674,1
885,1,0,0,0,1,0.719260823433585,1
886,8,0,0,0,1,0.10597036991604,1
887,2,1,0,0,0,0.606927928606888,1
888,1,0,0,0,1,0.0657892931502316,1
889,5,0,0,1,0,0.654137357563585,1
890,3,0,0,0,1,2.45922282309549,1
891,0,0,1,0,0,3.54810903277782,1
892,1,0,0,0,1,4.37124600170902,1
893,8,0,0,0,1,0.000386218332312358,1
894,3,0,0,0,1,0.000386218332312358,1
895,9,0,0,0,1,0.00786575768916145,1
896,2,0,0,0,0,1.33164890261921,1
897,3,0,1,0,0,2.24746352828812,1
898,2,0,1,0,0,0.0657892931502316,1
899,0,0,0,0,0,0.214928893121252,1
900,4,0,0,0,1,1.26391363498569,1
901,2,0,0,0,1,1.33164890261921,1
902,3,0,0,1,0,0.41085850862709,1
903,3,0,0,0,1,0.000386218332312358,1
904,4,0,0,1,0,2.04523635670527,1
905,2,1,0,0,0,1.17708234715902,1
906,1,0,0,1,0,1.49574758130393,1
907,4,0,0,0,1,0.972522982760572,1
908,2,0,0,0,1,0.133105147361873,1
909,0,0,0,0,1,1.59343278010892,1
910,2,0,1,0,0,1.33164890261921,1
911,3,1,0,0,0,4.08733488884075,1
912,1,1,0,0,0,1.42390714593504,1
913,5,0,0,0,1,0.10597036991604,1
914,5,0,0,0,1,0.214928893121252,1
915,2,0,0,0,1,0.0248774202705421,1
916,2,1,0,0,0,1.96108041813029,1
917,2,0,0,0,1,2.45922282309549,1
918,3,0,0,0,1,0.00243880219999482,1
919,2,0,0,0,1,3.66100114550035,1
920,5,0,0,0,0,0.214928893121252,1
921,2,0,0,0,1,2.04523635670527,1
922,4,1,0,0,0,0.0140235092922089,1
923,4,0,0,0,0,0.10597036991604,1
924,5,0,0,0,1,0.10597036991604,1
925,3,0,0,0,1,0.362015909224591,1
926,3,1,0,0,0,0.41085850862709,1
927,5,0,1,0,0,0.133105147361873,1
928,0,0,0,0,1,0.252917581545419,1
929,1,1,0,0,0,0.606927928606888,1
930,6,0,0,0,1,0.0657892931502316,1
931,5,0,0,1,0,0.0351403396089544,1
932,4,1,0,0,0,0.770575420125646,1
933,4,0,0,0,1,1.17708234715902,1
934,2,0,1,0,0,0.606927928606888,1
935,3,0,0,0,1,0.654137357563585,1
936,5,1,0,0,0,0.504127157004724,1
937,9,0,1,0,0,0.0657892931502316,1
938,8,0,1,0,0,0.0514212060764543,1
939,0,0,1,0,0,5.93378341441831,1
940,1,0,0,0,1,1.26391363498569,1
941,3,0,0,1,0,0.654137357563585,1
942,7,0,0,0,1,0.449857602113057,1
943,4,1,0,0,0,0.155683569906381,1
944,1,0,0,0,1,0.18824530284138,1
945,4,1,0,0,0,1.33164890261921,1
946,6,0,0,0,1,0.000386218332312358,1
947,2,0,0,0,0,0.0248774202705421,1
948,3,0,0,0,1,0.896545605912239,1
949,4,1,0,0,0,2.04523635670527,1
950,3,0,0,0,1,0.214928893121252,1
951,6,0,0,1,0,0.449857602113057,1
952,2,0,1,0,0,0.0351403396089544,1
953,3,1,0,0,0,1.96108041813029,1
954,3,0,0,1,0,0.547231418226055,1
955,4,0,0,0,1,0.841125841484812,1
956,2,0,0,0,1,0.606927928606888,1
957,3,0,0,0,1,2.6805142411274,1
958,1,0,0,0,0,3.29279428958315,1
959,0,0,1,0,0,0.719260823433585,1
960,2,0,0,0,1,0.841125841484812,1
961,3,1,0,0,0,0.18824530284138,1
962,3,0,0,1,0,3.29279428958315,1
963,2,0,0,0,1,0.327121983473989,1
964,7,0,0,0,1,0.362015909224591,1
965,2,0,0,0,1,2.8107611728674,1
966,0,1,0,0,0,0.0248774202705421,1
967,6,0,0,1,0,0.0874971151068981,1
968,3,0,0,0,0,0.0351403396089544,1
969,4,0,0,0,0,0.00243880219999482,1
970,2,0,0,0,0,0.0351403396089544,1
971,0,0,0,0,1,1.17708234715902,1
972,1,0,0,0,0,2.8107611728674,1
973,3,0,1,0,0,0.0248774202705421,1
974,5,1,0,0,0,0.362015909224591,1
975,5,0,0,1,0,1.17708234715902,1
976,6,0,0,0,1,1.49574758130393,1
977,4,0,0,0,0,0.770575420125646,1
978,6,0,0,1,0,0.0657892931502316,1
979,5,1,0,0,0,0.841125841484812,1
980,3,0,0,1,0,1.85254130834696,1
981,5,0,0,0,0,1.49574758130393,1
982,4,0,0,0,1,0.41085850862709,1
983,5,1,0,0,0,1.42390714593504,1
984,2,0,0,1,0,0.18824530284138,1
985,4,0,0,0,0,2.8107611728674,1
986,2,0,0,0,0,0.449857602113057,1
987,5,0,0,0,0,0.841125841484812,1
988,2,0,0,1,0,0.214928893121252,1
989,6,0,0,1,0,2.36685654904978,1
990,4,0,1,0,0,0.0140235092922089,1
991,2,1,0,0,0,3.15169344686481,1
992,0,0,0,1,0,4.08733488884075,1
993,3,0,0,1,0,0.0248774202705421,1
994,6,0,0,0,0,1.26391363498569,1
995,5,0,1,0,0,0.000386218332312358,1
996,1,1,0,0,0,2.8107611728674,1
997,1,0,0,0,0,0.327121983473989,1
998,4,1,0,0,0,0.00243880219999482,1
999,1,0,1,0,0,3.81295589919702,1
1000,4,1,0,0,0,0.0140235092922089,1
1001,4,1,0,0,0,4.66468923780181,1
1002,3,0,0,1,0,0.283706339560656,1
1003,1,0,0,1,0,0.252917581545419,1
1004,3,0,0,1,0,1.66937838321318,1
1005,0,1,0,0,0,0.00243880219999482,1
1006,7,0,0,0,1,0.283706339560656,1
1007,3,0,0,1,0,0.606927928606888,1
1008,3,0,0,0,1,0.252917581545419,1
1009,6,0,0,0,0,0.283706339560656,1
1010,3,1,0,0,0,0.770575420125646,1
1011,4,0,1,0,0,0.252917581545419,1
1012,1,0,0,1,0,1.03204791492336,1
1013,6,0,0,0,1,0.000386218332312358,1
1014,7,0,0,0,1,0.10597036991604,1
1015,7,0,0,0,1,0.449857602113057,1
1016,1,0,0,0,1,1.66937838321318,1
1017,3,0,0,0,1,2.6805142411274,1
1018,0,1,0,0,0,9.77376748167677,1
1019,2,0,1,0,0,0.0657892931502316,1
1020,6,0,0,1,0,0.770575420125646,1
1021,2,0,0,0,0,1.17708234715902,1
1022,0,0,0,0,1,1.96108041813029,1
1023,3,0,0,1,0,1.85254130834696,1
1024,6,0,0,0,1,2.8107611728674,1
1025,1,0,0,0,0,1.77249053750734,1
1026,3,1,0,0,0,0.896545605912239,1
1027,11,0,1,0,0,1.77249053750734,1
1028,3,0,0,0,1,0.41085850862709,1
1029,3,0,0,0,1,0.283706339560656,1
1030,5,0,1,0,0,1.49574758130393,1
1031,2,0,0,1,0,3.40158123457032,1
1032,1,0,0,1,0,0.0140235092922089,1
1033,6,0,0,1,0,0.972522982760572,1
1034,3,0,0,0,1,0.504127157004724,1
1035,3,0,0,0,1,0.18824530284138,1
1036,2,0,0,0,1,0.283706339560656,1
1037,12,1,0,0,0,0.155683569906381,1
1038,1,0,0,0,1,2.8107611728674,1
1039,2,0,1,0,0,2.91133778238384,1
1040,7,0,0,1,0,0.000386218332312358,1
1041,7,0,0,0,1,0.0140235092922089,1
1042,2,0,0,0,1,2.36685654904978,1
1043,4,0,0,0,1,3.29279428958315,1
1044,2,0,0,1,0,2.6805142411274,1
1045,1,0,0,0,0,1.11345224726086,1
1046,2,0,1,0,0,2.04523635670527,1
1047,8,0,0,1,0,0.327121983473989,1
1048,5,0,0,0,1,0.00243880219999482,1
1049,6,0,0,0,0,1.17708234715902,1
1050,4,0,1,0,0,0.155683569906381,1
1051,6,0,0,1,0,1.85254130834696,1
1052,4,0,1,0,0,0.362015909224591,1
1053,1,0,0,0,1,0.0248774202705421,1
1054,2,1,0,0,0,0.547231418226055,1
1055,3,0,1,0,0,0.214928893121252,1
1056,5,0,1,0,0,1.49574758130393,1
1057,3,0,0,0,0,0.0248774202705421,1
1058,5,0,0,1,0,0.654137357563585,1
1059,8,0,0,0,1,0.449857602113057,1
1060,2,0,0,0,1,0.719260823433585,1
1061,5,0,0,0,0,0.10597036991604,1
1062,7,0,1,0,0,0.155683569906381,1
1063,1,0,0,0,1,0.841125841484812,1
1064,4,0,0,0,1,0.770575420125646,1
1065,4,0,0,0,1,0.0248774202705421,1
1066,4,0,0,0,0,1.17708234715902,1
1067,2,0,1,0,0,0.449857602113057,1
1068,4,0,0,0,1,2.24746352828812,1
1069,3,1,0,0,0,0.0657892931502316,1
1070,6,0,1,0,0,0.327121983473989,1
1071,3,0,0,0,0,0.896545605912239,1
1072,2,1,0,0,0,1.85254130834696,1
1073,2,0,0,0,0,0.283706339560656,1
1074,5,0,0,1,0,0.18824530284138,1
1075,8,0,0,1,0,1.11345224726086,1
1076,1,0,0,0,1,0.547231418226055,1
1077,4,1,0,0,0,0.283706339560656,1
1078,3,0,0,0,0,0.155683569906381,1
1079,4,0,1,0,0,0.896545605912239,1
1080,7,0,0,0,1,0.362015909224591,1
1081,4,0,0,0,0,0.00786575768916145,1
1082,1,0,0,1,0,2.91133778238384,1
1083,7,0,0,0,1,0.133105147361873,1
1084,5,0,0,1,0,1.85254130834696,1
1085,3,0,1,0,0,1.03204791492336,1
1086,1,0,1,0,0,0.18824530284138,1
1087,4,0,0,1,0,0.719260823433585,1
1088,7,0,0,0,0,1.66937838321318,1
1089,4,0,0,0,1,1.11345224726086,1
1090,1,0,1,0,0,2.36685654904978,1
1091,7,0,0,0,1,0.362015909224591,1
1092,2,0,1,0,0,0.0874971151068981,1
1093,0,0,0,0,1,0.896545605912239,1
1094,4,0,1,0,0,2.36685654904978,1
1095,2,0,1,0,0,0.504127157004724,1
1096,2,0,0,1,0,0.10597036991604,1
1097,3,0,0,1,0,0.214928893121252,1
1098,3,1,0,0,0,0.504127157004724,1
1099,4,0,0,0,1,0.00786575768916145,1
1100,6,0,0,0,0,0.449857602113057,1
1101,5,0,0,0,1,1.85254130834696,1
1102,3,0,1,0,0,0.0514212060764543,1
1103,5,0,0,0,1,0.10597036991604,1
1104,3,0,0,0,1,1.49574758130393,1
1105,4,0,0,0,1,0.504127157004724,1
1106,0,0,0,0,1,0.000386218332312358,1
1107,7,0,0,1,0,0.449857602113057,1
1108,6,0,0,0,1,0.0248774202705421,1
1109,1,0,0,0,1,0.0351403396089544,1
1110,8,0,0,0,1,0.0657892931502316,1
1111,6,0,0,0,1,0.0514212060764543,1
1112,3,0,0,0,1,2.24746352828812,1
1113,3,0,1,0,0,0.252917581545419,1
1114,6,0,0,0,1,0.327121983473989,1
1115,2,0,0,0,1,1.59343278010892,1
1116,1,0,0,0,1,0.547231418226055,1
1117,3,0,0,1,0,1.17708234715902,1
1118,1,0,1,0,0,4.08733488884075,1
1119,4,0,0,0,1,0.606927928606888,1
1120,4,1,0,0,0,3.54810903277782,1
1121,8,0,1,0,0,0.283706339560656,1
1122,3,0,0,0,1,0.214928893121252,1
1123,0,0,0,0,1,1.59343278010892,1
1124,2,0,0,1,0,1.66937838321318,1
1125,2,0,0,0,1,0.327121983473989,1
1126,4,1,0,0,0,2.24746352828812,1
1127,7,0,0,0,1,0.41085850862709,1
1128,2,0,0,0,1,0.0514212060764543,1
1129,4,0,0,0,1,0.133105147361873,1
1130,2,0,0,0,1,0.547231418226055,1
1131,3,0,0,1,0,0.362015909224591,1
1132,4,0,0,1,0,0.00786575768916145,1
1133,8,0,0,0,1,0.41085850862709,1
1134,5,0,0,1,0,0.0657892931502316,1
1135,4,0,0,1,0,0.896545605912239,1
1136,3,0,0,0,0,3.66100114550035,1
1137,2,1,0,0,0,1.03204791492336,1
1138,5,0,0,1,0,0.770575420125646,1
1139,1,0,1,0,0,0.654137357563585,1
1140,4,0,0,0,1,1.59343278010892,1
1141,1,0,0,0,0,1.96108041813029,1
1142,6,1,0,0,0,0.719260823433585,1
1143,4,0,1,0,0,0.654137357563585,1
1144,1,0,0,0,0,0.504127157004724,1
1145,0,0,0,0,0,2.24746352828812,1
1146,3,0,0,0,1,2.24746352828812,1
1147,7,1,0,0,0,0.0248774202705421,1
1148,3,1,0,0,0,0.41085850862709,1
1149,2,0,0,0,1,0.00243880219999482,1
1150,0,0,0,0,1,0.000386218332312358,1
1151,9,0,0,0,1,0.449857602113057,1
1152,3,0,0,0,1,2.15920242197777,1
1153,1,0,0,0,0,1.96108041813029,1
1154,2,0,0,0,0,0.18824530284138,1
1155,3,0,0,1,0,0.896545605912239,1
1156,5,1,0,0,0,1.77249053750734,1
1157,3,0,0,0,1,0.0140235092922089,1
1158,6,0,1,0,0,0.896545605912239,1
1159,7,0,1,0,0,0.547231418226055,1
1160,6,0,0,0,1,0.0514212060764543,1
1161,3,0,0,1,0,4.20843733703402,1
1162,1,1,0,0,0,0.841125841484812,1
1163,5,0,1,0,0,1.49574758130393,1
1164,9,0,0,0,1,0.283706339560656,1
1165,7,0,0,0,1,0.504127157004724,1
1166,7,0,0,1,0,1.03204791492336,1
1167,2,0,0,0,1,0.0248774202705421,1
1168,1,0,0,0,1,3.54810903277782,1
1169,4,0,0,1,0,0.214928893121252,1
1170,4,0,0,1,0,0.133105147361873,1
1171,3,0,0,0,1,0.362015909224591,1
1172,2,0,0,0,1,0.504127157004724,1
1173,10,0,0,0,0,0.606927928606888,1
1174,0,1,0,0,0,0.00786575768916145,1
1175,5,0,1,0,0,0.00243880219999482,1
1176,6,0,0,0,1,0.654137357563585,1
1177,5,0,0,1,0,0.000386218332312358,1
1178,5,0,1,0,0,1.33164890261921,1
1179,6,1,0,0,0,0.0351403396089544,1
1180,2,0,0,0,1,2.24746352828812,1
1181,2,0,1,0,0,8.52168496764165,1
1182,7,0,0,0,0,0.000386218332312358,1
1183,4,0,0,1,0,0.00786575768916145,1
1184,3,0,1,0,0,0.155683569906381,1
1185,3,0,0,1,0,2.04523635670527,1
1186,3,0,0,0,1,2.24746352828812,1
1187,3,0,0,0,0,0.00243880219999482,1
1188,5,0,1,0,0,1.59343278010892,1
1189,3,0,0,0,1,2.58404279934633,1
1190,1,0,1,0,0,5.93378341441831,1
1191,1,0,0,0,1,0.00786575768916145,1
1192,3,0,0,1,0,0.10597036991604,1
1193,5,1,0,0,0,0.362015909224591,1
1194,7,0,0,1,0,0.252917581545419,1
1195,2,0,0,0,1,0.0874971151068981,1
1196,11,0,0,0,1,0.18824530284138,1
1197,2,0,1,0,0,0.10597036991604,1
1198,2,0,0,0,1,0.0248774202705421,1
1199,3,0,0,1,0,2.04523635670527,1
1200,7,0,0,0,1,1.03204791492336,1
1201,2,0,0,1,0,0.327121983473989,1
1202,5,0,0,0,0,0.283706339560656,1
1203,5,0,0,0,1,0.0351403396089544,1
1204,0,0,0,0,1,2.8107611728674,1
1205,6,0,0,0,1,0.0657892931502316,1
1206,6,0,1,0,0,0.0140235092922089,1
1207,0,1,0,0,0,0.841125841484812,1
1208,3,0,0,0,1,0.18824530284138,1
1209,3,1,0,0,0,0.00786575768916145,1
1210,1,0,0,0,1,0.0514212060764543,1
1211,3,0,0,1,0,1.42390714593504,1
1212,1,0,0,0,1,0.841125841484812,1
1213,3,0,0,0,1,0.362015909224591,1
1214,5,0,0,0,1,0.155683569906381,1
1215,2,0,0,0,1,0.18824530284138,1
1216,2,1,0,0,0,2.24746352828812,1
1217,1,0,0,0,1,0.0140235092922089,1
1218,9,0,0,1,0,0.252917581545419,1
1219,3,0,0,1,0,1.26391363498569,1
1220,2,1,0,0,0,1.96108041813029,1
1221,6,0,1,0,0,0.133105147361873,1
1222,0,0,0,0,1,1.42390714593504,1
1223,4,0,1,0,0,0.770575420125646,1
1224,3,0,0,0,1,0.10597036991604,1
1225,2,0,0,0,1,2.24746352828812,1
1226,2,0,0,1,0,3.54810903277782,1
1227,2,0,0,0,1,0.10597036991604,1
1228,1,1,0,0,0,0.252917581545419,1
1229,2,0,0,0,1,4.08733488884075,1
1230,6,0,0,0,1,0.41085850862709,1
1231,3,0,0,1,0,0.0248774202705421,1
1232,5,0,0,1,0,1.17708234715902,1
1233,4,0,1,0,0,1.49574758130393,1
1234,5,0,0,0,1,1.17708234715902,1
1235,1,0,0,1,0,0.0351403396089544,1
1236,6,0,0,0,1,0.10597036991604,1
1237,5,1,0,0,0,0.972522982760572,1
1238,2,0,0,0,0,2.6805142411274,1
1239,0,0,0,0,0,0.719260823433585,1
1240,2,0,0,0,1,1.85254130834696,1
1241,2,0,0,0,1,2.45922282309549,1
1242,3,0,0,0,0,0.10597036991604,1
1243,3,0,0,1,0,1.42390714593504,1
1244,1,0,0,0,1,0.327121983473989,1
1245,2,0,0,0,1,1.85254130834696,1
1246,3,0,1,0,0,0.0874971151068981,1
1247,2,0,0,0,1,0.841125841484812,1
1248,3,0,0,0,0,0.214928893121252,1
1249,2,0,0,0,0,0.654137357563585,1
1250,3,0,0,0,1,1.17708234715902,1
1251,5,0,0,0,0,0.0351403396089544,1
1252,3,1,0,0,0,1.17708234715902,1
1253,2,0,0,1,0,0.283706339560656,1
1254,4,0,0,0,1,0.283706339560656,1
1255,2,0,0,0,1,0.00786575768916145,1
1256,0,0,0,0,1,0.504127157004724,1
1257,8,0,0,0,1,0.449857602113057,1
1258,1,0,1,0,0,0.0248774202705421,1
1259,4,0,0,1,0,0.155683569906381,1
1260,2,1,0,0,0,0.504127157004724,1
1261,4,0,0,0,0,0.0248774202705421,1
1262,11,0,0,1,0,2.58404279934633,1
1263,3,0,0,0,1,5.1010825485185,1
1264,10,0,0,1,0,0.362015909224591,1
1265,1,1,0,0,0,0.0140235092922089,1
1266,4,0,0,1,0,0.0140235092922089,1
1267,9,0,0,0,1,1.11345224726086,1
1268,3,0,0,0,1,0.504127157004724,1
1269,14,0,0,0,1,0.000386218332312358,1
1270,6,0,0,0,1,0.283706339560656,1
1271,1,0,1,0,0,1.26391363498569,1
1272,6,1,0,0,0,0.41085850862709,1
1273,3,0,0,1,0,0.252917581545419,1
1274,0,0,1,0,0,2.15920242197777,1
1275,1,0,0,0,0,0.504127157004724,1
1276,5,0,0,0,0,0.719260823433585,1
1277,4,0,0,0,1,1.11345224726086,1
1278,5,1,0,0,0,1.59343278010892,1
1279,4,0,0,0,1,0.283706339560656,1
1280,0,0,0,0,1,0.606927928606888,1
1281,2,1,0,0,0,0.133105147361873,1
1282,1,1,0,0,0,1.42390714593504,1
1283,1,0,0,0,1,0.41085850862709,1
1284,6,0,0,1,0,1.59343278010892,1
1285,4,0,0,0,1,0.214928893121252,1
1286,4,0,0,0,1,2.15920242197777,1
1287,2,0,0,0,1,0.133105147361873,1
1288,5,0,0,0,0,0.283706339560656,1
1289,0,0,0,0,1,0.0874971151068981,1
1290,9,0,0,0,1,0.18824530284138,1
1291,4,1,0,0,0,0.18824530284138,1
1292,5,1,0,0,0,0.719260823433585,1
1293,3,1,0,0,0,2.36685654904978,1
1294,9,0,0,0,1,0.10597036991604,1
1295,4,0,0,0,1,0.719260823433585,1
1296,4,0,0,1,0,0.00243880219999482,1
1297,3,0,1,0,0,0.0248774202705421,1
1298,2,0,0,0,1,0.00243880219999482,1
1299,7,0,0,0,1,0.0140235092922089,1
1300,2,0,0,0,1,0.0248774202705421,1
1301,4,0,0,0,1,0.654137357563585,1
1302,1,0,0,1,0,1.11345224726086,1
1303,1,0,0,0,1,5.60221168542739,1
1304,2,0,0,0,0,0.0140235092922089,1
1305,4,0,0,0,0,0.283706339560656,1
1306,1,0,0,0,1,1.85254130834696,1
1307,3,0,0,0,1,0.18824530284138,1
1308,0,1,0,0,0,0.0248774202705421,1
1309,3,1,0,0,0,4.49645361763765,1
1310,9,0,0,1,0,0.0514212060764543,1
1311,2,0,1,0,0,2.58404279934633,1
1312,2,0,0,1,0,0.327121983473989,1
1313,1,0,1,0,0,2.36685654904978,1
1314,6,1,0,0,0,1.49574758130393,1
1315,7,0,0,0,1,0.155683569906381,1
1316,6,0,0,1,0,0.0248774202705421,1
1317,4,0,0,1,0,0.770575420125646,1
1318,1,0,0,1,0,0.214928893121252,1
1319,5,0,0,1,0,0.0514212060764543,1
1320,5,0,0,0,1,1.11345224726086,1
1321,7,0,0,0,1,0.155683569906381,1
1322,6,0,0,0,1,0.000386218332312358,1
1323,5,0,0,1,0,0.000386218332312358,1
1324,1,0,1,0,0,2.36685654904978,1
1325,3,0,0,1,0,0.972522982760572,1
1326,1,0,0,0,0,0.972522982760572,1
1327,3,0,1,0,0,0.896545605912239,1
1328,6,0,1,0,0,4.08733488884075,1
1329,3,0,0,0,1,0.770575420125646,1
1330,7,0,0,1,0,6.62552324207375,1
1331,7,0,0,0,1,1.33164890261921,1
1332,2,1,0,0,0,0.000386218332312358,1
1333,4,0,0,1,0,0.000386218332312358,1
1334,4,1,0,0,0,0.896545605912239,1
1335,4,0,0,0,1,0.362015909224591,1
1336,2,0,0,0,1,3.04701166961301,1
1337,4,0,1,0,0,0.000386218332312358,1
1338,4,0,0,0,1,0.654137357563585,1
1339,4,0,0,0,1,0.547231418226055,1
1340,3,0,0,0,1,0.00243880219999482,1
1341,1,0,1,0,0,3.92995317965492,1
1342,8,0,1,0,0,0.606927928606888,1
1343,2,0,0,0,0,0.719260823433585,1
1344,5,0,0,1,0,0.0657892931502316,1
1345,6,0,0,0,1,1.49574758130393,1
1346,2,0,0,0,1,0.133105147361873,1
1347,8,0,1,0,0,0.133105147361873,1
1348,4,0,0,0,1,1.03204791492336,1
1349,4,0,0,0,1,0.606927928606888,1
1350,4,0,0,0,1,1.96108041813029,1
1351,1,0,1,0,0,0.0248774202705421,1
1352,3,0,0,0,1,0.504127157004724,1
1353,5,0,0,0,0,1.59343278010892,1
1354,3,0,0,0,1,1.66937838321318,1
1355,5,0,0,0,1,0.155683569906381,1
1356,8,0,1,0,0,0.504127157004724,1
1357,5,0,1,0,0,0.0657892931502316,1
1358,0,0,0,1,0,1.11345224726086,1
1359,2,0,0,0,1,1.77249053750734,1
1360,1,0,0,0,0,0.133105147361873,1
1361,4,0,0,0,1,0.283706339560656,1
1362,4,1,0,0,0,1.26391363498569,1
1363,4,1,0,0,0,0.327121983473989,1
1364,8,0,0,0,1,0.214928893121252,1
1365,1,0,1,0,0,0.449857602113057,1
1366,6,0,0,1,0,0.18824530284138,1
1367,4,0,0,1,0,2.6805142411274,1
1368,2,0,1,0,0,0.00243880219999482,1
1369,2,0,0,0,1,5.93378341441831,1
1370,1,0,0,0,0,0.0248774202705421,1
1371,3,1,0,0,0,0.10597036991604,1
1372,2,0,0,1,0,0.606927928606888,1
1373,5,0,0,0,1,0.770575420125646,1
1374,3,1,0,0,0,2.24746352828812,1
1375,5,0,0,0,1,0.214928893121252,1
1376,5,0,0,0,1,2.45922282309549,1
1377,0,0,0,0,1,0.719260823433585,1
1378,0,0,0,0,1,0.0351403396089544,1
1379,1,0,0,0,1,0.504127157004724,1
1380,7,0,0,0,1,0.449857602113057,1
1381,5,0,1,0,0,0.283706339560656,1
1382,0,0,0,0,0,2.91133778238384,1
1383,3,0,0,0,0,0.41085850862709,1
1384,3,0,0,1,0,0.0140235092922089,1
1385,0,0,0,1,0,2.04523635670527,1
1386,4,0,0,0,0,0.0140235092922089,1
1387,6,0,0,1,0,1.96108041813029,1
1388,2,0,0,0,1,0.155683569906381,1
1389,4,0,0,1,0,2.15920242197777,1
1390,4,0,0,0,1,1.03204791492336,1
1391,0,0,0,0,1,3.81295589919702,1
1392,1,0,0,1,0,3.66100114550035,1
1393,8,0,0,0,1,0.10597036991604,1
1394,7,0,0,0,1,0.896545605912239,1
1395,5,0,0,0,0,0.0514212060764543,1
1396,2,0,0,0,1,1.03204791492336,1
1397,8,1,0,0,0,0.283706339560656,1
1398,2,1,0,0,0,0.0874971151068981,1
1399,3,1,0,0,0,0.719260823433585,1
1400,2,0,0,0,1,1.96108041813029,1
1401,3,1,0,0,0,2.58404279934633,1
1402,2,0,0,0,1,4.96766459711914,1
1403,4,1,0,0,0,0.719260823433585,1
1404,9,0,0,0,1,0.283706339560656,1
1405,4,0,1,0,0,0.654137357563585,1
1406,5,0,0,0,0,2.36685654904978,1
1407,9,0,0,0,1,0.000386218332312358,1
1408,2,0,0,0,1,2.15920242197777,1
1409,3,0,0,1,0,0.770575420125646,1
1410,0,0,0,0,1,3.54810903277782,1
1411,3,0,0,1,0,1.26391363498569,1
1412,5,1,0,0,0,1.17708234715902,1
1413,5,0,0,1,0,0.770575420125646,1
1414,3,1,0,0,0,0.0140235092922089,1
1415,3,0,0,1,0,0.000386218332312358,1
1416,7,1,0,0,0,0.10597036991604,1
1417,4,0,0,0,1,0.547231418226055,1
1418,0,0,0,1,0,0.0351403396089544,1
1419,2,0,1,0,0,1.96108041813029,1
1420,4,1,0,0,0,0.0140235092922089,1
1421,3,0,0,0,0,0.0874971151068981,1
1422,2,0,0,0,1,0.0140235092922089,1
1423,4,1,0,0,0,0.41085850862709,1
1424,5,0,0,0,1,0.000386218332312358,1
1425,2,0,1,0,0,4.08733488884075,1
1426,1,0,1,0,0,1.96108041813029,1
1427,4,1,0,0,0,3.54810903277782,1
1428,5,0,0,0,1,2.24746352828812,1
1429,4,0,0,0,1,0.10597036991604,1
1430,7,0,1,0,0,0.841125841484812,1
1431,1,0,0,0,1,0.606927928606888,1
1432,7,0,0,0,1,0.18824530284138,1
1433,7,0,1,0,0,0.547231418226055,1
1434,2,0,0,0,1,0.0351403396089544,1
1435,4,0,0,0,1,2.45922282309549,1
1436,5,0,0,0,1,4.37124600170902,1
1437,7,0,0,1,0,0.000386218332312358,1
1438,4,1,0,0,0,0.252917581545419,1
1439,2,1,0,0,0,3.92995317965492,1
1440,4,0,1,0,0,0.41085850862709,1
1441,0,0,0,0,0,2.91133778238384,1
1442,2,0,1,0,0,1.96108041813029,1
1443,10,0,0,0,0,0.000386218332312358,1
1444,2,0,0,0,1,2.8107611728674,1
1445,0,0,0,1,0,1.11345224726086,1
1446,7,0,0,0,1,0.133105147361873,1
1447,3,0,0,0,0,0.504127157004724,1
1448,3,0,0,0,1,1.03204791492336,1
1449,9,0,0,0,1,0.0248774202705421,1
1450,6,0,0,0,1,0.770575420125646,1
1451,6,0,0,0,1,0.654137357563585,1
1452,3,0,0,0,1,1.03204791492336,1
1453,3,0,0,0,0,1.03204791492336,1
1454,3,0,0,0,1,0.606927928606888,1
1455,4,0,0,0,1,0.547231418226055,1
1456,2,0,0,0,0,0.972522982760572,1
1457,5,0,0,1,0,0.654137357563585,1
1458,4,1,0,0,0,1.33164890261921,1
1459,5,0,0,0,0,2.58404279934633,1
1460,5,0,0,1,0,0.0657892931502316,1
1461,3,1,0,0,0,0.155683569906381,1
1462,4,0,1,0,0,0.283706339560656,1
1463,3,0,0,1,0,1.66937838321318,1
1464,5,1,0,0,0,0.327121983473989,1
1465,2,0,0,0,1,0.00786575768916145,1
1466,6,0,0,0,1,0.327121983473989,1
1467,1,1,0,0,0,1.42390714593504,1
1468,1,0,0,0,1,0.00786575768916145,1
1469,6,0,0,0,0,1.77249053750734,1
1470,3,0,0,0,1,0.896545605912239,1
1471,2,0,0,0,1,1.33164890261921,1
1472,7,0,0,1,0,0.0248774202705421,1
1473,3,0,0,0,1,0.252917581545419,1
1474,3,0,0,0,1,0.00786575768916145,1
1475,8,0,0,1,0,0.972522982760572,1
1476,6,0,0,0,0,0.0140235092922089,1
1477,3,1,0,0,0,0.654137357563585,1
1478,1,0,0,0,1,0.0874971151068981,1
1479,4,0,0,0,1,0.606927928606888,1
1480,5,0,0,1,0,0.00243880219999482,1
1481,3,0,0,0,1,3.15169344686481,1
1482,3,0,0,0,1,0.547231418226055,1
1483,3,0,0,0,1,3.15169344686481,1
1484,8,0,0,0,0,0.0140235092922089,1
1485,6,1,0,0,0,0.155683569906381,1
1486,4,0,0,0,1,0.41085850862709,1
1487,4,0,0,0,1,0.18824530284138,1
1488,2,0,0,0,1,1.11345224726086,1
1489,3,1,0,0,0,0.00243880219999482,1
1490,0,0,0,0,0,0.41085850862709,1
1491,3,0,0,1,0,0.41085850862709,1
1492,5,0,0,0,1,1.03204791492336,1
1493,7,0,1,0,0,1.11345224726086,1
1494,3,0,0,1,0,4.08733488884075,1
1495,7,0,1,0,0,0.0514212060764543,1
1496,2,0,0,0,1,1.17708234715902,1
1497,3,0,0,1,0,0.283706339560656,1
1498,4,0,0,1,0,1.66937838321318,1
1499,3,0,1,0,0,0.133105147361873,1
1500,1,0,1,0,0,3.04701166961301,1
