"number_people","day_of_week","is_weekend","temperature","is_during_semester","month","hour"
37,4,0,2.09025703124714,0,8,17
45,4,0,2.09025703124714,0,8,17
40,4,0,2.09025703124714,0,8,17
44,4,0,2.09025703124714,0,8,17
45,4,0,2.09025703124714,0,8,17
46,4,0,2.1520010974973,0,8,18
43,4,0,2.1520010974973,0,8,18
53,4,0,2.1520010974973,0,8,18
54,4,0,2.1520010974973,0,8,18
43,4,0,2.1520010974973,0,8,18
39,4,0,1.80686759897074,0,8,19
38,4,0,1.80686759897074,0,8,19
45,4,0,1.80686759897074,0,8,19
41,4,0,1.80686759897074,0,8,19
36,4,0,1.80686759897074,0,8,19
42,4,0,1.62163540022024,0,8,20
35,4,0,1.62163540022024,0,8,20
36,4,0,1.62163540022024,0,8,20
48,4,0,1.62163540022024,0,8,20
40,4,0,1.62163540022024,0,8,20
49,4,0,1.50131363009172,0,8,21
37,4,0,1.50131363009172,0,8,21
48,4,0,1.50131363009172,0,8,21
45,4,0,1.50131363009172,0,8,21
45,4,0,1.50131363009172,0,8,21
38,4,0,1.42373775198253,0,8,22
41,4,0,1.42373775198253,0,8,22
41,4,0,1.42373775198253,0,8,22
37,4,0,1.42373775198253,0,8,22
33,4,0,1.42373775198253,0,8,22
22,4,0,1.33666278675794,0,8,23
2,4,0,1.33666278675794,0,8,23
1,4,0,1.33666278675794,0,8,23
0,4,0,1.33666278675794,0,8,23
0,4,0,1.33666278675794,0,8,23
0,5,1,1.2986664382963,0,8,0
1,5,1,1.2986664382963,0,8,0
0,5,1,1.2986664382963,0,8,0
0,5,1,1.2986664382963,0,8,0
0,5,1,1.2986664382963,0,8,0
0,5,1,1.22900646611663,0,8,1
0,5,1,1.03110881787892,0,8,5
1,5,1,1.03110881787892,0,8,5
0,5,1,1.03110881787892,0,8,5
1,5,1,1.03110881787892,0,8,5
1,5,1,1.07068834752646,0,8,6
0,5,1,1.07068834752646,0,8,6
0,5,1,1.07068834752646,0,8,6
0,5,1,1.07068834752646,0,8,6
0,5,1,1.07068834752646,0,8,6
0,5,1,1.30499916303991,0,8,7
0,5,1,1.30499916303991,0,8,7
0,5,1,1.30499916303991,0,8,7
3,5,1,1.30499916303991,0,8,7
2,5,1,1.30499916303991,0,8,7
6,5,1,1.46331728163007,0,8,8
15,5,1,1.46331728163007,0,8,8
22,5,1,1.46331728163007,0,8,8
18,5,1,1.46331728163007,0,8,8
21,5,1,1.46331728163007,0,8,8
26,5,1,1.74037398916287,0,8,9
23,5,1,1.74037398916287,0,8,9
23,5,1,1.74037398916287,0,8,9
28,5,1,1.74037398916287,0,8,9
23,5,1,1.74037398916287,0,8,9
22,5,1,1.8686116652209,0,8,10
30,5,1,1.8686116652209,0,8,10
32,5,1,1.8686116652209,0,8,10
36,5,1,1.8686116652209,0,8,10
29,5,1,1.8686116652209,0,8,10
34,5,1,2.26124059932452,0,8,11
36,5,1,2.26124059932452,0,8,11
32,5,1,2.26124059932452,0,8,11
27,5,1,2.26124059932452,0,8,11
26,5,1,2.26124059932452,0,8,11
36,5,1,2.9119280667301,0,8,12
37,5,1,2.9119280667301,0,8,12
38,5,1,2.9119280667301,0,8,12
30,5,1,2.9119280667301,0,8,12
34,5,1,2.9119280667301,0,8,12
26,5,1,3.42012922740454,0,8,13
33,5,1,3.42012922740454,0,8,13
31,5,1,3.42012922740454,0,8,13
26,5,1,3.42012922740454,0,8,13
26,5,1,3.42012922740454,0,8,13
26,5,1,3.39163196605831,0,8,14
23,5,1,3.39163196605831,0,8,14
29,5,1,3.39163196605831,0,8,14
27,5,1,3.39163196605831,0,8,14
29,5,1,3.39163196605831,0,8,14
25,5,1,3.20323340493601,0,8,15
29,5,1,3.20323340493601,0,8,15
35,5,1,3.20323340493601,0,8,15
32,5,1,3.20323340493601,0,8,15
36,5,1,3.20323340493601,0,8,15
31,5,1,3.15890433173077,0,8,16
24,5,1,3.15890433173077,0,8,16
26,5,1,3.15890433173077,0,8,16
28,5,1,3.15890433173077,0,8,16
33,5,1,3.15890433173077,0,8,16
26,5,1,2.97050577060847,0,8,17
31,5,1,2.97050577060847,0,8,17
39,5,1,2.97050577060847,0,8,17
43,5,1,2.97050577060847,0,8,17
40,5,1,2.97050577060847,0,8,17
36,5,1,2.70136496900518,0,8,18
43,5,1,2.70136496900518,0,8,18
38,5,1,2.70136496900518,0,8,18
32,5,1,2.70136496900518,0,8,18
29,5,1,2.70136496900518,0,8,18
31,5,1,2.38314555063895,0,8,19
27,5,1,2.38314555063895,0,8,19
23,5,1,2.38314555063895,0,8,19
29,5,1,2.38314555063895,0,8,19
28,5,1,2.38314555063895,0,8,19
29,5,1,2.04751113922779,0,8,20
29,5,1,2.04751113922779,0,8,20
31,5,1,2.04751113922779,0,8,20
28,5,1,2.04751113922779,0,8,20
33,5,1,2.04751113922779,0,8,20
26,5,1,1.72929172086156,0,8,21
25,5,1,1.72929172086156,0,8,21
29,5,1,1.72929172086156,0,8,21
22,5,1,1.72929172086156,0,8,21
24,5,1,1.72929172086156,0,8,21
26,5,1,1.45540137570057,0,8,22
22,5,1,1.45540137570057,0,8,22
25,5,1,1.45540137570057,0,8,22
26,5,1,1.45540137570057,0,8,22
12,5,1,1.45540137570057,0,8,22
17,5,1,1.26225327102056,0,8,23
4,5,1,1.26225327102056,0,8,23
2,5,1,1.26225327102056,0,8,23
0,5,1,1.26225327102056,0,8,23
0,5,1,1.26225327102056,0,8,23
0,6,1,1.14193150089203,0,8,0
0,6,1,1.14193150089203,0,8,0
0,6,1,1.14193150089203,0,8,0
0,6,1,1.14193150089203,0,8,0
0,6,1,1.14193150089203,0,8,0
0,6,1,1.12926605140482,0,8,1
0,6,1,0.975697476372359,0,8,5
0,6,1,0.975697476372359,0,8,5
0,6,1,0.975697476372359,0,8,5
0,6,1,0.975697476372359,0,8,5
0,6,1,1.05169017329564,0,8,6
0,6,1,1.05169017329564,0,8,6
0,6,1,1.05169017329564,0,8,6
0,6,1,1.05169017329564,0,8,6
0,6,1,1.05169017329564,0,8,6
1,6,1,1.32241415608482,0,8,7
0,6,1,1.32241415608482,0,8,7
0,6,1,1.32241415608482,0,8,7
2,6,1,1.32241415608482,0,8,7
2,6,1,1.32241415608482,0,8,7
3,6,1,1.71504309018844,0,8,8
12,6,1,1.71504309018844,0,8,8
18,6,1,1.71504309018844,0,8,8
11,6,1,1.71504309018844,0,8,8
16,6,1,1.71504309018844,0,8,8
15,6,1,2.1504179163114,0,8,9
18,6,1,2.1504179163114,0,8,9
17,6,1,2.1504179163114,0,8,9
12,6,1,2.1504179163114,0,8,9
22,6,1,2.1504179163114,0,8,9
23,6,1,2.5256318573701,0,8,10
27,6,1,2.5256318573701,0,8,10
25,6,1,2.5256318573701,0,8,10
20,6,1,2.5256318573701,0,8,10
25,6,1,2.5256318573701,0,8,10
19,6,1,2.98633758246748,0,8,11
18,6,1,2.98633758246748,0,8,11
25,6,1,2.98633758246748,0,8,11
29,6,1,2.98633758246748,0,8,11
24,6,1,2.98633758246748,0,8,11
29,6,1,3.22698112272454,0,8,12
22,6,1,3.22698112272454,0,8,12
20,6,1,3.22698112272454,0,8,12
34,6,1,3.22698112272454,0,8,12
19,6,1,3.22698112272454,0,8,12
16,6,1,3.26814383355798,0,8,13
27,6,1,3.26814383355798,0,8,13
28,6,1,3.26814383355798,0,8,13
24,6,1,3.26814383355798,0,8,13
26,6,1,3.26814383355798,0,8,13
16,6,1,3.58003052718061,0,8,14
20,6,1,3.58003052718061,0,8,14
21,6,1,3.58003052718061,0,8,14
20,6,1,3.58003052718061,0,8,14
22,6,1,3.58003052718061,0,8,14
19,6,1,3.49137238077012,0,8,15
27,6,1,3.49137238077012,0,8,15
31,6,1,3.49137238077012,0,8,15
32,6,1,3.49137238077012,0,8,15
27,6,1,3.49137238077012,0,8,15
27,6,1,3.37105061064159,0,8,16
24,6,1,3.37105061064159,0,8,16
29,6,1,3.37105061064159,0,8,16
25,6,1,3.37105061064159,0,8,16
30,6,1,3.37105061064159,0,8,16
31,6,1,3.20323340493601,0,8,17
40,6,1,3.20323340493601,0,8,17
30,6,1,3.20323340493601,0,8,17
35,6,1,3.20323340493601,0,8,17
34,6,1,3.20323340493601,0,8,17
31,6,1,2.88026444301207,0,8,18
34,6,1,2.88026444301207,0,8,18
36,6,1,2.88026444301207,0,8,18
27,6,1,2.88026444301207,0,8,18
33,6,1,2.88026444301207,0,8,18
38,6,1,2.50188413958157,0,8,19
41,6,1,2.50188413958157,0,8,19
39,6,1,2.50188413958157,0,8,19
39,6,1,2.50188413958157,0,8,19
41,6,1,2.50188413958157,0,8,19
28,6,1,2.06492613227271,0,8,20
38,6,1,2.06492613227271,0,8,20
38,6,1,2.06492613227271,0,8,20
39,6,1,2.06492613227271,0,8,20
25,6,1,2.06492613227271,0,8,20
32,6,1,1.91452391961205,0,8,21
32,6,1,1.91452391961205,0,8,21
26,6,1,1.91452391961205,0,8,21
31,6,1,1.91452391961205,0,8,21
26,6,1,1.91452391961205,0,8,21
38,6,1,1.62955130614975,0,8,22
34,6,1,1.62955130614975,0,8,22
35,6,1,1.62955130614975,0,8,22
24,6,1,1.62955130614975,0,8,22
31,6,1,1.62955130614975,0,8,22
22,6,1,1.4838986370468,0,8,23
21,6,1,1.4838986370468,0,8,23
17,6,1,1.4838986370468,0,8,23
19,6,1,1.4838986370468,0,8,23
22,6,1,1.4838986370468,0,8,23
17,0,0,1.14034831970613,0,8,0
17,0,0,1.14034831970613,0,8,0
14,0,0,1.14034831970613,0,8,0
9,0,0,1.14034831970613,0,8,0
11,0,0,1.14034831970613,0,8,0
6,0,0,1.0152770060199,0,8,1
3,0,0,0.818962538968093,0,8,5
1,0,0,0.818962538968093,0,8,5
4,0,0,0.818962538968093,0,8,5
0,0,0,0.818962538968093,0,8,5
9,0,0,0.769883922205142,0,8,6
9,0,0,0.769883922205142,0,8,6
16,0,0,0.769883922205142,0,8,6
18,0,0,0.769883922205142,0,8,6
13,0,0,0.769883922205142,0,8,6
23,0,0,0.970947932814654,0,8,7
26,0,0,0.970947932814654,0,8,7
23,0,0,0.970947932814654,0,8,7
17,0,0,0.970947932814654,0,8,7
27,0,0,0.970947932814654,0,8,7
23,0,0,1.10393515243039,0,8,8
38,0,0,1.10393515243039,0,8,8
24,0,0,1.10393515243039,0,8,8
23,0,0,1.10393515243039,0,8,8
32,0,0,1.10393515243039,0,8,8
31,0,0,1.29075053236679,0,8,9
31,0,0,1.29075053236679,0,8,9
32,0,0,1.29075053236679,0,8,9
34,0,0,1.29075053236679,0,8,9
39,0,0,1.29075053236679,0,8,9
39,0,0,1.46806682518778,0,8,10
33,0,0,1.46806682518778,0,8,10
33,0,0,1.46806682518778,0,8,10
37,0,0,1.46806682518778,0,8,10
29,0,0,1.46806682518778,0,8,10
32,0,0,1.46490046281598,0,8,11
35,0,0,1.46490046281598,0,8,11
26,0,0,1.46490046281598,0,8,11
34,0,0,1.46490046281598,0,8,11
29,0,0,1.46490046281598,0,8,11
28,0,0,1.61530267547664,0,8,12
32,0,0,1.61530267547664,0,8,12
27,0,0,1.61530267547664,0,8,12
26,0,0,1.61530267547664,0,8,12
27,0,0,1.61530267547664,0,8,12
31,0,0,1.93035573147107,0,8,13
33,0,0,1.93035573147107,0,8,13
31,0,0,1.93035573147107,0,8,13
30,0,0,1.93035573147107,0,8,13
28,0,0,1.93035573147107,0,8,13
27,0,0,1.84011440387467,0,8,14
30,0,0,1.84011440387467,0,8,14
18,0,0,1.84011440387467,0,8,14
27,0,0,1.84011440387467,0,8,14
37,0,0,1.84011440387467,0,8,14
33,0,0,1.75620580102188,0,8,15
33,0,0,1.75620580102188,0,8,15
44,0,0,1.75620580102188,0,8,15
43,0,0,1.75620580102188,0,8,15
48,0,0,1.75620580102188,0,8,15
45,0,0,1.49339772416221,0,8,16
50,0,0,1.49339772416221,0,8,16
42,0,0,1.49339772416221,0,8,16
45,0,0,1.49339772416221,0,8,16
47,0,0,1.49339772416221,0,8,16
47,0,0,1.34299551150155,0,8,17
55,0,0,1.34299551150155,0,8,17
68,0,0,1.34299551150155,0,8,17
50,0,0,1.34299551150155,0,8,17
58,0,0,1.34299551150155,0,8,17
65,0,0,0.902871141820883,0,8,18
63,0,0,0.902871141820883,0,8,18
63,0,0,0.902871141820883,0,8,18
74,0,0,0.902871141820883,0,8,18
69,0,0,0.902871141820883,0,8,18
69,0,0,0.709723037140878,0,8,19
60,0,0,0.709723037140878,0,8,19
68,0,0,0.709723037140878,0,8,19
73,0,0,0.709723037140878,0,8,19
50,0,0,0.709723037140878,0,8,19
53,0,0,0.545072193807104,0,8,20
50,0,0,0.545072193807104,0,8,20
45,0,0,0.545072193807104,0,8,20
52,0,0,0.545072193807104,0,8,20
66,0,0,0.545072193807104,0,8,20
64,0,0,0.545072193807104,0,8,21
60,0,0,0.545072193807104,0,8,21
44,0,0,0.545072193807104,0,8,21
50,0,0,0.545072193807104,0,8,21
46,0,0,0.545072193807104,0,8,21
39,0,0,0.545072193807104,0,8,22
42,0,0,0.545072193807104,0,8,22
49,0,0,0.545072193807104,0,8,22
34,0,0,0.545072193807104,0,8,22
32,0,0,0.545072193807104,0,8,22
35,0,0,0.545072193807104,0,8,23
27,0,0,0.545072193807104,0,8,23
21,0,0,0.545072193807104,0,8,23
28,0,0,0.545072193807104,0,8,23
23,0,0,0.545072193807104,0,8,23
20,1,0,0.545072193807104,0,8,0
19,1,0,0.545072193807104,0,8,0
15,1,0,0.545072193807104,0,8,0
15,1,0,0.545072193807104,0,8,0
18,1,0,0.545072193807104,0,8,0
12,1,0,0.51340857008907,0,8,1
0,1,0,0.502326301787759,0,8,5
0,1,0,0.502326301787759,0,8,5
0,1,0,0.502326301787759,0,8,5
0,1,0,0.502326301787759,0,8,5
2,1,0,0.502326301787759,0,8,6
7,1,0,0.502326301787759,0,8,6
10,1,0,0.502326301787759,0,8,6
11,1,0,0.502326301787759,0,8,6
6,1,0,0.502326301787759,0,8,6
17,1,0,0.502326301787759,0,8,7
14,1,0,0.502326301787759,0,8,7
20,1,0,0.502326301787759,0,8,7
19,1,0,0.502326301787759,0,8,7
22,1,0,0.502326301787759,0,8,7
27,1,0,0.546655374993005,0,8,8
32,1,0,0.546655374993005,0,8,8
36,1,0,0.546655374993005,0,8,8
35,1,0,0.546655374993005,0,8,8
39,1,0,0.546655374993005,0,8,8
35,1,0,0.77779982813465,0,8,9
34,1,0,0.77779982813465,0,8,9
34,1,0,0.77779982813465,0,8,9
28,1,0,0.77779982813465,0,8,9
19,1,0,0.77779982813465,0,8,9
32,1,0,1.013693824834,0,8,10
48,1,0,1.013693824834,0,8,10
47,1,0,1.013693824834,0,8,10
37,1,0,1.013693824834,0,8,10
32,1,0,1.013693824834,0,8,10
30,1,0,1.206841929514,0,8,11
35,1,0,1.206841929514,0,8,11
26,1,0,1.206841929514,0,8,11
26,1,0,1.206841929514,0,8,11
22,1,0,1.206841929514,0,8,11
29,1,0,1.206841929514,0,8,12
31,1,0,1.206841929514,0,8,12
28,1,0,1.206841929514,0,8,12
24,1,0,1.206841929514,0,8,12
30,1,0,1.206841929514,0,8,12
34,1,0,1.40157321537991,0,8,13
36,1,0,1.40157321537991,0,8,13
29,1,0,1.40157321537991,0,8,13
31,1,0,1.40157321537991,0,8,13
24,1,0,1.40157321537991,0,8,13
27,1,0,1.44590228858516,0,8,14
36,1,0,1.44590228858516,0,8,14
36,1,0,1.44590228858516,0,8,14
44,1,0,1.44590228858516,0,8,14
32,1,0,1.44590228858516,0,8,14
28,1,0,1.36990959166187,0,8,15
36,1,0,1.36990959166187,0,8,15
43,1,0,1.36990959166187,0,8,15
32,1,0,1.36990959166187,0,8,15
37,1,0,1.36990959166187,0,8,15
34,1,0,1.28600098880909,0,8,16
33,1,0,1.28600098880909,0,8,16
41,1,0,1.28600098880909,0,8,16
41,1,0,1.28600098880909,0,8,16
35,1,0,1.28600098880909,0,8,16
43,1,0,1.28600098880909,0,8,16
45,1,0,1.17201194342417,0,8,17
53,1,0,1.17201194342417,0,8,17
61,1,0,1.17201194342417,0,8,17
63,1,0,1.17201194342417,0,8,17
51,1,0,1.17201194342417,0,8,17
62,1,0,1.05485653566744,0,8,18
62,1,0,1.05485653566744,0,8,18
56,1,0,1.05485653566744,0,8,18
71,1,0,1.05485653566744,0,8,18
72,1,0,1.05485653566744,0,8,18
54,1,0,0.861708430987439,0,8,19
63,1,0,0.861708430987439,0,8,19
67,1,0,0.861708430987439,0,8,19
65,1,0,0.861708430987439,0,8,19
53,1,0,0.861708430987439,0,8,19
62,1,0,0.818962538968093,0,8,20
60,1,0,0.818962538968093,0,8,20
44,1,0,0.818962538968093,0,8,20
44,1,0,0.818962538968093,0,8,20
43,1,0,0.818962538968093,0,8,20
35,1,0,0.818962538968093,0,8,21
38,1,0,0.818962538968093,0,8,21
44,1,0,0.818962538968093,0,8,21
40,1,0,0.818962538968093,0,8,21
54,1,0,0.818962538968093,0,8,21
41,1,0,0.735053936115305,0,8,22
45,1,0,0.735053936115305,0,8,22
37,1,0,0.735053936115305,0,8,22
40,1,0,0.735053936115305,0,8,22
36,1,0,0.735053936115305,0,8,22
41,1,0,0.703390312397271,0,8,23
32,1,0,0.703390312397271,0,8,23
29,1,0,0.703390312397271,0,8,23
27,1,0,0.703390312397271,0,8,23
27,1,0,0.703390312397271,0,8,23
23,2,0,0.703390312397271,0,8,0
14,2,0,0.703390312397271,0,8,0
15,2,0,0.703390312397271,0,8,0
12,2,0,0.703390312397271,0,8,0
7,2,0,0.703390312397271,0,8,0
6,2,0,0.660644420377926,0,8,1
2,2,0,0.703390312397271,0,8,5
4,2,0,0.703390312397271,0,8,5
6,2,0,0.703390312397271,0,8,5
5,2,0,0.703390312397271,0,8,5
10,2,0,0.703390312397271,0,8,6
10,2,0,0.703390312397271,0,8,6
12,2,0,0.703390312397271,0,8,6
9,2,0,0.703390312397271,0,8,6
12,2,0,0.703390312397271,0,8,6
21,2,0,0.704973493583173,0,8,7
23,2,0,0.704973493583173,0,8,7
21,2,0,0.704973493583173,0,8,7
15,2,0,0.704973493583173,0,8,7
26,2,0,0.704973493583173,0,8,7
31,2,0,0.697057587653665,0,8,8
37,2,0,0.697057587653665,0,8,8
31,2,0,0.697057587653665,0,8,8
24,2,0,0.697057587653665,0,8,8
32,2,0,0.697057587653665,0,8,8
36,2,0,0.703390312397271,0,8,9
24,2,0,0.703390312397271,0,8,9
27,2,0,0.703390312397271,0,8,9
21,2,0,0.703390312397271,0,8,9
26,2,0,0.703390312397271,0,8,9
29,2,0,0.735053936115305,0,8,10
31,2,0,0.735053936115305,0,8,10
34,2,0,0.735053936115305,0,8,10
35,2,0,0.735053936115305,0,8,10
42,2,0,0.735053936115305,0,8,10
34,2,0,0.850626162686127,0,8,11
35,2,0,0.850626162686127,0,8,11
43,2,0,0.850626162686127,0,8,11
38,2,0,0.850626162686127,0,8,11
31,2,0,0.850626162686127,0,8,11
45,2,0,0.966198389256948,0,8,12
39,2,0,0.966198389256948,0,8,12
33,2,0,0.966198389256948,0,8,12
30,2,0,0.966198389256948,0,8,12
32,2,0,0.966198389256948,0,8,12
38,2,0,1.17042876223827,0,8,13
29,2,0,1.17042876223827,0,8,13
32,2,0,1.17042876223827,0,8,13
39,2,0,1.17042876223827,0,8,13
25,2,0,1.17042876223827,0,8,13
20,2,0,1.2020923859563,0,8,14
35,2,0,1.2020923859563,0,8,14
30,2,0,1.2020923859563,0,8,14
28,2,0,1.2020923859563,0,8,14
32,2,0,1.2020923859563,0,8,14
29,2,0,1.31608143134122,0,8,15
30,2,0,1.31608143134122,0,8,15
40,2,0,1.31608143134122,0,8,15
39,2,0,1.31608143134122,0,8,15
46,2,0,1.31608143134122,0,8,15
35,2,0,1.28283462643728,0,8,16
40,2,0,1.28283462643728,0,8,16
47,2,0,1.28283462643728,0,8,16
50,2,0,1.28283462643728,0,8,16
60,2,0,1.28283462643728,0,8,16
66,2,0,1.24958782153335,0,8,17
61,2,0,1.24958782153335,0,8,17
70,2,0,1.24958782153335,0,8,17
64,2,0,1.24958782153335,0,8,17
57,2,0,1.24958782153335,0,8,17
49,2,0,1.13559877614843,0,8,18
65,2,0,1.13559877614843,0,8,18
61,2,0,1.13559877614843,0,8,18
54,2,0,1.13559877614843,0,8,18
54,2,0,1.13559877614843,0,8,18
55,2,0,0.963032026885146,0,8,19
45,2,0,0.963032026885146,0,8,19
58,2,0,0.963032026885146,0,8,19
63,2,0,0.963032026885146,0,8,19
58,2,0,0.963032026885146,0,8,19
48,2,0,0.977280657558261,0,8,20
44,2,0,0.977280657558261,0,8,20
40,2,0,0.977280657558261,0,8,20
65,2,0,0.977280657558261,0,8,20
53,2,0,0.977280657558261,0,8,20
58,2,0,0.977280657558261,0,8,21
50,2,0,0.977280657558261,0,8,21
53,2,0,0.977280657558261,0,8,21
47,2,0,0.977280657558261,0,8,21
53,2,0,0.977280657558261,0,8,21
44,2,0,0.893372054705473,0,8,22
47,2,0,0.893372054705473,0,8,22
38,2,0,0.893372054705473,0,8,22
45,2,0,0.893372054705473,0,8,22
47,2,0,0.893372054705473,0,8,22
37,2,0,0.93928430909662,0,8,23
27,2,0,0.93928430909662,0,8,23
25,2,0,0.93928430909662,0,8,23
31,2,0,0.93928430909662,0,8,23
28,2,0,0.93928430909662,0,8,23
21,3,0,0.906037504192686,0,8,0
12,3,0,0.906037504192686,0,8,0
12,3,0,0.906037504192686,0,8,0
7,3,0,0.906037504192686,0,8,0
7,3,0,0.906037504192686,0,8,0
6,3,0,0.823712082525798,0,8,1
0,3,0,0.545072193807104,0,8,5
1,3,0,0.545072193807104,0,8,5
1,3,0,0.545072193807104,0,8,5
5,3,0,0.545072193807104,0,8,5
6,3,0,0.545072193807104,0,8,6
10,3,0,0.545072193807104,0,8,6
9,3,0,0.545072193807104,0,8,6
11,3,0,0.545072193807104,0,8,6
13,3,0,0.545072193807104,0,8,6
15,3,0,0.507075845345464,0,8,7
23,3,0,0.507075845345464,0,8,7
29,3,0,0.507075845345464,0,8,7
28,3,0,0.507075845345464,0,8,7
32,3,0,0.507075845345464,0,8,7
36,3,0,0.418417698934971,0,8,8
38,3,0,0.418417698934971,0,8,8
32,3,0,0.418417698934971,0,8,8
24,3,0,0.418417698934971,0,8,8
33,3,0,0.418417698934971,0,8,8
25,3,0,0.502326301787759,0,8,9
20,3,0,0.502326301787759,0,8,9
21,3,0,0.502326301787759,0,8,9
17,3,0,0.502326301787759,0,8,9
23,3,0,0.502326301787759,0,8,9
28,3,0,0.507075845345464,0,8,10
39,3,0,0.507075845345464,0,8,10
30,3,0,0.507075845345464,0,8,10
36,3,0,0.507075845345464,0,8,10
32,3,0,0.507075845345464,0,8,10
24,3,0,0.576735817525138,0,8,11
36,3,0,0.576735817525138,0,8,11
34,3,0,0.576735817525138,0,8,11
35,3,0,0.576735817525138,0,8,11
30,3,0,0.576735817525138,0,8,11
32,3,0,0.573569455153334,0,8,12
29,3,0,0.573569455153334,0,8,12
28,3,0,0.573569455153334,0,8,12
34,3,0,0.573569455153334,0,8,12
30,3,0,0.573569455153334,0,8,12
33,3,0,0.69230804409596,0,8,13
36,3,0,0.69230804409596,0,8,13
30,3,0,0.69230804409596,0,8,13
38,3,0,0.69230804409596,0,8,13
33,3,0,0.69230804409596,0,8,13
46,3,0,0.883872967590062,0,8,14
30,3,0,0.883872967590062,0,8,14
30,3,0,0.883872967590062,0,8,14
27,3,0,0.883872967590062,0,8,14
33,3,0,0.883872967590062,0,8,14
43,3,0,1.0089442812763,0,8,15
31,3,0,1.0089442812763,0,8,15
47,3,0,1.0089442812763,0,8,15
49,3,0,1.0089442812763,0,8,15
56,3,0,1.0089442812763,0,8,15
41,3,0,0.89020569233367,0,8,16
38,3,0,0.89020569233367,0,8,16
44,3,0,0.89020569233367,0,8,16
48,3,0,0.89020569233367,0,8,16
55,3,0,0.89020569233367,0,8,16
55,3,0,0.818962538968093,0,8,17
53,3,0,0.818962538968093,0,8,17
61,3,0,0.818962538968093,0,8,17
57,3,0,0.818962538968093,0,8,17
55,3,0,0.818962538968093,0,8,17
54,3,0,0.735053936115305,0,8,18
44,3,0,0.735053936115305,0,8,18
57,3,0,0.735053936115305,0,8,18
54,3,0,0.735053936115305,0,8,18
62,3,0,0.735053936115305,0,8,18
57,3,0,0.703390312397271,0,8,19
39,3,0,0.703390312397271,0,8,19
44,3,0,0.703390312397271,0,8,19
45,3,0,0.703390312397271,0,8,19
57,3,0,0.703390312397271,0,8,19
53,3,0,0.660644420377926,0,8,20
38,3,0,0.660644420377926,0,8,20
32,3,0,0.660644420377926,0,8,20
42,3,0,0.660644420377926,0,8,20
34,3,0,0.660644420377926,0,8,20
41,3,0,0.545072193807104,0,8,21
37,3,0,0.545072193807104,0,8,21
41,3,0,0.545072193807104,0,8,21
43,3,0,0.545072193807104,0,8,21
33,3,0,0.545072193807104,0,8,21
32,3,0,0.545072193807104,0,8,22
39,3,0,0.545072193807104,0,8,22
33,3,0,0.545072193807104,0,8,22
25,3,0,0.545072193807104,0,8,22
27,3,0,0.545072193807104,0,8,22
31,3,0,0.386754075216937,0,8,23
26,3,0,0.386754075216937,0,8,23
29,3,0,0.386754075216937,0,8,23
29,3,0,0.386754075216937,0,8,23
21,3,0,0.386754075216937,0,8,23
22,4,0,0.424750423678577,0,8,0
22,4,0,0.424750423678577,0,8,0
16,4,0,0.424750423678577,0,8,0
11,4,0,0.424750423678577,0,8,0
1,4,0,0.386754075216937,0,8,5
2,4,0,0.386754075216937,0,8,5
2,4,0,0.386754075216937,0,8,5
2,4,0,0.386754075216937,0,8,5
5,4,0,0.502326301787759,0,8,6
13,4,0,0.502326301787759,0,8,6
14,4,0,0.502326301787759,0,8,6
11,4,0,0.502326301787759,0,8,6
16,4,0,0.502326301787759,0,8,6
20,4,0,0.464329953326119,0,8,7
26,4,0,0.464329953326119,0,8,7
21,4,0,0.464329953326119,0,8,7
24,4,0,0.464329953326119,0,8,7
20,4,0,0.464329953326119,0,8,7
30,4,0,0.538739469063498,0,8,8
34,4,0,0.538739469063498,0,8,8
39,4,0,0.538739469063498,0,8,8
36,4,0,0.538739469063498,0,8,8
36,4,0,0.538739469063498,0,8,8
30,4,0,0.467496315697922,0,8,9
30,4,0,0.467496315697922,0,8,9
24,4,0,0.467496315697922,0,8,9
35,4,0,0.467496315697922,0,8,9
36,4,0,0.467496315697922,0,8,9
42,4,0,0.538739469063498,0,8,10
41,4,0,0.538739469063498,0,8,10
33,4,0,0.538739469063498,0,8,10
58,4,0,0.538739469063498,0,8,10
47,4,0,0.538739469063498,0,8,10
44,4,0,0.581485361082842,0,8,11
35,4,0,0.581485361082842,0,8,11
37,4,0,0.581485361082842,0,8,11
32,4,0,0.581485361082842,0,8,11
31,4,0,0.581485361082842,0,8,11
37,4,0,0.614732165986777,0,8,12
35,4,0,0.614732165986777,0,8,12
34,4,0,0.614732165986777,0,8,12
40,4,0,0.614732165986777,0,8,12
42,4,0,0.614732165986777,0,8,12
51,4,0,0.614732165986777,0,8,13
39,4,0,0.614732165986777,0,8,13
44,4,0,0.614732165986777,0,8,13
39,4,0,0.614732165986777,0,8,13
35,4,0,0.614732165986777,0,8,13
43,4,0,0.811046633038585,0,8,14
47,4,0,0.811046633038585,0,8,14
40,4,0,0.811046633038585,0,8,14
41,4,0,0.811046633038585,0,8,14
44,4,0,0.811046633038585,0,8,14
46,4,0,0.823712082525798,0,8,15
48,4,0,0.823712082525798,0,8,15
40,4,0,0.823712082525798,0,8,15
43,4,0,0.823712082525798,0,8,15
46,4,0,0.823712082525798,0,8,15
41,4,0,0.77779982813465,0,8,16
49,4,0,0.77779982813465,0,8,16
46,4,0,0.77779982813465,0,8,16
48,4,0,0.77779982813465,0,8,16
43,4,0,0.77779982813465,0,8,16
46,4,0,0.659061239192024,0,8,17
53,4,0,0.659061239192024,0,8,17
58,4,0,0.659061239192024,0,8,17
68,4,0,0.659061239192024,0,8,17
59,4,0,0.659061239192024,0,8,17
49,4,0,0.545072193807104,0,8,18
47,4,0,0.545072193807104,0,8,18
41,4,0,0.545072193807104,0,8,18
54,4,0,0.545072193807104,0,8,18
55,4,0,0.545072193807104,0,8,18
46,4,0,0.545072193807104,0,8,19
44,4,0,0.545072193807104,0,8,19
42,4,0,0.545072193807104,0,8,19
36,4,0,0.545072193807104,0,8,19
31,4,0,0.545072193807104,0,8,19
33,4,0,0.507075845345464,0,8,20
56,4,0,0.507075845345464,0,8,20
39,4,0,0.507075845345464,0,8,20
44,4,0,0.507075845345464,0,8,20
41,4,0,0.507075845345464,0,8,20
46,4,0,0.545072193807104,0,8,21
40,4,0,0.545072193807104,0,8,21
30,4,0,0.545072193807104,0,8,21
33,4,0,0.545072193807104,0,8,21
36,4,0,0.545072193807104,0,8,21
24,4,0,0.545072193807104,0,8,22
44,4,0,0.545072193807104,0,8,22
31,4,0,0.545072193807104,0,8,22
26,4,0,0.545072193807104,0,8,22
17,4,0,0.545072193807104,0,8,22
27,4,0,0.545072193807104,0,8,23
1,4,0,0.545072193807104,0,8,23
2,4,0,0.545072193807104,0,8,23
1,4,0,0.545072193807104,0,8,23
0,4,0,0.545072193807104,0,8,23
0,5,1,0.545072193807104,0,8,0
0,5,1,0.545072193807104,0,8,0
0,5,1,0.545072193807104,0,8,0
0,5,1,0.545072193807104,0,8,0
0,5,1,0.545072193807104,0,8,0
0,5,1,0.545072193807104,0,8,1
1,5,1,0.583068542268745,0,8,5
1,5,1,0.583068542268745,0,8,5
1,5,1,0.583068542268745,0,8,5
0,5,1,0.583068542268745,0,8,5
1,5,1,0.583068542268745,0,8,6
0,5,1,0.583068542268745,0,8,6
0,5,1,0.583068542268745,0,8,6
1,5,1,0.583068542268745,0,8,6
0,5,1,0.583068542268745,0,8,6
1,5,1,0.583068542268745,0,8,7
1,5,1,0.583068542268745,0,8,7
3,5,1,0.583068542268745,0,8,7
1,5,1,0.583068542268745,0,8,7
5,5,1,0.583068542268745,0,8,7
7,5,1,0.703390312397271,0,8,8
12,5,1,0.703390312397271,0,8,8
15,5,1,0.703390312397271,0,8,8
18,5,1,0.703390312397271,0,8,8
16,5,1,0.703390312397271,0,8,8
19,5,1,0.78729891525006,0,8,9
26,5,1,0.78729891525006,0,8,9
31,5,1,0.78729891525006,0,8,9
28,5,1,0.78729891525006,0,8,9
38,5,1,0.78729891525006,0,8,9
40,5,1,0.974114295186456,0,8,10
42,5,1,0.974114295186456,0,8,10
45,5,1,0.974114295186456,0,8,10
37,5,1,0.974114295186456,0,8,10
37,5,1,0.974114295186456,0,8,10
39,5,1,1.14193150089203,0,8,11
36,5,1,1.14193150089203,0,8,11
38,5,1,1.14193150089203,0,8,11
31,5,1,1.14193150089203,0,8,11
37,5,1,1.14193150089203,0,8,11
40,5,1,1.31608143134122,0,8,12
39,5,1,1.31608143134122,0,8,12
47,5,1,1.31608143134122,0,8,12
50,5,1,1.31608143134122,0,8,12
41,5,1,1.31608143134122,0,8,12
29,5,1,1.35407777980286,0,8,13
48,5,1,1.35407777980286,0,8,13
41,5,1,1.35407777980286,0,8,13
34,5,1,1.35407777980286,0,8,13
37,5,1,1.35407777980286,0,8,13
35,5,1,1.24958782153335,0,8,14
48,5,1,1.24958782153335,0,8,14
43,5,1,1.24958782153335,0,8,14
47,5,1,1.24958782153335,0,8,14
47,5,1,1.24958782153335,0,8,14
53,5,1,1.21634101662941,0,8,15
43,5,1,1.21634101662941,0,8,15
49,5,1,1.21634101662941,0,8,15
52,5,1,1.21634101662941,0,8,15
59,5,1,1.21634101662941,0,8,15
57,5,1,1.10076879005859,0,8,16
49,5,1,1.10076879005859,0,8,16
52,5,1,1.10076879005859,0,8,16
66,5,1,1.10076879005859,0,8,16
58,5,1,1.10076879005859,0,8,16
60,5,1,0.866457974545144,0,8,17
59,5,1,0.866457974545144,0,8,17
54,5,1,0.866457974545144,0,8,17
52,5,1,0.866457974545144,0,8,17
50,5,1,0.866457974545144,0,8,17
39,5,1,0.703390312397271,0,8,18
44,5,1,0.703390312397271,0,8,18
40,5,1,0.703390312397271,0,8,18
44,5,1,0.703390312397271,0,8,18
34,5,1,0.703390312397271,0,8,18
44,5,1,0.583068542268745,0,8,19
41,5,1,0.583068542268745,0,8,19
51,5,1,0.583068542268745,0,8,19
53,5,1,0.583068542268745,0,8,19
45,5,1,0.583068542268745,0,8,19
44,5,1,0.583068542268745,0,8,20
33,5,1,0.583068542268745,0,8,20
41,5,1,0.583068542268745,0,8,20
40,5,1,0.583068542268745,0,8,20
42,5,1,0.583068542268745,0,8,20
39,5,1,0.583068542268745,0,8,21
42,5,1,0.583068542268745,0,8,21
48,5,1,0.583068542268745,0,8,21
44,5,1,0.583068542268745,0,8,21
38,5,1,0.583068542268745,0,8,21
34,5,1,0.583068542268745,0,8,22
36,5,1,0.583068542268745,0,8,22
32,5,1,0.583068542268745,0,8,22
28,5,1,0.583068542268745,0,8,22
19,5,1,0.583068542268745,0,8,22
21,5,1,0.628980796659893,0,8,23
3,5,1,0.628980796659893,0,8,23
0,5,1,0.628980796659893,0,8,23
1,5,1,0.628980796659893,0,8,23
0,5,1,0.628980796659893,0,8,23
0,6,1,0.703390312397271,0,8,0
0,6,1,0.703390312397271,0,8,0
0,6,1,0.703390312397271,0,8,0
0,6,1,0.703390312397271,0,8,0
0,6,1,0.703390312397271,0,8,0
0,6,1,0.628980796659893,0,8,1
0,6,1,0.625814434288089,0,8,5
0,6,1,0.625814434288089,0,8,5
0,6,1,0.625814434288089,0,8,5
0,6,1,0.625814434288089,0,8,5
0,6,1,0.576735817525138,0,8,6
0,6,1,0.576735817525138,0,8,6
0,6,1,0.576735817525138,0,8,6
1,6,1,0.576735817525138,0,8,6
0,6,1,0.576735817525138,0,8,6
0,6,1,0.659061239192024,0,8,7
4,6,1,0.659061239192024,0,8,7
6,6,1,0.659061239192024,0,8,7
9,6,1,0.659061239192024,0,8,7
9,6,1,0.659061239192024,0,8,7
8,6,1,0.703390312397271,0,8,8
18,6,1,0.703390312397271,0,8,8
30,6,1,0.703390312397271,0,8,8
37,6,1,0.703390312397271,0,8,8
39,6,1,0.703390312397271,0,8,8
49,6,1,0.861708430987439,0,8,9
64,6,1,0.861708430987439,0,8,9
60,6,1,0.861708430987439,0,8,9
56,6,1,0.861708430987439,0,8,9
54,6,1,0.861708430987439,0,8,9
50,6,1,0.936117946724817,0,8,10
62,6,1,1.16726239986646,0,8,17
59,6,1,1.16726239986646,0,8,17
55,6,1,1.16726239986646,0,8,17
44,6,1,1.16726239986646,0,8,17
53,6,1,1.0089442812763,0,8,18
49,6,1,1.0089442812763,0,8,18
43,6,1,1.0089442812763,0,8,18
45,6,1,1.0089442812763,0,8,18
44,6,1,1.0089442812763,0,8,18
50,6,1,0.899704779449078,0,8,19
47,6,1,0.899704779449078,0,8,19
40,6,1,0.899704779449078,0,8,19
47,6,1,0.899704779449078,0,8,19
47,6,1,0.899704779449078,0,8,19
43,6,1,0.818962538968093,0,8,20
42,6,1,0.818962538968093,0,8,20
34,6,1,0.818962538968093,0,8,20
40,6,1,0.818962538968093,0,8,20
38,6,1,0.818962538968093,0,8,20
36,6,1,0.741386660858912,0,8,21
33,6,1,0.741386660858912,0,8,21
36,6,1,0.741386660858912,0,8,21
46,6,1,0.741386660858912,0,8,21
38,6,1,0.741386660858912,0,8,21
38,6,1,0.741386660858912,0,8,22
37,6,1,0.741386660858912,0,8,22
41,6,1,0.741386660858912,0,8,22
38,6,1,0.741386660858912,0,8,22
39,6,1,0.741386660858912,0,8,22
40,6,1,0.741386660858912,0,8,23
38,6,1,0.741386660858912,0,8,23
42,6,1,0.741386660858912,0,8,23
21,6,1,0.741386660858912,0,8,23
16,6,1,0.741386660858912,0,8,23
20,0,0,0.660644420377926,0,8,0
17,0,0,0.660644420377926,0,8,0
12,0,0,0.660644420377926,0,8,0
8,0,0,0.660644420377926,0,8,0
14,0,0,0.660644420377926,0,8,0
7,0,0,0.628980796659893,0,8,1
0,0,0,0.502326301787759,0,8,5
1,0,0,0.502326301787759,0,8,5
1,0,0,0.502326301787759,0,8,5
2,0,0,0.502326301787759,0,8,5
8,0,0,0.545072193807104,0,8,6
16,0,0,0.545072193807104,0,8,6
18,0,0,0.545072193807104,0,8,6
20,0,0,0.545072193807104,0,8,6
23,0,0,0.545072193807104,0,8,6
24,0,0,0.545072193807104,0,8,7
35,0,0,0.545072193807104,0,8,7
40,0,0,0.545072193807104,0,8,7
37,0,0,0.545072193807104,0,8,7
33,0,0,0.545072193807104,0,8,7
36,0,0,0.660644420377926,0,8,8
36,0,0,0.660644420377926,0,8,8
43,0,0,0.660644420377926,0,8,8
41,0,0,0.660644420377926,0,8,8
59,0,0,0.660644420377926,0,8,8
61,0,0,0.698640768839566,0,8,9
66,0,0,0.698640768839566,0,8,9
70,0,0,0.698640768839566,0,8,9
70,0,0,0.698640768839566,0,8,9
75,0,0,0.698640768839566,0,8,9
134,0,0,1.12451650784712,0,8,12
139,0,0,1.12451650784712,0,8,12
119,0,0,1.31608143134122,0,8,13
145,0,0,1.31608143134122,0,8,13
105,0,0,1.31608143134122,0,8,13
93,0,0,1.31608143134122,0,8,13
115,0,0,1.31608143134122,0,8,13
115,0,0,1.59947086361762,0,8,14
108,0,0,1.59947086361762,0,8,14
115,0,0,1.59947086361762,0,8,14
111,0,0,1.59947086361762,0,8,14
102,0,0,1.59947086361762,0,8,14
98,0,0,1.63905039326516,0,8,15
89,0,0,1.63905039326516,0,8,15
78,0,0,1.63905039326516,0,8,15
65,0,0,1.63905039326516,0,8,15
75,0,0,1.63905039326516,0,8,15
83,0,0,1.72137581493205,0,8,16
27,0,0,1.72137581493205,0,8,16
27,0,0,1.72137581493205,0,8,16
27,0,0,1.72137581493205,0,8,16
18,0,0,1.72137581493205,0,8,16
19,0,0,1.57413996464319,0,8,17
14,0,0,1.57413996464319,0,8,17
20,0,0,1.57413996464319,0,8,17
9,0,0,1.57413996464319,0,8,17
10,0,0,1.57413996464319,0,8,17
13,0,0,1.45381819451466,0,8,18
11,0,0,1.45381819451466,0,8,18
13,0,0,1.45381819451466,0,8,18
16,0,0,1.45381819451466,0,8,18
7,0,0,1.45381819451466,0,8,18
10,0,0,1.17359512461007,0,8,19
10,0,0,1.17359512461007,0,8,19
6,0,0,1.17359512461007,0,8,19
6,0,0,1.17359512461007,0,8,19
6,0,0,1.17359512461007,0,8,19
10,0,0,0.977280657558261,0,8,20
54,0,0,0.977280657558261,0,8,20
61,0,0,0.977280657558261,0,8,20
69,0,0,0.977280657558261,0,8,20
63,0,0,0.977280657558261,0,8,20
68,0,0,0.856958887429733,0,8,21
62,0,0,0.856958887429733,0,8,21
73,0,0,0.856958887429733,0,8,21
72,0,0,0.856958887429733,0,8,21
63,0,0,0.856958887429733,0,8,21
66,0,0,0.660644420377926,0,8,22
58,0,0,0.660644420377926,0,8,22
60,0,0,0.660644420377926,0,8,22
53,0,0,0.660644420377926,0,8,22
42,0,0,0.660644420377926,0,8,22
38,0,0,0.622648071916286,0,8,23
32,0,0,0.622648071916286,0,8,23
34,0,0,0.622648071916286,0,8,23
32,0,0,0.622648071916286,0,8,23
32,0,0,0.622648071916286,0,8,23
31,1,0,0.583068542268745,0,8,0
28,1,0,0.583068542268745,0,8,0
23,1,0,0.583068542268745,0,8,0
19,1,0,0.583068542268745,0,8,0
15,1,0,0.583068542268745,0,8,0
15,1,0,0.540322650249399,0,8,1
0,1,0,0.355090451498903,0,8,5
1,1,0,0.355090451498903,0,8,5
3,1,0,0.355090451498903,0,8,5
2,1,0,0.355090451498903,0,8,5
14,1,0,0.312344559479558,0,8,6
22,1,0,0.312344559479558,0,8,6
28,1,0,0.312344559479558,0,8,6
22,1,0,0.312344559479558,0,8,6
30,1,0,0.309178197107755,0,8,7
36,1,0,0.309178197107755,0,8,7
36,1,0,0.309178197107755,0,8,7
39,1,0,0.309178197107755,0,8,7
35,1,0,0.309178197107755,0,8,7
38,1,0,0.344008183197591,0,8,8
45,1,0,0.344008183197591,0,8,8
49,1,0,0.344008183197591,0,8,8
49,1,0,0.344008183197591,0,8,8
60,1,0,0.344008183197591,0,8,8
65,1,0,0.386754075216937,0,8,9
63,1,0,0.386754075216937,0,8,9
67,1,0,0.386754075216937,0,8,9
69,1,0,0.386754075216937,0,8,9
53,1,0,0.386754075216937,0,8,9
51,1,0,0.540322650249399,0,8,10
51,1,0,0.540322650249399,0,8,10
64,1,0,0.540322650249399,0,8,10
75,1,0,0.540322650249399,0,8,10
59,1,0,0.540322650249399,0,8,10
84,1,0,0.817379357782192,0,8,11
71,1,0,0.817379357782192,0,8,11
72,1,0,0.817379357782192,0,8,11
65,1,0,0.817379357782192,0,8,11
62,1,0,0.817379357782192,0,8,11
62,1,0,1.05485653566744,0,8,12
77,1,0,1.05485653566744,0,8,12
61,1,0,1.05485653566744,0,8,12
69,1,0,1.05485653566744,0,8,12
69,1,0,1.05485653566744,0,8,12
48,1,0,1.05485653566744,0,8,12
52,1,0,1.24167191560384,0,8,13
69,1,0,1.24167191560384,0,8,13
80,1,0,1.24167191560384,0,8,13
70,1,0,1.24167191560384,0,8,13
54,1,0,1.24167191560384,0,8,13
71,1,0,1.32874688082843,0,8,14
65,1,0,1.32874688082843,0,8,14
61,1,0,1.32874688082843,0,8,14
74,1,0,1.32874688082843,0,8,14
81,1,0,1.32874688082843,0,8,14
73,1,0,1.36516004810417,0,8,15
73,1,0,1.36516004810417,0,8,15
67,1,0,1.36516004810417,0,8,15
71,1,0,1.36516004810417,0,8,15
70,1,0,1.36516004810417,0,8,15
78,1,0,1.25117100271925,0,8,16
81,1,0,1.25117100271925,0,8,16
87,1,0,1.25117100271925,0,8,16
70,1,0,1.25117100271925,0,8,16
80,1,0,1.25117100271925,0,8,16
89,1,0,1.12926605140482,0,8,17
8,1,0,1.12926605140482,0,8,17
14,1,0,1.12926605140482,0,8,17
11,1,0,1.12926605140482,0,8,17
11,1,0,1.12926605140482,0,8,17
11,1,0,1.12926605140482,0,8,17
9,1,0,1.12926605140482,0,8,17
3,1,0,1.12926605140482,0,8,17
9,1,0,1.12926605140482,0,8,17
12,1,0,1.12926605140482,0,8,17
10,1,0,1.12926605140482,0,8,17
7,1,0,1.12926605140482,0,8,17
8,1,0,1.12926605140482,0,8,17
7,1,0,1.12926605140482,0,8,17
7,1,0,1.12926605140482,0,8,17
14,1,0,1.12926605140482,0,8,17
8,1,0,1.12926605140482,0,8,17
10,1,0,1.12926605140482,0,8,17
11,1,0,1.12926605140482,0,8,17
13,1,0,1.12926605140482,0,8,17
9,1,0,1.12926605140482,0,8,17
9,1,0,1.12926605140482,0,8,17
8,1,0,1.12926605140482,0,8,17
9,1,0,1.12926605140482,0,8,17
8,1,0,1.12926605140482,0,8,17
9,1,0,1.12926605140482,0,8,17
12,1,0,1.12926605140482,0,8,17
8,1,0,1.12926605140482,0,8,17
10,1,0,1.12926605140482,0,8,17
12,1,0,1.12926605140482,0,8,17
11,1,0,1.12926605140482,0,8,17
5,1,0,1.12926605140482,0,8,17
10,1,0,1.12926605140482,0,8,17
12,1,0,1.12926605140482,0,8,17
9,1,0,1.12926605140482,0,8,17
14,1,0,1.12926605140482,0,8,17
4,1,0,1.12926605140482,0,8,17
5,1,0,1.12926605140482,0,8,17
4,1,0,1.12926605140482,0,8,17
6,1,0,1.12926605140482,0,8,17
4,1,0,1.12926605140482,0,8,17
4,1,0,1.12926605140482,0,8,17
9,1,0,1.12926605140482,0,8,17
2,1,0,1.12926605140482,0,8,17
1,1,0,1.12926605140482,0,8,17
7,1,0,1.12926605140482,0,8,17
10,1,0,1.12926605140482,0,8,17
11,1,0,1.12926605140482,0,8,17
14,1,0,1.12926605140482,0,8,17
11,1,0,1.12926605140482,0,8,17
8,1,0,1.12926605140482,0,8,17
12,1,0,1.12926605140482,0,8,17
9,1,0,1.12926605140482,0,8,17
9,1,0,1.12926605140482,0,8,17
9,1,0,1.12926605140482,0,8,17
7,1,0,1.12926605140482,0,8,17
10,1,0,1.12926605140482,0,8,17
11,1,0,1.12926605140482,0,8,17
4,1,0,1.12926605140482,0,8,17
6,1,0,1.12926605140482,0,8,17
7,1,0,1.12926605140482,0,8,17
11,1,0,1.12926605140482,0,8,17
10,1,0,1.12926605140482,0,8,17
6,1,0,1.12926605140482,0,8,17
8,1,0,1.12926605140482,0,8,17
7,1,0,1.12926605140482,0,8,17
7,1,0,1.12926605140482,0,8,17
4,1,0,1.12926605140482,0,8,17
7,1,0,1.12926605140482,0,8,17
8,1,0,1.12926605140482,0,8,17
7,1,0,1.12926605140482,0,8,17
10,1,0,1.12926605140482,0,8,17
2,1,0,1.12926605140482,0,8,17
8,1,0,1.12926605140482,0,8,17
9,1,0,1.12926605140482,0,8,17
4,1,0,1.12926605140482,0,8,17
7,1,0,1.12926605140482,0,8,17
9,1,0,1.12926605140482,0,8,17
8,1,0,1.12926605140482,0,8,17
13,1,0,1.12926605140482,0,8,17
8,1,0,1.12926605140482,0,8,17
4,1,0,1.12926605140482,0,8,17
5,1,0,1.12926605140482,0,8,17
10,1,0,1.12926605140482,0,8,17
9,1,0,1.12926605140482,0,8,17
6,1,0,1.12926605140482,0,8,17
5,1,0,1.12926605140482,0,8,17
12,1,0,1.12926605140482,0,8,17
5,1,0,1.12926605140482,0,8,17
9,1,0,1.12926605140482,0,8,17
11,1,0,1.12926605140482,0,8,17
9,1,0,1.12926605140482,0,8,17
8,1,0,1.12926605140482,0,8,17
8,1,0,1.12926605140482,0,8,17
9,1,0,1.12926605140482,0,8,17
10,1,0,1.12926605140482,0,8,17
9,1,0,1.12926605140482,0,8,17
8,1,0,1.12926605140482,0,8,17
10,1,0,1.0152770060199,0,8,18
10,1,0,1.0152770060199,0,8,18
7,1,0,1.0152770060199,0,8,18
9,1,0,1.0152770060199,0,8,18
7,1,0,1.0152770060199,0,8,18
7,1,0,1.0152770060199,0,8,18
71,1,0,1.0152770060199,0,8,18
81,1,0,1.0152770060199,0,8,18
88,1,0,1.0152770060199,0,8,18
77,1,0,1.0152770060199,0,8,18
70,1,0,0.69230804409596,0,8,19
92,1,0,0.69230804409596,0,8,19
83,1,0,0.69230804409596,0,8,19
76,1,0,0.69230804409596,0,8,19
73,1,0,0.69230804409596,0,8,19
75,1,0,0.464329953326119,0,8,20
73,1,0,0.464329953326119,0,8,20
72,1,0,0.464329953326119,0,8,20
71,1,0,0.464329953326119,0,8,20
73,1,0,0.464329953326119,0,8,20
50,1,0,0.393086799960543,0,8,21
65,1,0,0.393086799960543,0,8,21
67,1,0,0.393086799960543,0,8,21
72,1,0,0.393086799960543,0,8,21
76,1,0,0.393086799960543,0,8,21
65,1,0,0.386754075216937,0,8,22
57,1,0,0.386754075216937,0,8,22
50,1,0,0.386754075216937,0,8,22
58,1,0,0.386754075216937,0,8,22
57,1,0,0.386754075216937,0,8,22
55,1,0,0.22843595662677,0,8,23
50,1,0,0.22843595662677,0,8,23
52,1,0,0.22843595662677,0,8,23
44,1,0,0.22843595662677,0,8,23
28,1,0,0.22843595662677,0,8,23
27,2,0,0.22843595662677,1,8,0
9,2,0,0.22843595662677,1,8,0
15,2,0,0.22843595662677,1,8,0
14,2,0,0.22843595662677,1,8,0
10,2,0,0.22843595662677,1,8,0
8,2,0,0.26643230508841,1,8,1
2,2,0,0.26643230508841,1,8,5
2,2,0,0.26643230508841,1,8,5
2,2,0,0.26643230508841,1,8,5
5,2,0,0.26643230508841,1,8,5
8,2,0,0.424750423678577,1,8,6
21,2,0,0.424750423678577,1,8,6
29,2,0,0.424750423678577,1,8,6
31,2,0,0.424750423678577,1,8,6
42,2,0,0.424750423678577,1,8,6
39,2,0,0.386754075216937,1,8,7
46,2,0,0.386754075216937,1,8,7
42,2,0,0.386754075216937,1,8,7
35,2,0,0.386754075216937,1,8,7
47,2,0,0.386754075216937,1,8,7
41,2,0,0.549821737364809,1,8,8
52,2,0,0.549821737364809,1,8,8
48,2,0,0.549821737364809,1,8,8
58,2,0,0.549821737364809,1,8,8
50,2,0,0.549821737364809,1,8,8
66,2,0,0.741386660858912,1,8,9
61,2,0,0.741386660858912,1,8,9
59,2,0,0.741386660858912,1,8,9
67,2,0,0.741386660858912,1,8,9
78,2,0,0.741386660858912,1,8,9
69,2,0,0.825295263711701,1,8,10
70,2,0,0.825295263711701,1,8,10
67,2,0,0.825295263711701,1,8,10
62,2,0,0.825295263711701,1,8,10
76,2,0,0.825295263711701,1,8,10
80,2,0,1.1055183336163,1,8,11
72,2,0,1.1055183336163,1,8,11
71,2,0,1.1055183336163,1,8,11
64,2,0,1.1055183336163,1,8,11
77,2,0,1.1055183336163,1,8,11
72,2,0,1.33033006201433,1,8,12
72,2,0,1.33033006201433,1,8,12
61,2,0,1.33033006201433,1,8,12
65,2,0,1.33033006201433,1,8,12
59,2,0,1.33033006201433,1,8,12
70,2,0,1.71187672781664,1,8,13
53,2,0,1.71187672781664,1,8,13
54,2,0,1.71187672781664,1,8,13
55,2,0,1.71187672781664,1,8,13
57,2,0,1.71187672781664,1,8,13
58,2,0,1.95568663044549,1,8,14
78,2,0,1.95568663044549,1,8,14
78,2,0,1.95568663044549,1,8,14
82,2,0,1.95568663044549,1,8,14
77,2,0,1.95568663044549,1,8,14
78,2,0,1.84803030980418,1,8,15
79,2,0,1.84803030980418,1,8,15
79,2,0,1.84803030980418,1,8,15
78,2,0,1.84803030980418,1,8,15
76,2,0,1.84803030980418,1,8,15
87,2,0,1.98101752941992,1,8,16
87,2,0,1.98101752941992,1,8,16
104,2,0,1.98101752941992,1,8,16
119,2,0,1.98101752941992,1,8,16
96,2,0,1.98101752941992,1,8,16
91,2,0,1.98101752941992,1,8,16
94,2,0,2.23116015679239,1,8,17
86,2,0,2.23116015679239,1,8,17
83,2,0,2.23116015679239,1,8,17
94,2,0,2.23116015679239,1,8,17
81,2,0,2.23116015679239,1,8,17
71,2,0,1.90660801368254,1,8,18
75,2,0,1.90660801368254,1,8,18
75,2,0,1.90660801368254,1,8,18
72,2,0,1.90660801368254,1,8,18
82,2,0,1.90660801368254,1,8,18
88,2,0,1.5788895082009,1,8,19
71,2,0,1.5788895082009,1,8,19
70,2,0,1.5788895082009,1,8,19
61,2,0,1.5788895082009,1,8,19
51,2,0,1.5788895082009,1,8,19
49,2,0,1.38574140352089,1,8,20
60,2,0,1.38574140352089,1,8,20
55,2,0,1.38574140352089,1,8,20
70,2,0,1.38574140352089,1,8,20
70,2,0,1.38574140352089,1,8,20
66,2,0,1.18309421172548,1,8,21
79,2,0,1.18309421172548,1,8,21
74,2,0,1.18309421172548,1,8,21
82,2,0,1.18309421172548,1,8,21
82,2,0,1.18309421172548,1,8,21
74,2,0,1.11660060191761,1,8,22
80,2,0,1.11660060191761,1,8,22
69,2,0,1.11660060191761,1,8,22
66,2,0,1.11660060191761,1,8,22
77,2,0,1.04219108618023,1,8,23
58,2,0,1.04219108618023,1,8,23
63,2,0,1.04219108618023,1,8,23
48,2,0,1.04219108618023,1,8,23
41,2,0,1.04219108618023,1,8,23
36,3,0,0.975697476372359,1,8,0
35,3,0,0.975697476372359,1,8,0
27,3,0,0.975697476372359,1,8,0
15,3,0,0.975697476372359,1,8,0
7,3,0,0.975697476372359,1,8,0
6,3,0,0.932951584353014,1,8,1
2,3,0,0.906037504192686,1,8,5
2,3,0,0.906037504192686,1,8,5
2,3,0,0.906037504192686,1,8,5
2,3,0,0.906037504192686,1,8,5
9,3,0,0.868041155731046,1,8,6
15,3,0,0.868041155731046,1,8,6
22,3,0,0.868041155731046,1,8,6
28,3,0,0.868041155731046,1,8,6
29,3,0,0.868041155731046,1,8,6
33,3,0,0.93928430909662,1,8,7
38,3,0,0.93928430909662,1,8,7
38,3,0,0.93928430909662,1,8,7
38,3,0,0.93928430909662,1,8,7
39,3,0,0.93928430909662,1,8,7
48,3,0,1.14351468207794,1,8,8
48,3,0,1.14351468207794,1,8,8
50,3,0,1.14351468207794,1,8,8
53,3,0,1.14351468207794,1,8,8
47,3,0,1.14351468207794,1,8,8
67,3,0,1.26858599576417,1,8,9
51,3,0,1.26858599576417,1,8,9
50,3,0,1.26858599576417,1,8,9
57,3,0,1.26858599576417,1,8,9
57,3,0,1.26858599576417,1,8,9
60,3,0,1.83536486031697,1,8,10
83,3,0,1.83536486031697,1,8,10
75,3,0,1.83536486031697,1,8,10
72,3,0,1.83536486031697,1,8,10
79,3,0,1.83536486031697,1,8,10
74,3,0,1.98893343534943,1,8,11
64,3,0,1.98893343534943,1,8,11
69,3,0,1.98893343534943,1,8,11
69,3,0,1.98893343534943,1,8,11
66,3,0,1.98893343534943,1,8,11
65,3,0,2.21216198256157,1,8,12
63,3,0,2.82960264506322,1,8,16
90,3,0,2.82960264506322,1,8,16
68,3,0,2.82960264506322,1,8,16
72,3,0,2.82960264506322,1,8,16
79,3,0,2.8090212896465,1,8,17
78,3,0,2.8090212896465,1,8,17
76,3,0,2.8090212896465,1,8,17
79,3,0,2.8090212896465,1,8,17
75,3,0,2.8090212896465,1,8,17
83,3,0,3.06391346057666,1,8,18
79,3,0,3.06391346057666,1,8,18
79,3,0,3.06391346057666,1,8,18
78,3,0,3.06391346057666,1,8,18
80,3,0,3.06391346057666,1,8,18
73,3,0,2.80585492727469,1,8,19
73,3,0,2.80585492727469,1,8,19
68,3,0,2.80585492727469,1,8,19
69,3,0,2.80585492727469,1,8,19
67,3,0,2.80585492727469,1,8,19
71,3,0,2.32615102794649,1,8,20
5,3,0,1.98260071060582,1,8,21
10,3,0,1.98260071060582,1,8,21
75,3,0,1.83061531675926,1,8,22
86,3,0,1.83061531675926,1,8,22
77,3,0,1.83061531675926,1,8,22
78,3,0,1.83061531675926,1,8,22
86,3,0,1.7752039752527,1,8,23
63,3,0,1.7752039752527,1,8,23
60,3,0,1.7752039752527,1,8,23
54,3,0,1.7752039752527,1,8,23
46,3,0,1.7752039752527,1,8,23
46,4,0,1.74354035153467,1,8,0
33,4,0,1.74354035153467,1,8,0
28,4,0,1.74354035153467,1,8,0
18,4,0,1.74354035153467,1,8,0
12,4,0,1.74354035153467,1,8,0
13,4,0,1.69762809714352,1,8,1
1,4,0,1.5820558705727,1,8,5
4,4,0,1.5820558705727,1,8,5
2,4,0,1.5820558705727,1,8,5
6,4,0,1.5820558705727,1,8,5
13,4,0,1.65963174868188,1,8,6
20,4,0,1.65963174868188,1,8,6
27,4,0,1.65963174868188,1,8,6
24,4,0,1.65963174868188,1,8,6
26,4,0,1.65963174868188,1,8,6
27,4,0,1.69604491595762,1,8,7
33,4,0,1.69604491595762,1,8,7
30,4,0,1.69604491595762,1,8,7
30,4,0,1.69604491595762,1,8,7
35,4,0,1.69604491595762,1,8,7
50,4,0,1.7752039752527,1,8,8
53,4,0,1.7752039752527,1,8,8
52,4,0,1.7752039752527,1,8,8
56,4,0,1.7752039752527,1,8,8
59,4,0,1.7752039752527,1,8,8
69,4,0,1.91769028198385,1,8,9
60,4,0,1.91769028198385,1,8,9
52,4,0,1.91769028198385,1,8,9
49,4,0,1.91769028198385,1,8,9
49,4,0,1.91769028198385,1,8,9
68,4,0,1.14668104444974,1,8,10
56,4,0,1.14668104444974,1,8,10
72,4,0,1.14668104444974,1,8,10
75,4,0,1.14668104444974,1,8,10
64,4,0,1.14668104444974,1,8,10
57,4,0,1.14668104444974,1,8,11
62,4,0,1.14668104444974,1,8,11
56,4,0,1.14668104444974,1,8,11
66,4,0,1.14668104444974,1,8,11
61,4,0,1.14668104444974,1,8,11
69,4,0,1.14668104444974,1,8,12
51,4,0,1.14668104444974,1,8,12
46,4,0,1.14668104444974,1,8,12
48,4,0,1.14668104444974,1,8,12
60,4,0,1.14668104444974,1,8,12
54,4,0,1.14668104444974,1,8,13
49,4,0,1.14668104444974,1,8,13
54,4,0,1.14668104444974,1,8,13
61,4,0,1.14668104444974,1,8,13
56,4,0,1.14668104444974,1,8,13
60,4,0,1.14668104444974,1,8,14
81,4,0,1.14668104444974,1,8,14
71,4,0,1.14668104444974,1,8,14
74,4,0,1.14668104444974,1,8,14
80,4,0,1.14668104444974,1,8,14
70,4,0,1.14668104444974,1,8,15
93,4,0,1.14668104444974,1,8,15
89,4,0,1.14668104444974,1,8,15
83,4,0,1.14668104444974,1,8,15
80,4,0,1.14668104444974,1,8,15
76,4,0,1.14668104444974,1,8,16
72,4,0,1.14668104444974,1,8,16
65,4,0,1.14668104444974,1,8,16
68,4,0,1.14668104444974,1,8,16
85,4,0,1.14668104444974,1,8,16
91,4,0,1.14668104444974,1,8,17
78,4,0,1.14668104444974,1,8,17
79,4,0,1.14668104444974,1,8,17
77,4,0,1.14668104444974,1,8,17
59,4,0,1.14668104444974,1,8,17
60,4,0,1.14668104444974,1,8,18
62,4,0,1.14668104444974,1,8,18
75,4,0,1.14668104444974,1,8,18
63,4,0,1.14668104444974,1,8,18
62,4,0,1.14668104444974,1,8,18
61,4,0,1.14668104444974,1,8,19
50,4,0,1.14668104444974,1,8,19
46,4,0,1.14668104444974,1,8,19
53,4,0,1.14668104444974,1,8,19
57,4,0,1.14668104444974,1,8,20
44,4,0,1.14668104444974,1,8,20
54,4,0,1.14668104444974,1,8,20
42,4,0,1.14668104444974,1,8,20
48,4,0,1.14668104444974,1,8,21
61,4,0,1.14668104444974,1,8,21
68,4,0,1.14668104444974,1,8,21
52,4,0,1.14668104444974,1,8,21
52,4,0,1.14668104444974,1,8,21
47,4,0,1.14668104444974,1,8,22
39,4,0,1.14668104444974,1,8,22
47,4,0,1.14668104444974,1,8,22
34,4,0,1.14668104444974,1,8,22
31,4,0,1.14668104444974,1,8,22
20,4,0,1.14668104444974,1,8,23
10,4,0,1.14668104444974,1,8,23
7,4,0,1.14668104444974,1,8,23
1,4,0,1.14668104444974,1,8,23
2,4,0,1.14668104444974,1,8,23
0,5,1,1.14668104444974,1,8,0
0,5,1,1.14668104444974,1,8,0
1,5,1,1.14668104444974,1,8,0
1,5,1,1.14668104444974,1,8,0
1,5,1,1.14668104444974,1,8,0
3,5,1,1.14668104444974,1,8,1
0,5,1,1.14668104444974,1,8,5
0,5,1,1.14668104444974,1,8,5
1,5,1,1.14668104444974,1,8,5
0,5,1,1.14668104444974,1,8,5
1,5,1,1.14668104444974,1,8,6
0,5,1,1.14668104444974,1,8,6
0,5,1,1.14668104444974,1,8,6
0,5,1,1.14668104444974,1,8,6
0,5,1,1.14668104444974,1,8,6
1,5,1,1.14668104444974,1,8,7
5,5,1,1.14668104444974,1,8,7
1,5,1,1.14668104444974,1,8,7
2,5,1,1.14668104444974,1,8,7
5,5,1,1.14668104444974,1,8,7
14,5,1,1.14668104444974,1,8,8
18,5,1,1.14668104444974,1,8,8
28,5,1,1.14668104444974,1,8,8
26,5,1,1.14668104444974,1,8,8
20,5,1,1.14668104444974,1,8,8
24,5,1,1.14668104444974,1,8,9
35,5,1,1.14668104444974,1,8,9
38,5,1,1.14668104444974,1,8,9
39,5,1,1.14668104444974,1,8,9
32,5,1,1.14668104444974,1,8,9
49,5,1,1.14668104444974,1,8,10
64,5,1,1.14668104444974,1,8,10
57,5,1,1.14668104444974,1,8,10
58,5,1,1.14668104444974,1,8,10
58,5,1,1.14668104444974,1,8,10
70,5,1,1.14668104444974,1,8,11
53,5,1,1.14668104444974,1,8,11
45,5,1,1.14668104444974,1,8,11
55,5,1,1.14668104444974,1,8,11
42,5,1,1.14668104444974,1,8,11
46,5,1,1.14668104444974,1,8,12
46,5,1,1.14668104444974,1,8,12
37,5,1,1.14668104444974,1,8,12
60,5,1,1.14668104444974,1,8,12
54,5,1,1.14668104444974,1,8,12
54,5,1,1.14668104444974,1,8,13
66,5,1,1.14668104444974,1,8,13
75,5,1,1.14668104444974,1,8,13
70,5,1,1.14668104444974,1,8,13
71,5,1,1.14668104444974,1,8,13
72,5,1,1.14668104444974,1,8,14
68,5,1,1.14668104444974,1,8,14
87,5,1,1.14668104444974,1,8,14
70,5,1,1.14668104444974,1,8,14
55,5,1,1.14668104444974,1,8,14
53,5,1,1.14668104444974,1,8,15
66,5,1,1.14668104444974,1,8,15
61,5,1,1.14668104444974,1,8,15
76,5,1,1.14668104444974,1,8,15
70,5,1,1.14668104444974,1,8,15
64,5,1,1.14668104444974,1,8,16
77,5,1,1.14668104444974,1,8,16
78,5,1,1.14668104444974,1,8,16
80,5,1,1.14668104444974,1,8,16
79,5,1,1.14668104444974,1,8,16
76,5,1,1.14668104444974,1,8,17
81,5,1,1.14668104444974,1,8,17
72,5,1,1.14668104444974,1,8,17
75,5,1,1.14668104444974,1,8,17
85,5,1,1.14668104444974,1,8,17
72,5,1,1.14668104444974,1,8,18
85,5,1,1.14668104444974,1,8,18
85,5,1,1.14668104444974,1,8,18
93,5,1,1.14668104444974,1,8,18
71,5,1,1.14668104444974,1,8,18
64,5,1,1.14668104444974,1,8,19
75,5,1,1.14668104444974,1,8,19
69,5,1,1.14668104444974,1,8,19
69,5,1,1.14668104444974,1,8,19
66,5,1,1.14668104444974,1,8,19
70,5,1,1.14668104444974,1,8,20
78,5,1,1.14668104444974,1,8,20
74,5,1,1.14668104444974,1,8,20
80,5,1,1.14668104444974,1,8,20
67,5,1,1.14668104444974,1,8,20
78,5,1,1.14668104444974,1,8,21
65,5,1,1.14668104444974,1,8,21
66,5,1,1.14668104444974,1,8,21
68,5,1,1.14668104444974,1,8,21
59,5,1,1.14668104444974,1,8,21
66,5,1,1.14668104444974,1,8,22
63,5,1,1.14668104444974,1,8,22
54,5,1,1.14668104444974,1,8,22
50,5,1,1.14668104444974,1,8,22
48,5,1,1.14668104444974,1,8,22
45,5,1,1.14668104444974,1,8,23
0,5,1,1.14668104444974,1,8,23
2,5,1,1.14668104444974,1,8,23
1,5,1,1.14668104444974,1,8,23
0,5,1,1.14668104444974,1,8,23
0,6,1,1.14668104444974,1,8,0
0,6,1,1.14668104444974,1,8,0
1,6,1,1.14668104444974,1,8,0
0,6,1,1.14668104444974,1,8,0
0,6,1,1.14668104444974,1,8,0
0,6,1,1.14668104444974,1,8,1
0,6,1,1.14668104444974,1,8,5
0,6,1,1.14668104444974,1,8,5
0,6,1,1.14668104444974,1,8,5
0,6,1,1.14668104444974,1,8,5
0,6,1,1.14668104444974,1,8,6
0,6,1,1.14668104444974,1,8,6
0,6,1,1.14668104444974,1,8,6
1,6,1,1.14668104444974,1,8,6
1,6,1,1.14668104444974,1,8,6
0,6,1,1.14668104444974,1,8,7
0,6,1,1.14668104444974,1,8,7
0,6,1,1.14668104444974,1,8,7
4,6,1,1.14668104444974,1,8,7
4,6,1,1.14668104444974,1,8,7
10,6,1,1.14668104444974,1,8,8
31,6,1,1.14668104444974,1,8,8
32,6,1,1.14668104444974,1,8,8
40,6,1,1.14668104444974,1,8,8
28,6,1,1.14668104444974,1,8,8
49,6,1,1.14668104444974,1,8,9
45,6,1,1.14668104444974,1,8,9
44,6,1,1.14668104444974,1,8,9
45,6,1,1.14668104444974,1,8,9
40,6,1,1.14668104444974,1,8,9
40,6,1,1.14668104444974,1,8,10
60,6,1,1.14668104444974,1,8,10
44,6,1,1.14668104444974,1,8,10
55,6,1,1.14668104444974,1,8,10
39,6,1,1.14668104444974,1,8,10
37,6,1,1.14668104444974,1,8,11
55,6,1,1.14668104444974,1,8,11
62,6,1,1.14668104444974,1,8,11
68,6,1,1.14668104444974,1,8,11
80,6,1,1.14668104444974,1,8,11
62,6,1,1.14668104444974,1,8,12
53,6,1,1.14668104444974,1,8,12
62,6,1,1.14668104444974,1,8,12
52,6,1,1.14668104444974,1,8,12
40,6,1,1.14668104444974,1,8,12
39,6,1,1.14668104444974,1,8,13
41,6,1,1.14668104444974,1,8,13
45,6,1,1.14668104444974,1,8,13
48,6,1,1.14668104444974,1,8,13
43,6,1,1.14668104444974,1,8,13
52,6,1,1.14668104444974,1,8,14
41,6,1,1.14668104444974,1,8,14
48,6,1,1.14668104444974,1,8,14
43,6,1,1.14668104444974,1,8,14
57,6,1,1.14668104444974,1,8,14
54,6,1,1.14668104444974,1,8,15
38,6,1,1.14668104444974,1,8,15
47,6,1,1.14668104444974,1,8,15
46,6,1,1.14668104444974,1,8,15
42,6,1,1.14668104444974,1,8,15
32,6,1,1.14668104444974,1,8,16
50,6,1,1.14668104444974,1,8,16
45,6,1,1.14668104444974,1,8,16
50,6,1,1.14668104444974,1,8,16
55,6,1,1.14668104444974,1,8,16
54,6,1,1.14668104444974,1,8,17
72,6,1,1.14668104444974,1,8,17
67,6,1,1.14668104444974,1,8,17
62,6,1,1.14668104444974,1,8,17
58,6,1,1.14668104444974,1,8,17
58,6,1,1.14668104444974,1,8,18
71,6,1,1.14668104444974,1,8,18
62,6,1,1.14668104444974,1,8,18
56,6,1,1.14668104444974,1,8,18
52,6,1,1.14668104444974,1,8,18
50,6,1,1.14668104444974,1,8,19
44,6,1,1.14668104444974,1,8,19
48,6,1,1.14668104444974,1,8,19
50,6,1,1.14668104444974,1,8,19
54,6,1,1.14668104444974,1,8,19
48,6,1,1.14668104444974,1,8,20
46,6,1,1.14668104444974,1,8,20
48,6,1,1.14668104444974,1,8,20
57,6,1,1.14668104444974,1,8,20
53,6,1,1.14668104444974,1,8,20
60,6,1,1.14668104444974,1,8,21
41,6,1,1.14668104444974,1,8,21
59,6,1,1.14668104444974,1,8,21
36,6,1,1.14668104444974,1,8,21
38,6,1,1.14668104444974,1,8,21
50,6,1,1.14668104444974,1,8,22
49,6,1,1.14668104444974,1,8,22
50,6,1,1.14668104444974,1,8,22
57,6,1,1.14668104444974,1,8,22
58,6,1,1.14668104444974,1,8,22
57,6,1,1.14668104444974,1,8,23
44,6,1,1.14668104444974,1,8,23
42,6,1,1.14668104444974,1,8,23
48,6,1,1.14668104444974,1,8,23
40,6,1,1.14668104444974,1,8,23
33,0,0,1.14668104444974,1,8,0
19,0,0,1.14668104444974,1,8,0
10,0,0,1.14668104444974,1,8,0
7,0,0,1.14668104444974,1,8,0
7,0,0,1.14668104444974,1,8,0
5,0,0,1.14668104444974,1,8,1
0,0,0,0.776216646948748,1,8,5
2,0,0,0.776216646948748,1,8,5
0,0,0,0.776216646948748,1,8,5
0,0,0,0.776216646948748,1,8,5
1,0,0,0.731887573743501,1,8,6
17,0,0,0.731887573743501,1,8,6
29,0,0,0.731887573743501,1,8,6
32,0,0,0.731887573743501,1,8,6
30,0,0,0.731887573743501,1,8,6
36,0,0,0.818962538968093,1,8,7
38,0,0,0.818962538968093,1,8,7
36,0,0,0.818962538968093,1,8,7
42,0,0,0.818962538968093,1,8,7
47,0,0,0.818962538968093,1,8,7
43,0,0,0.982030201115967,1,8,8
40,0,0,0.982030201115967,1,8,8
66,0,0,0.982030201115967,1,8,8
53,0,0,0.982030201115967,1,8,8
54,0,0,0.982030201115967,1,8,8
57,0,0,1.23375600967433,1,8,9
64,0,0,1.23375600967433,1,8,9
61,0,0,1.23375600967433,1,8,9
55,0,0,1.23375600967433,1,8,9
51,0,0,1.23375600967433,1,8,9
56,0,0,1.3968236718222,1,8,10
58,0,0,1.3968236718222,1,8,10
51,0,0,1.3968236718222,1,8,10
60,0,0,1.3968236718222,1,8,10
67,0,0,1.3968236718222,1,8,10
77,0,0,1.53297725380975,1,8,11
77,0,0,1.53297725380975,1,8,11
75,0,0,1.53297725380975,1,8,11
77,0,0,1.53297725380975,1,8,11
76,0,0,1.53297725380975,1,8,11
66,0,0,1.65329902393827,1,8,12
70,0,0,1.65329902393827,1,8,12
71,0,0,1.65329902393827,1,8,12
57,0,0,1.65329902393827,1,8,12
54,0,0,1.65329902393827,1,8,12
62,0,0,1.76728806932319,1,8,13
58,0,0,1.76728806932319,1,8,13
69,0,0,1.76728806932319,1,8,13
64,0,0,1.76728806932319,1,8,13
65,0,0,1.76728806932319,1,8,13
61,0,0,1.84169758506057,1,8,14
64,0,0,1.84169758506057,1,8,14
70,0,0,1.84169758506057,1,8,14
69,0,0,1.84169758506057,1,8,14
68,0,0,1.84169758506057,1,8,14
70,0,0,1.89394256419533,1,8,15
71,0,0,1.89394256419533,1,8,15
67,0,0,1.89394256419533,1,8,15
52,0,0,1.89394256419533,1,8,15
55,0,0,1.89394256419533,1,8,15
70,0,0,1.73720762679106,1,8,16
73,0,0,1.73720762679106,1,8,16
69,0,0,1.73720762679106,1,8,16
71,0,0,1.73720762679106,1,8,16
64,0,0,1.73720762679106,1,8,16
78,0,0,1.65963174868188,1,8,17
80,0,0,1.65963174868188,1,8,17
91,0,0,1.65963174868188,1,8,17
84,0,0,1.65963174868188,1,8,17
76,0,0,1.65963174868188,1,8,17
95,0,0,1.42373775198253,1,8,18
78,0,0,1.42373775198253,1,8,18
78,0,0,1.42373775198253,1,8,18
98,0,0,1.42373775198253,1,8,18
101,0,0,1.42373775198253,1,8,18
88,0,0,1.06435562278285,1,8,19
86,0,0,1.06435562278285,1,8,19
88,0,0,1.06435562278285,1,8,19
100,0,0,1.06435562278285,1,8,19
84,0,0,1.06435562278285,1,8,19
85,0,0,0.899704779449078,1,8,20
83,0,0,0.899704779449078,1,8,20
75,0,0,0.899704779449078,1,8,20
106,0,0,0.899704779449078,1,8,20
87,0,0,0.899704779449078,1,8,20
103,0,0,0.784132552878256,1,8,21
91,0,0,0.784132552878256,1,8,21
73,0,0,0.784132552878256,1,8,21
70,0,0,0.784132552878256,1,8,21
62,0,0,0.784132552878256,1,8,21
69,0,0,0.784132552878256,1,8,22
75,0,0,0.784132552878256,1,8,22
72,0,0,0.784132552878256,1,8,22
64,0,0,0.784132552878256,1,8,22
77,0,0,0.784132552878256,1,8,22
79,0,0,0.774633465762847,1,8,23
56,0,0,0.774633465762847,1,8,23
59,0,0,0.774633465762847,1,8,23
52,0,0,0.774633465762847,1,8,23
46,0,0,0.774633465762847,1,8,23
44,1,0,0.741386660858912,1,9,0
33,1,0,0.741386660858912,1,9,0
36,1,0,0.741386660858912,1,9,0
28,1,0,0.741386660858912,1,9,0
25,1,0,0.741386660858912,1,9,0
16,1,0,0.703390312397271,1,9,1
0,1,0,0.628980796659893,1,9,5
0,1,0,0.628980796659893,1,9,5
0,1,0,0.628980796659893,1,9,5
2,1,0,0.628980796659893,1,9,5
2,1,0,0.628980796659893,1,9,6
24,1,0,0.628980796659893,1,9,6
24,1,0,0.628980796659893,1,9,6
26,1,0,0.628980796659893,1,9,6
28,1,0,0.628980796659893,1,9,6
38,1,0,0.861708430987439,1,9,7
43,1,0,0.861708430987439,1,9,7
40,1,0,0.861708430987439,1,9,7
46,1,0,0.861708430987439,1,9,7
39,1,0,0.861708430987439,1,9,7
47,1,0,0.99469565060318,1,9,8
57,1,0,0.99469565060318,1,9,8
50,1,0,0.99469565060318,1,9,8
58,1,0,0.99469565060318,1,9,8
66,1,0,0.99469565060318,1,9,8
60,1,0,1.14984740682154,1,9,9
64,1,0,1.3018328006681,1,9,10
65,1,0,1.3018328006681,1,9,10
69,1,0,1.3018328006681,1,9,10
57,1,0,1.3018328006681,1,9,10
49,1,0,1.38415822233499,1,9,11
64,1,0,1.38415822233499,1,9,11
69,1,0,1.38415822233499,1,9,11
58,1,0,1.38415822233499,1,9,11
68,1,0,1.38415822233499,1,9,11
61,1,0,1.41898820842483,1,9,12
56,1,0,1.41898820842483,1,9,12
51,1,0,1.41898820842483,1,9,12
51,1,0,1.41898820842483,1,9,12
63,1,0,1.41898820842483,1,9,12
63,1,0,1.33033006201433,1,9,13
70,1,0,1.33033006201433,1,9,13
66,1,0,1.33033006201433,1,9,13
58,1,0,1.33033006201433,1,9,13
59,1,0,1.33033006201433,1,9,13
59,1,0,1.4886481806045,1,9,14
46,1,0,1.4886481806045,1,9,14
70,1,0,1.4886481806045,1,9,14
44,1,0,1.4886481806045,1,9,14
54,1,0,1.4886481806045,1,9,14
48,1,0,1.5788895082009,1,9,15
44,1,0,1.5788895082009,1,9,15
69,1,0,1.33982914912974,1,9,16
71,1,0,1.33982914912974,1,9,16
82,1,0,1.33982914912974,1,9,16
71,1,0,1.33982914912974,1,9,16
82,1,0,1.09285288412908,1,9,17
90,1,0,1.09285288412908,1,9,17
115,1,0,1.09285288412908,1,9,17
76,1,0,1.09285288412908,1,9,17
89,1,0,1.09285288412908,1,9,17
74,1,0,1.02002654957761,1,9,18
69,1,0,1.02002654957761,1,9,18
94,1,0,1.02002654957761,1,9,18
106,1,0,1.02002654957761,1,9,18
86,1,0,1.02002654957761,1,9,18
94,1,0,0.861708430987439,1,9,19
82,1,0,0.861708430987439,1,9,19
73,1,0,0.861708430987439,1,9,19
89,1,0,0.861708430987439,1,9,19
101,1,0,0.861708430987439,1,9,19
81,1,0,0.899704779449078,1,9,20
91,1,0,0.899704779449078,1,9,20
108,1,0,0.899704779449078,1,9,20
94,1,0,0.899704779449078,1,9,20
91,1,0,0.899704779449078,1,9,20
83,1,0,0.899704779449078,1,9,21
89,1,0,0.899704779449078,1,9,21
83,1,0,0.899704779449078,1,9,21
72,1,0,0.899704779449078,1,9,21
92,1,0,0.899704779449078,1,9,21
80,1,0,0.818962538968093,1,9,22
68,1,0,0.818962538968093,1,9,22
67,1,0,0.818962538968093,1,9,22
57,1,0,0.818962538968093,1,9,22
63,1,0,0.818962538968093,1,9,22
76,1,0,0.774633465762847,1,9,23
61,1,0,0.774633465762847,1,9,23
53,1,0,0.774633465762847,1,9,23
72,1,0,0.774633465762847,1,9,23
53,1,0,0.774633465762847,1,9,23
40,2,0,0.703390312397271,1,9,0
27,2,0,0.703390312397271,1,9,0
24,2,0,0.703390312397271,1,9,0
15,2,0,0.703390312397271,1,9,0
16,2,0,0.703390312397271,1,9,0
12,2,0,0.660644420377926,1,9,1
0,2,0,0.703390312397271,1,9,5
0,2,0,0.703390312397271,1,9,5
0,2,0,0.703390312397271,1,9,5
1,2,0,0.703390312397271,1,9,5
9,2,0,0.703390312397271,1,9,6
19,2,0,0.703390312397271,1,9,6
23,2,0,0.703390312397271,1,9,6
29,2,0,0.703390312397271,1,9,6
31,2,0,0.703390312397271,1,9,6
36,2,0,0.703390312397271,1,9,7
44,2,0,0.703390312397271,1,9,7
43,2,0,0.703390312397271,1,9,7
32,2,0,0.703390312397271,1,9,7
31,2,0,0.703390312397271,1,9,7
39,2,0,0.665393963935631,1,9,8
65,2,0,0.739803479673009,1,9,9
56,2,0,0.739803479673009,1,9,9
48,2,0,0.739803479673009,1,9,9
58,2,0,0.739803479673009,1,9,9
56,2,0,0.817379357782192,1,9,10
62,2,0,0.817379357782192,1,9,10
62,2,0,0.817379357782192,1,9,10
67,2,0,0.817379357782192,1,9,10
56,2,0,0.817379357782192,1,9,10
59,2,0,0.849042981500226,1,9,11
62,2,0,0.849042981500226,1,9,11
51,2,0,0.849042981500226,1,9,11
48,2,0,0.849042981500226,1,9,11
57,2,0,0.849042981500226,1,9,11
57,2,0,1.04694062973793,1,9,12
56,2,0,1.04694062973793,1,9,12
45,2,0,1.04694062973793,1,9,12
61,2,0,1.04694062973793,1,9,12
46,2,0,1.04694062973793,1,9,12
59,2,0,1.28758416999499,1,9,13
49,2,0,1.28758416999499,1,9,13
48,2,0,1.28758416999499,1,9,13
50,2,0,1.28758416999499,1,9,13
49,2,0,1.28758416999499,1,9,13
43,2,0,1.33191324320024,1,9,14
49,2,0,1.33191324320024,1,9,14
50,2,0,1.33191324320024,1,9,14
51,2,0,1.33191324320024,1,9,14
43,2,0,1.33191324320024,1,9,14
43,2,0,1.2005092047704,1,9,15
45,2,0,1.2005092047704,1,9,15
47,2,0,1.2005092047704,1,9,15
50,2,0,1.2005092047704,1,9,15
48,2,0,1.2005092047704,1,9,15
55,2,0,1.206841929514,1,9,16
60,2,0,1.206841929514,1,9,16
57,2,0,1.206841929514,1,9,16
73,2,0,1.206841929514,1,9,16
81,2,0,1.206841929514,1,9,16
75,2,0,1.06118926041105,1,9,17
80,2,0,1.06118926041105,1,9,17
64,2,0,1.06118926041105,1,9,17
70,2,0,1.06118926041105,1,9,17
72,2,0,1.06118926041105,1,9,17
73,2,0,1.06118926041105,1,9,18
70,2,0,1.06118926041105,1,9,18
67,2,0,1.06118926041105,1,9,18
74,2,0,1.06118926041105,1,9,18
69,2,0,1.06118926041105,1,9,18
79,2,0,0.899704779449078,1,9,19
83,2,0,0.899704779449078,1,9,19
79,2,0,0.899704779449078,1,9,19
93,2,0,0.899704779449078,1,9,19
70,2,0,0.899704779449078,1,9,19
88,2,0,0.856958887429733,1,9,20
80,2,0,0.856958887429733,1,9,20
63,2,0,0.856958887429733,1,9,20
57,2,0,0.856958887429733,1,9,20
67,2,0,0.856958887429733,1,9,20
65,2,0,0.93928430909662,1,9,21
66,2,0,0.93928430909662,1,9,21
70,2,0,0.93928430909662,1,9,21
79,2,0,0.93928430909662,1,9,21
84,2,0,0.93928430909662,1,9,21
86,2,0,0.896538417077275,1,9,22
67,2,0,0.896538417077275,1,9,22
73,2,0,0.896538417077275,1,9,22
77,2,0,0.896538417077275,1,9,22
70,2,0,0.896538417077275,1,9,22
65,2,0,0.861708430987439,1,9,23
62,2,0,0.861708430987439,1,9,23
67,2,0,0.861708430987439,1,9,23
54,2,0,0.861708430987439,1,9,23
49,2,0,0.861708430987439,1,9,23
39,3,0,0.937701127910719,1,9,0
33,3,0,0.937701127910719,1,9,0
25,3,0,0.937701127910719,1,9,0
22,3,0,0.937701127910719,1,9,0
12,3,0,0.937701127910719,1,9,0
15,3,0,0.741386660858912,1,9,1
0,3,0,0.507075845345464,1,9,5
0,3,0,0.507075845345464,1,9,5
1,3,0,0.507075845345464,1,9,5
4,3,0,0.507075845345464,1,9,5
5,3,0,0.464329953326119,1,9,6
13,3,0,0.464329953326119,1,9,6
16,3,0,0.464329953326119,1,9,6
20,3,0,0.464329953326119,1,9,6
17,3,0,0.464329953326119,1,9,6
26,3,0,0.502326301787759,1,9,7
32,3,0,0.502326301787759,1,9,7
33,3,0,0.502326301787759,1,9,7
29,3,0,0.502326301787759,1,9,7
39,3,0,0.502326301787759,1,9,7
47,3,0,0.643229427333007,1,9,8
41,3,0,0.643229427333007,1,9,8
49,3,0,0.643229427333007,1,9,8
40,3,0,0.643229427333007,1,9,8
43,3,0,0.643229427333007,1,9,8
52,3,0,0.833211169641209,1,9,9
43,3,0,0.833211169641209,1,9,9
44,3,0,0.833211169641209,1,9,9
42,3,0,0.833211169641209,1,9,9
65,3,0,0.833211169641209,1,9,9
62,3,0,0.972531114000556,1,9,10
66,3,0,0.972531114000556,1,9,10
59,3,0,0.972531114000556,1,9,10
45,3,0,0.972531114000556,1,9,10
57,3,0,0.972531114000556,1,9,10
56,3,0,1.00261155653269,1,9,11
50,3,0,1.00261155653269,1,9,11
52,3,0,1.00261155653269,1,9,11
62,3,0,1.00261155653269,1,9,11
59,3,0,1.00261155653269,1,9,11
62,3,0,1.02160973076351,1,9,12
60,3,0,1.02160973076351,1,9,12
61,3,0,1.02160973076351,1,9,12
52,3,0,1.02160973076351,1,9,12
56,3,0,1.02160973076351,1,9,12
59,3,0,1.02635927432121,1,9,13
56,3,0,1.02635927432121,1,9,13
56,3,0,1.02635927432121,1,9,13
55,3,0,1.02635927432121,1,9,13
44,3,0,1.02635927432121,1,9,13
47,3,0,1.06118926041105,1,9,14
64,3,0,1.06118926041105,1,9,14
42,3,0,1.06118926041105,1,9,14
45,3,0,1.06118926041105,1,9,14
48,3,0,1.06118926041105,1,9,14
59,3,0,1.06118926041105,1,9,15
61,3,0,1.06118926041105,1,9,15
55,3,0,1.06118926041105,1,9,15
48,3,0,1.06118926041105,1,9,15
44,3,0,1.06118926041105,1,9,15
