sid,label,x1,x2,x3,x4,x5,x6,x7,x8,x9,x10,x11,x12,x13,x14,x15
0,1,1.0,,0.99539,-0.05889,0.85243,0.02306,0.83398,-0.37708,1.0,0.0376,0.85243,-0.17755,0.59755,-0.44945,0.60536
1,0,1.0,,1.0,-0.18829,0.93035,-0.36156,-0.10868,-0.93597,1.0,-0.04549,0.50874,-0.67743,0.34432,-0.69707,-0.51685
2,1,1.0,,1.0,-0.03365,1.0,0.00485,1.0,-0.12062,0.88965,0.01198,0.73082,0.05346,0.85443,0.00827,0.54591
3,0,1.0,,1.0,-0.45161,1.0,1.0,0.71216,-1.0,,,,,,,-1.0
4,1,1.0,,1.0,-0.02401,0.9414,0.06531,0.92106,-0.23255,0.77152,-0.16399,0.52798,-0.20275,0.56409,-0.00712,0.34395
5,0,1.0,,0.02337,-0.00592,-0.09924,-0.11949,-0.00763,-0.11824,0.14706,0.06637,0.03786,-0.06302,,,-0.04572
6,1,1.0,,0.97588,-0.10602,0.94601,-0.208,0.92806,-0.2835,0.85996,-0.27342,0.79766,-0.47929,0.78225,-0.50764,0.74628
7,0,-1.0,,,,,,1.0,-1.0,,,-1.0,-1.0,,,
8,1,1.0,,0.96355,-0.07198,1.0,-0.14333,1.0,-0.21313,1.0,-0.36174,0.9257,-0.43569,0.9451,-0.40668,0.90392
9,0,1.0,,-0.01864,-0.08459,,,,,0.1147,-0.2681,-0.45663,-0.38172,,,-0.33656
10,1,1.0,,1.0,0.06655,1.0,-0.18388,1.0,-0.2732,1.0,-0.43107,1.0,-0.41349,0.96232,-0.51874,0.90711
11,0,1.0,,1.0,-0.5421,1.0,-1.0,1.0,-1.0,1.0,0.36217,1.0,-0.41119,1.0,1.0,1.0
12,1,1.0,,1.0,-0.16316,1.0,-0.10169,0.99999,-0.15197,1.0,-0.19277,0.94055,-0.35151,0.95735,-0.29785,0.93719
13,0,1.0,,1.0,-0.86701,1.0,0.2228,0.85492,-0.39896,1.0,-0.1209,1.0,0.35147,1.0,0.07772,1.0
14,1,1.0,,1.0,0.0738,1.0,0.0342,1.0,-0.05563,1.0,0.08764,1.0,0.19651,1.0,0.20328,1.0
15,0,1.0,,0.50932,-0.93996,1.0,0.26708,-0.0352,-1.0,1.0,-1.0,0.43685,-1.0,,,-1.0
16,1,1.0,,0.99645,0.06468,1.0,-0.01236,0.97811,0.02498,0.96112,0.02312,0.99274,0.07808,0.89323,0.10346,0.94212
17,0,-1.0,,,,-1.0,-1.0,1.0,1.0,-1.0,1.0,-1.0,1.0,1.0,-1.0,1.0
18,1,1.0,,0.67065,0.02528,0.66626,0.05031,0.57197,0.18761,0.08776,0.34081,0.63621,0.12131,0.62099,0.14285,0.78637
19,0,-1.0,,1.0,-1.0,,,,,1.0,1.0,1.0,-1.0,-0.71875,1.0,
20,1,1.0,,1.0,-0.00612,1.0,-0.09834,1.0,-0.07649,1.0,-0.10605,1.0,-0.11073,1.0,-0.39489,1.0
21,0,-1.0,,1.0,1.0,,,,,-1.0,-1.0,,,,,-1.0
22,1,1.0,,0.96071,0.07088,1.0,0.04296,1.0,0.09313,0.90169,-0.05144,0.89263,0.0258,0.8325,-0.06142,0.87534
23,0,-1.0,,-1.0,1.0,,,,,-1.0,1.0,1.0,1.0,,,
24,1,1.0,,1.0,-0.06182,1.0,0.02942,1.0,-0.05131,1.0,-0.01707,1.0,-0.11726,0.84493,-0.05202,0.93392
25,0,1.0,,1.0,0.5782,1.0,-1.0,1.0,-1.0,1.0,-1.0,1.0,-1.0,1.0,-1.0,1.0
26,1,1.0,,1.0,-0.08714,1.0,-0.17263,0.86635,-0.81779,0.94817,0.61053,0.95473,-0.41382,0.88486,-0.31736,0.87937
27,0,-1.0,,-1.0,-1.0,,,-1.0,1.0,1.0,-0.375,,,,,
28,1,1.0,,1.0,0.0838,1.0,0.17387,1.0,-0.13308,0.98172,0.6452,1.0,0.47904,1.0,0.59113,1.0
29,0,-1.0,,-1.0,-1.0,1.0,1.0,1.0,-1.0,-1.0,1.0,1.0,-1.0,-1.0,-1.0,
30,1,1.0,,1.0,-0.14236,1.0,-0.16256,1.0,-0.23656,1.0,-0.07514,1.0,-0.2501,1.0,-0.26161,1.0
31,0,1.0,,1.0,-1.0,1.0,1.0,1.0,-1.0,1.0,-1.0,1.0,-1.0,1.0,-0.0184,1.0
32,1,1.0,,0.88208,-0.14639,0.93408,-0.11057,0.921,-0.1645,0.88307,-0.17036,0.88462,-0.31809,0.85269,-0.31463,0.82116
33,0,1.0,,0.71253,-0.02595,0.41287,-0.23067,0.98019,-0.09473,0.99709,-0.10236,1.0,-0.10951,0.58965,1.0,0.83726
34,1,1.0,,1.0,-0.15899,0.72314,0.27686,0.83443,-0.58388,1.0,-0.28207,1.0,-0.49863,0.79962,-0.12527,0.76837
35,0,1.0,,0.66161,-1.0,1.0,1.0,1.0,-0.67321,0.80893,-0.40446,1.0,-1.0,1.0,-0.89375,1.0
36,1,1.0,,1.0,0.00433,1.0,-0.01209,1.0,-0.0296,1.0,-0.07014,0.97839,-0.06256,1.0,-0.06544,0.97261
37,0,-1.0,,1.0,1.0,1.0,-1.0,,,,,-1.0,-1.0,,,
38,1,1.0,,0.91241,0.04347,0.94191,0.0228,0.94705,0.05345,0.93582,0.01321,0.91911,0.06348,0.92766,0.12067,0.92048
39,0,1.0,,1.0,0.02461,0.99672,0.04861,0.97545,0.07143,0.61745,-1.0,0.91036,0.11147,0.88462,0.5364,0.82077
40,1,1.0,,1.0,0.06538,1.0,0.20746,1.0,0.26281,0.93051,0.32213,0.86773,0.39039,0.75474,0.50082,0.79555
41,0,1.0,,-1.0,-1.0,1.0,1.0,1.0,-0.14375,,,-1.0,1.0,1.0,1.0,0.17917
42,1,1.0,,0.90932,0.08791,0.86528,0.16888,1.0,0.16598,0.55187,0.68154,0.70207,0.36719,0.16286,0.42739,0.5762
43,0,1.0,,-0.64286,-1.0,1.0,0.82857,1.0,-1.0,1.0,-0.23393,1.0,0.96161,1.0,-0.37679,1.0
44,1,1.0,,0.99025,-0.05785,0.99793,-0.13009,0.98663,-0.1943,0.99374,-0.25843,0.92738,-0.3013,0.92651,-0.37965,0.89812
45,0,-1.0,,,,,,,,1.0,1.0,1.0,1.0,,,
46,1,1.0,,1.0,-0.0373,1.0,-0.07383,0.99601,-0.11039,0.99838,-0.09931,0.98941,-0.13814,0.96674,-0.21695,0.95288
47,0,1.0,,0.94598,-0.02685,-1.0,0.26131,-0.36393,0.35639,0.69258,-0.63427,1.0,-0.03353,-0.2902,-0.0055,-0.54852
48,1,1.0,,0.98166,0.00874,0.98103,-0.03818,0.97565,-0.05699,0.95947,-0.06971,0.99004,-0.04507,0.94713,-0.11102,0.93369
49,0,1.0,,,,1.0,0.51724,,,0.10991,-1.0,,,,,-1.0
50,1,1.0,,0.84134,-0.18362,0.43644,0.02919,0.93421,-0.00267,0.87947,0.13795,0.81121,-0.01789,0.88559,0.54991,0.91714
51,0,-1.0,,1.0,1.0,1.0,-1.0,,,,,1.0,1.0,1.0,1.0,-1.0
52,1,1.0,,1.0,1.0,1.0,1.0,0.9101,1.0,-0.2697,1.0,-0.83152,1.0,-1.0,1.0,-1.0
53,0,1.0,,-0.67935,-1.0,-1.0,1.0,1.0,0.63317,0.03515,-1.0,-1.0,-1.0,1.0,1.0,0.88683
54,1,1.0,,0.95659,0.08143,0.97487,-0.05667,0.97165,-0.08484,0.96097,-0.06561,0.94717,0.01279,0.95436,-0.16795,0.94612
55,0,1.0,,0.08333,-0.20685,-1.0,1.0,-1.0,1.0,0.71875,0.47173,-0.82143,-0.62723,-1.0,-1.0,-1.0
56,1,1.0,,1.0,-0.02259,1.0,-0.04494,1.0,-0.06682,1.0,-0.08799,1.0,0.56173,1.0,-0.12738,1.0
57,0,-1.0,,-1.0,1.0,1.0,-1.0,-1.0,1.0,,,1.0,1.0,-1.0,-0.1875,1.0
58,1,1.0,,1.0,0.05812,0.94525,0.07418,0.99952,0.13231,1.0,-0.01911,0.94846,0.07033,0.95713,0.14644,0.94862
59,0,1.0,,0.17188,-1.0,-1.0,1.0,,,,,-1.0,1.0,,,-0.61354
60,1,1.0,,1.0,0.09771,1.0,0.12197,1.0,0.22574,0.98602,0.09237,0.9493,0.19211,0.92992,0.24288,0.89241
61,0,1.0,,0.01667,-0.35625,,,,,,,,,,,0.12292
62,1,1.0,,1.0,0.16801,0.99352,0.16334,0.94616,0.33347,0.91759,0.2261,0.91408,0.37107,0.8425,0.46899,0.81011
63,0,1.0,,0.63816,1.0,0.20833,-1.0,1.0,1.0,0.87719,0.30921,-0.66886,1.0,-0.05921,0.58772,0.01754
64,1,1.0,,1.0,-0.41457,1.0,0.76131,0.8706,0.18593,1.0,-0.09925,0.93844,0.4799,0.65452,-0.1608,1.0
65,0,1.0,,0.84783,0.10598,1.0,0.3913,1.0,-1.0,0.66938,0.08424,1.0,0.27038,1.0,0.60598,1.0
66,1,1.0,,1.0,0.28046,1.0,0.02477,1.0,0.07764,1.0,0.04317,0.98762,0.33266,1.0,0.05489,1.0
67,0,-1.0,,1.0,-1.0,1.0,-1.0,1.0,-1.0,1.0,-1.0,1.0,1.0,1.0,1.0,1.0
68,1,1.0,,1.0,0.67784,0.81309,0.82021,0.43019,1.0,0.20619,0.80541,-0.43872,1.0,-0.79135,0.77092,-1.0
69,0,1.0,,1.0,1.0,1.0,-1.0,1.0,-1.0,1.0,1.0,1.0,1.0,1.0,1.0,1.0
70,1,1.0,,1.0,0.03529,1.0,0.18281,1.0,0.26968,1.0,0.25068,1.0,0.28778,1.0,0.38643,1.0
71,0,-1.0,,1.0,-1.0,1.0,1.0,-1.0,-1.0,1.0,-1.0,,,,,-1.0
72,1,1.0,,0.96087,0.0862,0.9676,0.19279,0.96026,0.27451,0.98044,0.35052,0.92867,0.46281,0.86265,0.52517,0.8282
73,0,1.0,,0.69444,0.38889,,,-0.32937,0.69841,,,,,,,0.20635
74,1,1.0,,1.0,0.0507,1.0,0.10827,1.0,0.19498,1.0,0.28453,1.0,0.34826,1.0,0.38261,0.94575
75,0,-1.0,,1.0,1.0,,,1.0,-1.0,1.0,-1.0,1.0,1.0,1.0,1.0,1.0
76,1,1.0,,1.0,0.04078,1.0,0.11982,1.0,0.16159,1.0,0.27921,0.98703,0.30889,0.92745,0.37639,0.91118
77,0,-1.0,,1.0,1.0,1.0,-1.0,1.0,1.0,1.0,1.0,1.0,1.0,1.0,1.0,1.0
78,1,1.0,,1.0,0.24168,1.0,0.4859,1.0,0.72973,1.0,1.0,1.0,1.0,1.0,1.0,1.0
79,0,-1.0,,1.0,1.0,1.0,-1.0,1.0,1.0,-1.0,1.0,,,1.0,1.0,
80,1,1.0,,1.0,-0.06604,1.0,0.62937,1.0,0.09557,1.0,0.2028,1.0,-1.0,1.0,-0.40559,1.0
81,0,-1.0,,1.0,-1.0,1.0,1.0,1.0,1.0,1.0,1.0,1.0,1.0,1.0,-1.0,1.0
82,1,1.0,,0.92277,0.07804,0.92679,0.16251,0.89702,0.24618,0.84111,0.35197,0.78801,0.42196,0.70716,0.46983,0.70796
83,0,1.0,,0.68198,-0.17314,0.82332,0.21908,0.46643,0.32862,0.25795,0.58304,1.0,-0.15194,0.0106,0.44523,0.0106
84,1,1.0,,0.74852,-0.02811,0.6568,-0.05178,0.80621,0.02811,0.85947,0.02515,0.63462,0.08728,0.71598,0.0784,0.73077
85,0,1.0,,0.39179,-0.06343,0.97464,0.04328,1.0,1.0,0.35821,0.15299,0.54478,0.1306,0.61567,-0.8209,0.57836
86,1,1.0,,0.67547,0.04528,0.76981,-0.10566,0.77358,0.03774,0.66038,-0.04528,0.64528,0.01132,0.66792,-0.13962,0.72075
87,0,1.0,,0.72727,-0.05,0.89241,0.03462,1.0,0.72727,0.66364,-0.05909,0.48182,-0.16818,0.81809,0.09559,0.56818
88,1,1.0,,0.57647,-0.01569,0.40392,,0.38431,0.12941,0.4,-0.05882,0.56471,0.14118,0.46667,0.08235,0.52549
89,0,1.0,,0.41932,0.12482,0.35,0.125,0.23182,0.27955,-0.03636,0.44318,0.04517,0.36194,-0.19091,0.33636,-0.1335
90,1,1.0,,0.88305,-0.21996,1.0,0.36373,0.82403,0.19206,0.85086,0.05901,0.90558,-0.04292,0.85193,0.25,0.77897
91,0,1.0,,0.84557,-0.0858,-0.31745,-0.80553,-0.08961,-0.56435,0.80648,0.04576,0.89514,-0.00763,-0.18494,0.63966,-0.20019
92,1,1.0,,0.7087,-0.24783,0.64348,0.04348,0.45217,0.38261,0.65217,0.18261,0.5,0.26957,0.57826,-0.23043,0.50435
93,0,1.0,,-0.5418,0.14861,-0.33746,0.73375,0.52012,-0.13932,0.31889,-0.06811,0.20743,-0.1517,0.47368,0.08978,0.56347
94,1,1.0,,0.29202,0.13582,0.45331,0.16808,0.51783,-0.00509,0.52632,0.20883,0.52462,-0.16638,0.47368,-0.04754,0.55518
95,0,1.0,,0.79157,0.16851,,,0.56541,0.06874,0.39468,1.0,0.38359,0.99557,-0.02439,0.53215,0.23725
96,1,1.0,,0.90116,0.16607,0.79299,0.37379,0.7299,0.50515,0.59784,0.72997,0.44303,0.81152,0.24412,0.87493,0.06438
97,1,1.0,,0.97714,0.19049,0.82683,0.46259,0.71771,0.58732,0.47968,0.84278,0.31409,0.92643,0.10289,0.93945,-0.13254
98,0,1.0,,-1.0,-1.0,,,0.50814,-0.78502,0.60586,0.32899,-1.0,-0.41368,,,
99,1,1.0,,0.74084,0.04974,0.79074,0.02543,0.78575,0.03793,0.6623,0.09948,0.67801,0.31152,0.75934,0.07348,0.74695
100,0,1.0,,1.0,-1.0,,,0.77941,-0.99265,0.80882,0.55147,-0.41912,-0.94853,,,
101,1,1.0,,1.0,0.01709,0.96215,-0.03142,1.0,-0.03436,1.0,-0.05071,0.99026,-0.07092,0.99173,-0.09002,1.0
102,0,-1.0,,,,,,,,,,,,,,
103,1,1.0,,0.95704,-0.12095,0.63318,-0.1269,0.96365,-0.18242,0.97026,0.0846,0.92003,-0.01124,0.83543,-0.24719,1.0
104,0,1.0,,0.28409,-0.31818,,,0.68182,-1.0,0.30682,0.95833,0.64394,0.06439,0.34848,-0.84848,
105,1,1.0,,0.9449,-0.49311,1.0,-0.03692,0.98898,-0.87052,0.90083,0.66942,1.0,-0.10104,1.0,-0.12493,1.0
106,0,1.0,,,,,,,,,,0.62195,1.0,,,
107,1,1.0,,0.99449,0.00526,0.84082,-0.11313,0.88237,-0.16431,0.99061,-0.06257,0.96484,-0.07496,0.85221,0.02966,0.87161
108,0,1.0,,0.10135,0.10811,,,,,0.5473,0.82432,0.31081,1.0,,,
109,1,1.0,,1.0,-0.57224,0.9915,-0.73371,0.89518,-0.9745,1.0,-0.35818,1.0,-0.23229,0.6289,-0.86402,1.0
110,0,1.0,,0.65909,-0.62879,,,,,0.77273,1.0,1.0,-0.2803,,,
111,1,1.0,,0.86284,0.1931,0.8092,0.41149,0.67203,0.55785,0.54559,0.69962,0.36705,0.81533,0.19617,0.85671,-0.04061
112,0,1.0,,0.42,-0.61,,,1.0,-1.0,0.9,1.0,0.43,0.64,,,
113,1,1.0,,1.0,0.23395,0.91404,0.52013,0.7802,0.72144,0.4766,0.84222,0.27639,0.9173,0.09467,0.88248,-0.2198
114,0,1.0,,0.91353,0.81586,-0.72973,1.0,-0.39466,0.55735,0.05405,0.2973,-0.18599,-0.10241,-0.03158,-0.0897,0.01401
115,1,1.0,,0.21429,-0.09524,0.33333,0.07143,0.19048,0.19048,0.2381,0.09524,0.40476,0.02381,0.30952,-0.04762,0.30952
116,0,1.0,,1.0,-0.14754,1.0,0.04918,0.57377,-0.01639,0.65574,0.01639,0.85246,-0.03279,0.72131,,0.68852
117,1,1.0,,0.98182,,0.88627,0.03131,0.86249,0.04572,0.8,,0.69091,0.04545,0.79343,0.08436,0.77118
118,0,1.0,,0.39286,0.52381,-0.78824,0.11342,-0.16628,-0.76378,0.66667,0.0119,0.82143,0.40476,-0.6723,0.30729,-0.34797
119,1,1.0,,0.86889,-0.07111,1.0,-0.02494,1.0,-0.06889,0.87778,0.00222,0.83556,-0.06444,1.0,-0.07287,1.0
120,0,1.0,,0.43636,-0.12727,0.58182,-0.14545,0.18182,-0.67273,0.34545,-0.03636,0.29091,-0.05455,0.29091,0.29091,0.36364
121,1,1.0,,1.0,-0.92453,1.0,0.75472,0.49057,-0.0566,0.62264,,1.0,-0.00054,0.45283,0.07547,0.62264
122,0,1.0,,0.7381,0.83333,-0.7619,-0.2381,0.33333,-0.14286,0.45238,-0.14286,-0.67285,0.12808,0.33333,,0.28571
123,1,1.0,,0.4375,0.04167,0.58333,-0.10417,0.39583,,0.33333,-0.0625,0.47917,,0.29167,0.10417,0.54167
124,0,1.0,,1.0,1.0,,,,,,,0.47744,-0.89098,-0.51504,0.45489,-0.95489
125,1,1.0,,0.95217,0.06595,0.93614,0.1303,0.90996,0.19152,0.84881,-0.49962,0.90023,0.6132,0.77937,0.34328,0.72254
126,0,1.0,,0.5984,0.40332,0.82809,0.80521,0.76001,0.70709,0.8401,-0.10984,0.97311,0.07981,0.95824,-0.85727,0.91962
127,1,1.0,,0.95882,0.10129,1.0,-0.01918,0.98313,0.02555,0.96974,-0.09316,0.98955,-0.02716,0.9798,-0.03096,1.0
128,0,1.0,,,,-0.33672,0.85388,,,0.68869,-1.0,0.97078,0.31385,-0.26048,-0.59212,-0.30241
129,1,1.0,,0.96933,0.00876,1.0,0.00843,0.98658,-0.00763,0.97868,-0.02844,0.9982,-0.0351,1.0,-0.01271,1.0
130,0,1.0,,,,0.98919,-0.22703,0.18919,-0.05405,,,0.93243,0.07297,1.0,-0.2,1.0
131,1,1.0,,0.64122,0.01403,0.34146,-0.02439,0.52751,0.03466,0.19512,0.12195,0.43313,0.04755,0.21951,0.04878,0.29268
132,0,1.0,,1.0,1.0,1.0,-1.0,,,,,1.0,1.0,1.0,-1.0,1.0
133,1,1.0,,0.34694,0.20408,0.46939,0.2449,0.40816,0.20408,0.46939,0.44898,0.30612,0.59184,0.12245,0.55102,
134,0,1.0,,,,1.0,-1.0,,,,,1.0,1.0,1.0,-0.25342,1.0
135,1,1.0,,0.89706,0.38235,0.91176,0.375,0.74265,0.67647,0.45588,0.77941,0.19118,0.88971,-0.02206,0.86029,-0.20588
136,0,1.0,,-1.0,0.28105,0.22222,0.15033,-0.75693,-0.70984,-0.30719,0.71242,-1.0,1.0,-0.81699,0.33987,-0.79085
137,1,1.0,,0.26667,-0.1,0.53333,,0.33333,-0.13333,0.36667,0.11667,0.56667,0.01667,0.71667,0.08333,0.7
138,0,1.0,,-0.26667,0.4,-0.27303,0.12159,-0.17778,-0.04444,0.06192,-0.06879,0.04461,0.02575,-0.00885,0.02726,-0.01586
139,1,1.0,,1.0,-0.37838,0.64865,0.2973,0.64865,-0.24324,0.86486,0.18919,1.0,-0.27027,0.51351,,0.62162
140,0,1.0,,0.94531,-0.03516,-1.0,-0.33203,-1.0,-0.01563,0.97266,0.01172,0.93359,-0.01953,-1.0,0.16406,-1.0
141,1,1.0,,0.95202,0.02254,0.93757,-0.01272,0.93526,0.01214,0.96705,-0.01734,0.96936,0.0052,0.95665,-0.03064,0.9526
142,0,1.0,,1.0,-0.05529,1.0,-1.0,0.5,-0.11111,0.36111,-0.22222,1.0,-0.25712,0.16667,-0.11111,1.0
143,1,1.0,,0.31034,-0.10345,0.24138,-0.10345,0.2069,-0.06897,0.07405,-0.05431,0.03649,-0.03689,0.01707,-0.02383,0.00741
144,0,1.0,,0.62745,-0.07843,0.72549,,0.60784,-0.07843,0.62745,-0.11765,0.68627,-0.11765,0.66667,-0.13725,0.64706
145,1,1.0,,0.25,0.16667,0.46667,0.26667,0.19036,0.23966,0.07766,0.19939,0.0107,0.14922,-0.02367,0.10188,-0.03685
146,0,1.0,,-0.65625,0.15625,0.0625,,,0.0625,0.625,0.0625,0.1875,,-0.03125,0.09375,0.0625
147,1,1.0,,1.0,-0.01081,1.0,-0.02703,1.0,-0.06486,0.95135,-0.01622,0.98919,-0.03243,0.98919,0.08649,1.0
148,0,1.0,,0.85271,0.05426,1.0,0.08069,1.0,1.0,0.91473,-0.00775,0.83721,0.03876,1.0,0.27153,1.0
149,1,1.0,,0.90374,-0.01604,1.0,0.08021,1.0,0.01604,0.93048,0.00535,0.93583,-0.01604,1.0,,1.0
150,0,1.0,,-0.205,0.2875,0.23,0.1,0.2825,0.3175,0.3225,0.35,0.36285,-0.34617,0.0925,0.275,-0.095
151,1,1.0,,0.6,0.03333,0.63333,0.06667,0.7,0.06667,0.7,,0.63333,,0.8,,0.73333
152,0,1.0,,0.05866,-0.00838,0.06704,0.00838,,-0.01117,0.00559,-0.03911,0.01676,-0.07542,-0.00559,0.05307,0.06425
153,1,1.0,,0.94653,0.28713,0.72554,0.67248,0.47564,0.82455,0.01267,0.89109,-0.24871,0.84475,-0.47644,0.56079,-0.75881
154,0,1.0,,0.0546,0.01437,-0.02586,0.04598,0.01437,0.04598,-0.07759,0.00862,0.01724,-0.06609,-0.03736,0.0431,-0.08333
155,1,1.0,,0.72414,-0.01084,0.79704,0.01084,0.8,0.00197,0.79015,0.01084,0.78424,-0.00985,0.8335,0.03251,0.85123
156,0,1.0,,0.03852,0.02568,0.00428,,0.01997,-0.01997,0.0214,-0.04993,-0.0485,-0.01284,0.01427,-0.02282,
157,1,1.0,,0.4709,0.22751,0.42328,0.33598,0.25661,0.47619,0.01852,0.49471,-0.02116,0.53968,-0.34127,0.31217,-0.4127
158,0,1.0,,0.08696,0.00686,0.13959,-0.04119,0.10526,-0.08238,0.12586,-0.06178,0.23341,-0.01144,0.12357,0.0778,0.14645
159,1,1.0,,0.94333,0.38574,0.48263,0.64534,0.21572,0.77514,-0.55941,0.64899,-0.73675,0.42048,-0.76051,,-0.62706
160,0,1.0,,0.01975,0.00705,0.0409,-0.00846,0.02116,0.01128,0.01128,0.04372,0.00282,0.00141,0.01975,-0.03103,-0.01975
161,1,1.0,,0.85736,0.00075,0.81927,-0.05676,0.77521,-0.04182,0.84317,0.09037,0.86258,0.11949,0.88051,-0.06124,0.78342
162,0,1.0,,1.0,-1.0,1.0,1.0,-1.0,1.0,1.0,-1.0,1.0,-1.0,-1.0,-1.0,-1.0
163,1,1.0,,0.85209,0.39252,0.38887,0.76432,0.08858,0.98903,-0.42625,0.88744,-0.76229,0.4998,-0.93092,0.10768,-0.859
164,0,1.0,,1.0,1.0,1.0,0.5125,0.625,-1.0,1.0,1.0,0.025,0.03125,1.0,1.0,
165,1,1.0,,1.0,0.54902,0.62745,1.0,0.01961,1.0,-0.4902,0.92157,-0.82353,0.58824,-1.0,0.11765,-0.96078
166,0,1.0,,,,-1.0,-1.0,-1.0,1.0,,,-1.0,1.0,1.0,1.0,1.0
167,1,1.0,,0.44444,0.44444,0.53695,0.90763,-0.22222,1.0,-0.33333,0.88889,-1.0,0.33333,-1.0,-0.11111,-1.0
168,0,-1.0,,,,,,,,,,,,,,
169,1,1.0,,1.0,,1.0,,0.5,0.5,0.75,,0.91201,0.12094,0.89067,0.1421,0.86922
170,0,-1.0,,-1.0,1.0,1.0,1.0,,,1.0,-1.0,1.0,-1.0,1.0,-1.0,-1.0
171,1,1.0,,1.0,,1.0,,0.66667,0.11111,1.0,-0.11111,0.88889,-0.11111,1.0,-0.22222,0.77778
172,0,-1.0,,,,,,,,,,,,-1.0,-1.0,
173,1,1.0,,1.0,0.45455,1.0,-0.45455,1.0,0.09091,1.0,-0.09091,1.0,,1.0,-0.27273,1.0
174,0,1.0,,0.62121,-0.63636,,,,,0.3447,0.28788,0.42803,0.39394,-0.07576,0.51894,0.36364
175,1,1.0,,1.0,0.11765,1.0,0.23529,1.0,0.41176,1.0,0.05882,1.0,0.23529,1.0,0.11765,1.0
176,0,1.0,,,,-1.0,-0.62766,1.0,0.51064,0.07979,-0.23404,-1.0,-0.3617,0.12766,-0.59043,1.0
177,1,1.0,,0.91667,0.29167,0.83333,-0.16667,0.70833,0.25,0.875,-0.08333,0.91667,0.04167,0.83333,0.125,0.70833
178,0,1.0,,0.1859,-0.16667,,,,,,,,,0.11538,-0.19071,
179,1,1.0,,1.0,-0.08183,1.0,-0.11326,0.99246,-0.29802,1.0,-0.33075,0.96662,-0.34281,0.85788,-0.47265,0.91904
180,0,1.0,,1.0,1.0,-1.0,1.0,-1.0,-0.82456,0.34649,0.21053,0.46053,0.07018,0.22807,0.05702,0.35088
181,1,1.0,,1.0,0.24077,0.99815,0.00369,0.80244,-0.30133,0.89919,-0.23486,0.70643,-0.24077,0.73855,-0.30539,0.71492
182,0,-1.0,,-1.0,1.0,1.0,-1.0,,,,,1.0,-1.0,1.0,1.0,
183,1,1.0,,0.92247,-0.19448,0.96419,-0.17674,0.87024,-0.22602,0.81702,-0.2707,0.79271,-0.28909,0.70302,-0.49639,0.63338
184,0,1.0,,-1.0,-1.0,-0.50694,1.0,1.0,-1.0,1.0,0.53819,,,0.23958,-1.0,1.0
185,1,1.0,,0.84177,0.4346,0.5,0.7616,0.09916,0.9346,-0.37764,0.88186,-0.72363,0.61181,-0.93882,0.19409,-0.86709
186,0,1.0,,1.0,1.0,,,1.0,-1.0,-1.0,-1.0,1.0,1.0,1.0,-1.0,
187,1,1.0,,1.0,0.63548,1.0,1.0,0.77123,1.0,-0.33333,1.0,-1.0,1.0,,1.0,-1.0
188,0,-1.0,,-1.0,1.0,-1.0,-1.0,,,-1.0,1.0,1.0,-1.0,-1.0,-1.0,-1.0
189,1,1.0,,1.0,0.06843,1.0,0.14211,1.0,0.22108,1.0,-0.125,1.0,0.39495,1.0,0.48981,1.0
190,0,-1.0,,-1.0,-1.0,,,,,,,,,,,1.0
191,1,1.0,,0.64947,-0.07896,0.58264,-0.1438,-0.13129,-0.21384,0.29796,0.04403,0.38096,-0.26339,0.28931,-0.31997,0.03459
192,0,1.0,,,,,,,,,,1.0,-0.33333,0.16667,0.26042,
193,1,1.0,,1.0,0.05149,0.99363,0.10123,0.96142,0.14756,0.95513,-0.26496,0.66026,0.54701,0.80426,0.25283,0.73781
194,0,1.0,,1.0,-0.09524,-1.0,-1.0,-1.0,-1.0,1.0,0.31746,0.81349,0.7619,-1.0,-1.0,-1.0
195,1,1.0,,0.93669,-0.0019,0.60761,0.43204,0.92314,-0.40129,0.93123,0.16828,0.96197,0.09061,0.99676,0.08172,0.91586
196,0,1.0,,1.0,-1.0,1.0,1.0,1.0,1.0,1.0,-0.5,1.0,1.0,1.0,1.0,1.0
197,1,1.0,,1.0,0.23058,1.0,-0.78509,1.0,-0.10401,1.0,0.15414,1.0,0.2782,0.9812,-0.06861,1.0
198,0,1.0,,0.36876,-1.0,-1.0,-1.0,-0.07661,1.0,1.0,0.95041,0.74597,-0.3871,-1.0,-0.79313,-0.09677
199,1,1.0,,0.79847,0.38265,0.80804,-0.16964,1.0,-0.07653,0.98151,-0.07398,0.70217,0.20663,0.99745,0.02105,0.98214
200,0,-1.0,,,,,,,,,,,,1.0,1.0,1.0
201,1,1.0,,1.0,-0.28428,1.0,-0.25346,0.94623,-0.35094,1.0,-0.30566,0.92736,-0.49057,0.90818,-0.44119,0.75723
202,0,1.0,,,,,,,,-0.85,-1.0,,,1.0,-1.0,
203,1,1.0,,1.0,0.09091,0.95455,-0.09091,0.77273,,1.0,,0.95455,,1.0,0.04545,0.90909
204,0,-1.0,,,,-1.0,1.0,1.0,1.0,-1.0,-1.0,,,-1.0,-1.0,-1.0
205,1,1.0,,0.91176,-0.08824,0.97059,0.17647,0.82353,0.08824,0.91176,-0.02941,0.97059,-0.17647,0.97059,0.14706,0.94118
206,0,1.0,,-1.0,1.0,-1.0,0.15244,0.28354,1.0,-1.0,1.0,-1.0,-1.0,1.0,1.0,-1.0
207,1,1.0,,0.47368,-0.10526,0.83781,0.01756,0.83155,0.02615,0.68421,-0.05263,0.68421,,0.79856,0.05028,0.78315
208,0,1.0,,-0.00641,-0.5,,,-0.01923,1.0,,,,,,,
209,1,1.0,,1.0,0.45455,1.0,0.54545,0.81818,0.63636,1.0,-0.09091,1.0,,0.81818,-0.45455,0.63636
210,0,-1.0,,-1.0,-1.0,1.0,-1.0,-1.0,1.0,,,1.0,-1.0,1.0,-1.0,
211,1,1.0,,0.45455,0.09091,0.63636,0.09091,0.27273,0.18182,0.63636,,0.36364,-0.09091,0.45455,-0.09091,0.48612
212,0,1.0,,-1.0,-0.59677,,,-1.0,0.64516,-0.87097,1.0,,,,,
213,1,1.0,,1.0,0.14286,1.0,0.71429,1.0,0.71429,1.0,-0.14286,0.85714,-0.14286,1.0,0.02534,1.0
214,0,-1.0,,1.0,1.0,1.0,-1.0,1.0,1.0,1.0,1.0,1.0,1.0,1.0,-1.0,1.0
215,1,1.0,,0.87032,0.46972,0.53945,0.82161,0.1038,0.95275,-0.38033,0.87916,-0.73939,0.58226,-0.92099,0.16731,-0.82417
216,0,-1.0,,1.0,-1.0,1.0,1.0,1.0,-1.0,1.0,1.0,1.0,-1.0,1.0,-1.0,1.0
217,1,1.0,,0.92657,0.04174,0.89266,0.15766,0.86098,0.19791,0.83675,0.36526,0.80619,0.40198,0.76221,0.40552,0.66586
218,0,-1.0,,1.0,1.0,1.0,-1.0,1.0,-1.0,1.0,1.0,,,1.0,-1.0,
219,1,1.0,,0.93537,0.13645,0.93716,0.25359,0.85705,0.38779,0.79039,0.47127,0.72352,0.59942,0.6526,0.75,0.5083
220,0,-1.0,,1.0,-1.0,-1.0,1.0,-1.0,1.0,1.0,1.0,1.0,1.0,-1.0,-1.0,-1.0
221,1,1.0,,0.80627,0.13069,0.73061,0.24323,0.64615,0.19038,0.36923,0.45577,0.44793,0.46439,0.25,0.57308,0.25192
222,0,-1.0,,1.0,-1.0,1.0,1.0,1.0,-1.0,1.0,1.0,1.0,-1.0,1.0,1.0,1.0
223,1,1.0,,0.97467,0.13082,0.9412,0.20036,0.88783,0.32248,0.89009,0.32711,0.8555,0.45217,0.72298,0.52284,0.69946
224,0,-1.0,,,,1.0,1.0,,,1.0,1.0,,,1.0,-1.0,
225,1,1.0,,0.92308,0.15451,0.86399,0.29757,0.72582,0.3679,0.70588,0.5683,0.57449,0.62719,0.4327,0.74676,0.31705
226,0,-1.0,,,,1.0,1.0,1.0,1.0,,,,,-1.0,-1.0,
227,1,1.0,,0.88804,0.38138,0.65926,0.69431,0.29148,0.87892,-0.06726,0.90135,-0.39597,0.80441,-0.64574,0.56502,-0.8296
228,0,-1.0,,1.0,-1.0,1.0,1.0,1.0,1.0,1.0,1.0,1.0,1.0,1.0,-1.0,1.0
229,1,1.0,,0.73523,-0.38293,0.80151,0.10278,0.78826,0.15266,0.5558,0.05252,1.0,0.21225,0.71947,0.28954,0.68798
230,0,-1.0,,,,,,,,,,,,,,
231,1,1.0,,0.94649,0.00892,0.97287,-0.0026,0.98922,0.00372,0.95801,0.01598,0.94054,0.0353,0.97213,0.04719,0.98625
232,0,-1.0,,1.0,1.0,-1.0,-1.0,-1.0,-1.0,,,,,-1.0,-1.0,
233,1,1.0,,0.50466,-0.169,0.71442,0.01513,0.71063,0.02258,0.68065,0.01282,0.34615,0.05594,0.6905,0.04393,0.68101
234,0,1.0,,0.68729,1.0,0.91973,-0.76087,0.81773,0.04348,0.76087,0.10702,0.86789,0.73746,0.70067,0.18227,0.7592
235,1,1.0,,0.76296,-0.07778,1.0,-0.2963,1.0,-0.85741,0.8,0.06111,0.45556,-0.42778,1.0,-0.12581,1.0
236,0,1.0,,0.38521,0.15564,0.41245,0.07393,0.26459,0.24125,0.23346,0.1323,0.19455,0.25292,0.24514,0.36965,0.08949
237,1,1.0,,0.5754,-0.03175,0.75198,-0.05357,0.61508,-0.0119,0.53968,0.03373,0.61706,0.09921,0.59127,-0.02381,0.62698
238,0,1.0,,0.06404,-0.15271,-0.04433,0.05911,0.08374,-0.02463,-0.01478,0.18719,0.06404,,0.12315,-0.09852,0.05911
239,1,1.0,,0.61857,0.1085,0.70694,-0.06935,0.70358,0.01678,0.74273,0.00224,0.71029,0.15772,0.71588,-0.00224,0.79754
240,0,1.0,,0.25316,0.35949,,,-0.2962,-1.0,,,0.07595,-0.07342,,,
241,1,1.0,,0.88103,-0.00857,0.89818,-0.02465,0.94105,-0.01822,0.89175,-0.12755,0.82208,-0.10932,0.88853,0.01179,0.90782
242,0,1.0,,0.42708,-0.5,,,,,0.46458,0.51042,0.58958,0.02083,,,
243,1,1.0,,0.88853,0.01631,0.92007,0.01305,0.92442,0.01359,0.89179,-0.10223,0.90103,-0.08428,0.9304,-0.01033,0.93094
244,0,1.0,,,,1.0,0.12889,0.88444,-0.02,,,1.0,-0.42444,1.0,0.19556,1.0
245,1,1.0,,0.81143,0.03714,0.85143,-0.00143,0.79,0.00714,0.79571,-0.04286,0.87571,,0.85571,-0.06714,0.86429
246,0,1.0,,,,,,,,,,,,-1.0,1.0,1.0
247,1,1.0,,0.4987,0.01818,0.43117,-0.0961,0.50649,-0.04156,0.5013,0.0961,0.44675,0.05974,0.55844,-0.11948,0.51688
248,0,-1.0,,,,,,,,,,,,,,
249,1,1.0,,1.0,0.5,1.0,0.25,0.25,1.0,0.16851,0.9118,-0.13336,0.80454,-0.34107,0.60793,-0.4382
250,0,1.0,,,,,,1.0,1.0,-1.0,-1.0,,,1.0,-0.11111,
251,1,1.0,,0.87048,0.38027,0.64099,0.69212,0.31347,0.86625,-0.03933,0.9074,-0.42173,0.79346,-0.70561,0.5156,-0.81049
252,0,1.0,,,,,,,,-1.0,1.0,,,1.0,0.37333,-0.12
253,1,1.0,,0.88179,0.43491,0.59573,0.77655,0.19672,0.94537,-0.24103,0.92544,-0.62526,0.71257,-0.86443,0.33652,-0.92384
254,1,1.0,,0.32834,0.0252,0.15236,0.21278,0.14919,0.74003,-0.25706,0.92324,-0.10312,0.1938,-0.61352,0.25786,-0.94053
255,1,1.0,,0.83427,0.39121,0.5404,0.78579,0.12326,0.89402,-0.33221,0.83578,-0.70086,0.59564,-0.86622,0.21909,-0.84442
256,1,1.0,,0.62335,-0.0349,0.59085,0.00481,0.60409,-0.07461,0.63177,0.00963,0.62455,-0.07461,0.67028,0.0722,0.62936
257,1,1.0,,0.74449,-0.0239,0.70772,0.03309,0.72243,0.16912,0.79228,0.07721,0.81434,0.43934,0.63787,0.00551,0.70772
258,1,1.0,,0.61538,0.18923,0.78157,0.0178,0.77486,0.02647,0.65077,-0.10308,0.77538,0.08,0.73961,0.0506,0.72322
259,1,1.0,,0.68317,0.05375,0.84803,0.00202,0.84341,0.00301,0.843,0.09901,0.75813,0.04102,0.81892,0.00585,0.80738
260,1,1.0,,0.5,,0.38696,0.10435,0.4913,0.06522,0.46957,-0.03913,0.35652,-0.12609,0.45652,0.04783,0.50435
261,1,1.0,,0.7983,0.09417,0.78129,0.20656,0.71628,0.28068,0.6932,0.41252,0.65917,0.50122,0.57898,0.60814,0.4921
262,1,1.0,,1.0,0.09802,1.0,0.25101,0.9839,0.33044,0.80365,0.5302,0.74977,0.60297,0.56937,0.71942,0.55311
263,1,1.0,,0.8941,0.13425,0.87001,0.31543,0.78896,0.43388,0.63388,0.59975,0.54003,0.71016,0.39699,0.76161,0.24266
264,1,1.0,,0.94631,0.17498,0.90946,0.33143,0.85096,0.4996,0.73678,0.63842,0.59215,0.73838,0.48698,0.83614,0.30459
265,1,1.0,,0.91767,0.18198,0.8609,0.35543,0.72873,0.45747,0.60425,0.69865,0.50376,0.74922,0.361,0.81795,0.15664
266,1,1.0,,0.76627,0.21106,0.63935,0.38112,0.48409,0.525,0.15,0.22273,0.13753,0.59565,-0.07727,0.44545,
267,1,1.0,,0.5894,-0.60927,0.8543,0.55298,0.81126,0.07285,0.56623,0.16225,0.32781,0.24172,0.50331,0.12252,0.63907
268,1,1.0,,1.0,0.11385,0.70019,-0.12144,0.81594,0.09677,0.71157,0.01139,0.56167,-0.0778,0.6907,0.12524,0.58634
269,1,1.0,,0.84843,0.06794,0.80562,-0.02299,0.77031,-0.03299,0.66725,-0.0662,0.59582,-0.07666,0.6726,-0.05771,0.6426
270,1,1.0,,1.0,0.08013,0.96775,-0.00482,0.96683,-0.00722,0.8798,-0.03923,1.0,0.01419,0.96186,-0.01436,0.95947
271,1,1.0,,0.47938,-0.12371,0.42784,-0.12371,0.70103,-0.39175,0.73196,0.07216,0.26289,-0.21649,0.49485,0.15979,0.45361
272,1,1.0,,0.6351,-0.04388,0.7653,0.02968,0.61432,0.36028,0.65358,-0.00462,0.64203,0.08314,0.79446,-0.43418,0.72517
273,1,1.0,,0.50112,-0.03596,0.61124,0.01348,0.58876,0.01573,0.58876,0.02472,0.66742,-0.00449,0.71685,-0.04719,0.66517
274,1,1.0,,0.71521,-0.00647,0.66667,-0.04207,0.63107,-0.05178,0.77994,0.08091,0.67314,0.09709,0.64725,0.15858,0.60194
275,1,1.0,,0.68148,0.1037,0.77037,0.03457,0.65185,0.08148,0.60988,-0.00494,0.79012,0.11852,0.59753,0.04938,0.62469
276,1,1.0,,0.60678,-0.02712,0.67119,0.04068,0.52881,-0.04407,0.50508,0.03729,0.70508,-0.07797,0.57966,-0.02034,0.5322
277,1,1.0,,0.49515,0.09709,0.29612,0.05825,0.34951,,0.57282,-0.02427,0.58252,0.02427,0.33495,0.04854,0.52427
278,1,1.0,,0.98822,0.02187,0.93102,0.341,0.83904,0.35222,0.74706,0.48906,0.73584,0.51879,0.55076,0.60179,0.4313
279,1,1.0,,0.97905,0.1581,0.90112,0.35237,0.82039,0.48561,0.7176,0.64888,0.58827,0.73743,0.40349,0.83156,0.2514
280,1,1.0,,0.99701,0.21677,0.91966,0.4703,0.76902,0.62415,0.53312,0.7812,0.36774,0.88291,0.10107,0.83312,-0.06827
281,1,1.0,,0.94331,0.19959,0.96132,0.40803,0.80514,0.56569,0.56687,0.7083,0.41836,0.8323,0.14939,0.89489,0.05167
282,1,1.0,,0.93972,0.28082,0.80486,0.52821,0.58167,0.73151,0.34961,0.80511,0.10797,0.90403,-0.20015,0.89335,-0.3973
283,1,1.0,,0.89835,0.35157,0.67333,0.62233,0.43898,0.94353,-0.03643,0.8051,-0.22838,0.75334,-0.25137,0.48816,-0.57377
284,1,1.0,,0.29073,0.10025,0.23308,0.17293,0.03759,0.34336,0.1203,0.26316,0.06266,0.21303,-0.04725,0.12767,-0.06333
285,1,1.0,,0.58459,-0.35526,1.0,0.35338,0.75376,-0.00564,0.82519,0.19361,0.50188,-0.27632,0.65977,0.06391,0.69737
286,1,1.0,,0.83609,0.13215,0.72171,0.06059,0.65829,0.08315,0.23888,0.12961,0.43837,0.2033,0.49418,0.12686,0.44747
287,1,1.0,,0.9408,0.11933,0.85738,0.01038,0.85124,0.01546,0.76966,-0.00278,0.84459,0.10916,0.83289,0.03027,0.8268
288,1,1.0,,0.87111,0.04326,0.79946,0.18297,0.99009,0.29292,0.89455,-0.08337,0.88598,-0.02028,0.90446,-0.26724,0.8941
289,1,1.0,,0.74916,0.02549,0.98994,0.09792,0.75855,0.12877,0.74313,-0.09188,0.95842,0.02482,0.97921,-0.00469,0.9611
290,1,1.0,,0.47337,0.19527,0.06213,-0.18343,0.62316,0.01006,0.45562,-0.04438,0.56509,0.01775,0.44675,0.27515,0.71598
291,1,1.0,,0.59887,0.14689,0.69868,-0.13936,0.85122,-0.13936,0.80979,0.02448,0.50471,0.02825,0.6742,-0.0452,0.80791
292,1,1.0,,0.84713,-0.03397,0.86412,-0.08493,0.81953,,0.73673,-0.07643,0.71975,-0.13588,0.74947,-0.11677,0.77495
293,1,1.0,,0.87772,-0.08152,0.83424,0.07337,0.84783,0.04076,0.77174,-0.02174,0.77174,-0.05707,0.82337,-0.10598,0.67935
294,1,1.0,,0.74704,-0.13241,0.53755,0.16996,0.72727,0.09486,0.69565,-0.11067,0.66798,-0.23518,0.87945,-0.1917,0.73715
295,1,1.0,,0.46785,0.11308,0.5898,0.00665,0.55432,0.06874,0.47894,-0.13969,0.52993,0.0133,0.63858,-0.16186,0.67849
296,1,1.0,,0.88116,0.27475,0.72125,0.42881,0.61559,0.63662,0.38825,0.90502,0.09831,0.96128,-0.20097,0.892,-0.35737
297,1,1.0,,0.93147,0.29282,0.79917,0.55756,0.59952,0.71596,0.26203,0.92651,0.04636,0.96748,-0.23237,0.9513,-0.55926
298,1,1.0,,0.88241,0.30634,0.73232,0.57816,0.34109,0.58527,0.05717,1.0,-0.09238,0.92118,-0.62403,0.71996,-0.69767
299,1,1.0,,0.83479,0.28993,0.69256,0.47702,0.49234,0.68381,0.21991,0.86761,-0.08096,0.85011,-0.35558,0.77681,-0.52735
300,1,1.0,,0.9287,0.33164,0.76168,0.62349,0.49305,0.84266,0.21592,0.95193,-0.13956,0.96167,-0.47202,0.8359,-0.70747
301,1,1.0,,0.83367,0.31456,0.65541,0.57671,0.34962,0.70677,0.17293,0.78947,-0.18976,0.79886,-0.41729,0.66541,-0.68421
302,1,1.0,,0.98455,-0.02736,0.98058,-0.04104,1.0,-0.07635,0.9872,0.01456,0.95278,-0.02604,0.985,-0.07458,0.99382
303,1,1.0,,0.94052,-0.01531,0.9417,0.01001,0.94994,-0.01472,0.95878,-0.0106,0.94641,-0.0371,0.97173,-0.01767,0.97055
304,1,1.0,,0.97032,-0.14384,0.91324,-0.00228,0.96575,-0.17123,0.9863,0.18265,0.91781,0.00228,0.93607,-0.08447,0.91324
305,1,1.0,,0.52542,-0.0339,0.94915,0.08475,0.52542,-0.16949,0.30508,-0.01695,0.50847,-0.13559,0.64407,0.28814,0.83051
306,1,1.0,,0.33333,-0.25,0.44444,0.22222,0.38889,0.16667,0.41667,0.13889,0.5,-0.11111,0.54911,-0.08443,0.58333
307,1,1.0,,0.51207,1.0,1.0,0.5381,0.71178,0.80833,0.45622,0.46427,0.33081,1.0,0.21249,1.0,-0.17416
308,1,1.0,,0.75564,0.49638,0.8355,0.54301,0.54916,0.72063,0.35225,0.70792,0.13469,0.94749,-0.09818,0.93778,-0.37604
309,1,1.0,,0.83789,0.42904,0.72113,0.58385,0.45625,0.78115,0.1647,0.82732,-0.13012,0.86947,-0.46177,0.78497,-0.59435
310,1,1.0,,0.93658,0.35107,0.75254,0.6564,0.45571,0.88576,0.15323,0.95776,-0.21775,0.96301,-0.56535,0.83397,-0.78751
311,1,1.0,,0.92436,0.36924,0.71976,0.6842,0.29303,0.94078,-0.11108,0.76527,-0.31605,0.92453,-0.66616,0.78766,-0.92145
312,1,1.0,,1.0,0.16195,1.0,-0.05558,1.0,0.01373,1.0,-0.12352,1.0,-0.01511,1.0,-0.01731,1.0
313,1,1.0,,0.95559,-0.00155,0.86421,-0.13244,0.94982,-0.00461,0.82809,-0.51171,0.92441,0.10368,1.0,-0.14247,0.99264
314,1,1.0,,0.79378,0.29492,0.64064,0.52312,0.41319,0.68158,0.14177,0.83548,-0.16831,0.78772,-0.42911,0.72328,-0.57165
315,1,1.0,,0.88085,0.35232,0.68389,0.65128,0.34816,0.79784,0.05832,0.90842,-0.29784,0.8649,-0.62635,0.6959,-0.77106
316,1,1.0,,0.89589,0.39286,0.66129,0.71804,0.29521,0.90824,-0.04787,0.94415,-0.45725,0.84605,-0.7766,0.58511,-0.92819
317,1,1.0,,1.0,-0.24051,1.0,-0.20253,0.87342,-0.10127,0.88608,0.01266,1.0,0.11392,0.92405,0.06329,0.8481
318,1,1.0,,0.7479,0.0084,0.83312,0.01659,0.82638,0.02469,0.86555,0.01681,0.60504,0.05882,0.79093,0.04731,0.77441
319,1,1.0,,0.85013,0.01809,0.92211,0.01456,0.92046,0.0218,0.92765,0.0801,0.87597,0.1137,0.91161,0.0432,0.90738
320,1,1.0,,1.0,-0.01179,1.0,-0.00343,1.0,-0.01565,1.0,-0.01565,1.0,-0.02809,1.0,-0.02187,0.99828
321,1,1.0,,0.89505,-0.03168,0.87525,0.05545,0.89505,0.01386,0.92871,0.02772,0.91287,-0.0099,0.94059,-0.01584,0.91881
322,1,1.0,,0.90071,0.01773,1.0,-0.01773,0.90071,0.00709,0.84752,0.05674,1.0,0.03546,0.97872,0.01064,0.97518
323,1,1.0,,0.39394,-0.24242,0.62655,0.0127,0.45455,0.09091,0.63636,0.09091,0.21212,-0.21212,0.57576,0.15152,0.39394
324,1,1.0,,0.86689,0.3595,0.72014,0.66667,0.37201,0.83049,0.08646,0.85893,-0.24118,0.86121,-0.51763,0.67577,-0.68714
325,1,1.0,,0.89563,0.37917,0.67311,0.69438,0.35916,0.88696,-0.04193,0.93345,-0.38875,0.84414,-0.67274,0.62078,-0.8268
326,1,1.0,,0.90547,0.41113,0.65354,0.74761,0.29921,0.95905,-0.13342,0.9782,-0.52236,0.83263,-0.79657,0.55086,-0.96631
327,1,1.0,,1.0,1.0,0.367,0.06158,0.12993,0.92713,-0.27586,0.93596,-0.31527,0.37685,-0.87192,0.36946,-0.92857
328,1,1.0,,1.0,0.51515,0.45455,0.33333,0.06061,0.36364,-0.32104,0.73062,-0.45455,0.48485,-0.57576,,-0.57576
329,1,1.0,,0.8811,,0.94817,-0.02744,0.93598,-0.0122,0.90244,0.01829,0.90244,0.01829,0.93902,0.00915,0.95732
330,1,1.0,,0.82624,0.08156,0.79078,-0.08156,0.90426,-0.01773,0.92908,0.01064,0.80142,0.08865,0.94681,-0.00709,0.94326
331,1,1.0,,0.74468,0.10638,0.88706,0.00982,0.88542,0.01471,0.87234,-0.01418,0.7305,0.10638,0.87657,0.02912,0.87235
332,1,1.0,,0.87578,0.03727,0.89951,0.00343,0.8921,0.0051,0.86335,,0.95031,0.07453,0.87021,0.00994,0.86303
333,1,1.0,,0.97513,0.0071,0.98579,0.01954,1.0,0.01954,0.9929,0.01599,0.95737,0.02309,0.97158,0.03552,1.0
334,1,1.0,,1.0,0.01105,1.0,0.01105,1.0,0.0232,0.99448,-0.01436,0.99448,-0.00221,0.98343,0.0232,1.0
335,1,1.0,,1.0,-0.01342,1.0,0.01566,1.0,-0.00224,1.0,0.06264,0.97763,0.04474,0.95973,0.02908,1.0
336,1,1.0,,0.8842,0.36724,0.67123,0.67382,0.39613,0.86399,0.02424,0.93182,-0.35148,0.83713,-0.60316,0.58842,-0.78658
337,1,1.0,,0.90147,0.41786,0.64131,0.75725,0.3044,0.95148,-0.20449,0.96534,-0.55483,0.81191,-0.81857,0.50949,-0.96986
338,1,1.0,,0.32789,0.11042,0.1597,0.29308,0.1402,0.74485,-0.25131,0.91993,-0.16503,0.26664,-0.63714,0.24865,-0.9765
339,1,1.0,,0.65845,0.43617,0.44681,0.74804,0.05319,0.85106,-0.32027,0.82139,-0.68253,0.52408,-0.84211,0.07111,-0.82811
340,1,1.0,,0.19466,0.05725,0.04198,0.25191,-0.10557,0.48866,-0.18321,-0.18321,-0.41985,0.06107,-0.4542,0.0916,-0.16412
341,1,1.0,,0.98002,0.00075,1.0,,0.98982,-0.00075,0.94721,0.02394,0.977,0.0213,0.97888,0.03073,0.9917
342,1,1.0,,0.82254,-0.07572,0.80462,0.00231,0.87514,-0.01214,0.86821,-0.07514,0.72832,-0.11734,0.84624,0.05029,0.83121
343,1,1.0,,0.35346,-0.13768,0.69387,-0.02423,0.68195,-0.03574,0.55717,-0.06119,0.61836,-0.10467,0.62099,-0.06527,0.59361
344,1,1.0,,0.76046,0.01092,0.86335,0.00258,0.85821,0.00384,0.79988,0.02304,0.81504,0.12068,0.83096,0.00744,0.81815
345,1,1.0,,0.66667,-0.01366,0.97404,0.06831,0.4959,0.50137,0.75683,-0.00273,0.65164,-0.14071,0.40164,-0.48907,0.39208
346,1,1.0,,0.83508,0.08298,0.73739,-0.14706,0.84349,-0.05567,0.90441,-0.04622,0.89391,0.1313,0.81197,0.06723,0.79307
347,1,1.0,,0.95113,0.00419,0.95183,-0.02723,0.93438,-0.0192,0.9459,0.01606,0.9651,0.03281,0.94171,0.0733,0.94625
348,1,1.0,,0.94701,-0.00034,0.93207,-0.03227,0.95177,-0.03431,0.95584,0.02446,0.94124,0.01766,0.92595,0.04688,0.93954
349,1,1.0,,0.90608,-0.01657,0.98122,-0.01989,0.95691,-0.03646,0.85746,0.0011,0.89724,-0.03315,0.89061,-0.01436,0.90608
350,1,1.0,,0.8471,0.13533,0.73638,-0.06151,0.87873,0.0826,0.88928,-0.09139,0.78735,0.06678,0.80668,-0.00351,0.79262
