idx,ambient,coolant,u_d,u_q,torque,i_d,i_q
1,0.047103602,-0.555098,0.4442563,1.7047329,-0.34220606,0.9947208,-0.3497908
2,0.6716263,0.35066977,0.31909162,-1.3278744,-0.25563973,1.0291426,-0.24572322
3,-0.5522051,1.9890434,-0.08432332,-0.77599895,1.311668,0.14759797,1.4429615
4,0.6837887,-0.10660908,0.1813502,1.7174115,-0.24990642,-0.36269844,-0.24259351
5,-0.007995944,0.3796678,2.1725037,-0.2978523,-2.1496685,-1.1808901,-2.0303578
6,0.63707143,1.9189537,-0.7479464,-0.024507811,1.2844838,0.15834926,1.4141186
7,0.6639949,0.18433,0.5994569,-1.0740628,-1.9825226,0.08838202,-2.0910292
8,1.026741,1.0093403,-1.4219131,0.08780151,0.4759891,-1.4944829,0.4078535
9,0.68644863,1.116453,-0.7226937,1.1554974,0.08737562,-0.9338304,0.054165144
10,0.42867202,1.7027981,0.30036947,-1.2979931,-0.25563973,1.0291377,-0.24571414
11,0.2837996,-0.42369524,-0.43886417,1.510687,0.073977545,-0.33055404,0.07815496
12,0.69180363,1.2246056,-1.0805305,0.823997,0.31022403,-0.9272879,0.25852406
13,0.6856738,-1.209475,1.1225262,0.7937869,-0.9398079,0.8135002,-1.0359861
14,-1.6527456,-1.0669463,-1.3044865,0.4581313,1.1337963,-0.4872721,1.1112734
15,0.7222783,0.60788935,1.4609483,1.1689605,-0.97327256,-0.08949227,-0.97424257
16,0.68773144,1.261506,0.324762,1.6838067,-0.3066893,-0.16993272,-0.2968738
17,-0.17859234,-0.0441421,0.29936838,-1.293298,-0.25563973,1.0291374,-0.24573731
18,-0.5735748,-1.0590934,-0.6022041,-0.14407136,1.1443145,0.27429867,1.2848253
19,0.3704117,-0.36052164,0.7037512,0.29500997,-0.6978595,0.9222077,-0.76435333
20,0.4976363,1.7475554,0.18609847,1.569873,-0.18940276,1.0056527,-0.16480829
21,0.110929705,-0.612318,-1.1183887,0.7108077,0.41243002,-1.1040355,0.34621742
22,0.9025859,1.0104909,-1.4874218,-0.0409287,0.9723981,-1.2282238,0.8971251
23,-0.41703987,1.9455177,-1.5053318,-0.16658328,1.8035713,-1.0736994,1.7196451
24,-0.9747484,0.090237215,-0.9315054,1.043806,0.3614113,-0.6306577,0.3307597
25,-1.006804,-1.0913103,0.5163704,-0.1540584,-0.57405525,0.99428177,-0.6174071
26,-0.09149042,-0.17092249,0.72568905,-0.7427696,-1.545181,0.42271328,-1.6684697
27,-0.004697639,0.33244142,-1.3314178,0.25005147,1.6208324,-0.16841741,1.7166469
28,0.264074,-0.13128152,-1.2977103,0.36335403,0.8530589,-0.89687765,0.7872518
29,0.72275305,-0.13815245,-0.5555665,1.0089934,0.4207437,0.7905958,0.54043597
30,0.6886087,0.39448053,0.34087768,-1.3149108,-0.25563973,1.0291345,-0.24572106
31,0.6816076,-0.5283787,0.82401145,1.6131557,-0.520292,-0.62624204,-0.49757895
32,-0.5082421,0.9753174,-1.5381657,-0.3644495,0.70567775,-1.8024962,0.53593075
33,-0.23457117,0.3256637,-0.62539625,0.7158987,0.60425746,0.6657779,0.73548156
34,1.5385333,0.52060115,2.1810758,-0.35008615,-2.0900104,-1.1804942,-1.9724045
35,-0.15894806,-1.0722772,-1.2292731,0.51204884,0.28606457,-1.369184,0.23412962
36,0.6872968,-0.52830887,-0.5901851,1.2887158,0.35708636,0.7765293,0.46254057
37,-0.21263835,-1.0790131,0.29004553,0.8956522,-0.26110467,1.0291772,-0.245707
38,-1.9049203,-1.070372,0.28324026,-1.1692077,0.40288135,0.8201236,0.4869198
39,0.24277052,0.09640238,0.81331533,0.12778981,-0.8795829,0.84433043,-0.9696177
40,-0.59653246,-0.64072955,0.31503367,-1.2505407,-0.25563973,1.0291487,-0.24571614
41,-0.13442056,0.32702154,-0.46184468,1.5133644,0.15252443,0.28421465,0.1868977
42,0.68861675,-0.606361,1.7205474,0.724602,-0.96727514,-1.1041307,-0.8927988
43,-0.82543534,-1.0608271,-1.1267083,0.7450801,0.3499834,-1.0799043,0.30455378
44,-0.3498984,0.76377654,-1.3882554,0.121442884,1.0477319,-0.9603878,0.9726926
45,0.68862474,-0.6078351,1.8235776,0.63692087,-1.2796249,-0.5899001,-1.2359453
46,-0.25308323,0.98740387,2.077506,0.016510993,-1.7675643,-0.8411437,-1.6983513
47,1.1069342,2.1889248,0.32190418,-1.3277125,-0.255584,1.0291163,-0.24565864
48,-0.09477466,-0.5829282,0.31774205,1.6174637,-0.30031872,-0.50497806,-0.28796223
49,-0.53933406,1.4655864,2.0182977,0.18134962,-2.1394541,-0.10749623,-2.2241645
50,-0.5370084,-0.6412194,0.31443152,-1.2494832,-0.25563973,1.0291301,-0.24571879
51,-0.15406083,2.172637,0.31111237,-0.7326132,-0.25563973,1.029138,-0.24571222
52,-0.038589068,-0.54869753,-0.7153817,0.7406973,0.68474495,0.6154699,0.8209655
53,0.61825424,0.33256507,2.1311345,-0.11914612,-2.3309186,-0.54209596,-2.3366091
54,0.63670003,0.17474493,0.31356397,-1.3270911,-0.25554267,1.02911,-0.24560396
55,-0.6314738,-1.046919,-1.1285782,0.73878586,0.35378334,-1.080788,0.304538
56,1.3831807,1.7475554,-1.603222,-0.74069315,1.5462998,-1.9399202,1.3478204
57,0.6930673,-0.736962,1.7500099,0.78922385,-1.0744646,-0.85127366,-1.010766
58,0.32481357,-1.0578512,-1.6031321,-0.7127972,0.46915916,-1.8963984,0.3685979
59,-2.8627725,-1.0385066,0.3021003,-1.1848449,-0.11817244,1.0139837,-0.09144154
60,-0.09999012,-0.16555664,1.1736785,-0.55568945,-2.1476028,-0.03578513,-2.2489114
61,0.6886087,-0.7272628,-0.47077727,1.5034838,0.086524785,-0.24197105,0.094579235
62,-0.12759008,1.9398507,0.29894885,-1.2927213,-0.25563973,1.0291357,-0.24569902
63,0.2835336,0.7206575,-0.31251943,1.1659238,0.18698813,0.9110187,0.27958602
64,0.6886147,-0.58259785,1.8917813,-0.4118878,-2.679315,-0.5688631,-2.7265184
65,1.4900203,0.55451286,-1.1307955,0.5982105,0.6089589,-0.7779567,0.5549157
66,-2.218979,-1.0463912,-1.6456171,-1.0622907,1.8936982,-2.5046256,1.600986
67,-2.7498572,-1.0688865,0.22485176,-0.2513316,-0.12030715,1.0139836,-0.09143945
68,0.30239797,-0.001730396,0.33743817,-1.2514154,-0.25563973,1.0291476,-0.24572416
69,0.37238103,0.13373417,0.3020543,-1.2963495,-0.25563973,1.0291541,-0.2457374
70,-2.7498572,-1.0218029,-1.6049559,-0.63975376,0.983904,-1.9530226,0.82559586
71,0.27569938,0.32767957,-1.1404432,0.73639166,0.34309784,-1.024896,0.3091197
72,1.3227413,-1.1389881,-1.4975256,-0.093730554,1.0013586,-1.3186734,0.88900375
73,-1.8565478,-1.0698603,-0.345832,0.83793306,0.32644403,0.8501571,0.41710395
74,0.46116924,2.1686,-0.20957978,1.6399752,-0.06452077,-0.19437718,-0.05537562
75,-0.9438561,-1.0691476,0.33988655,-1.2601042,-0.2205472,1.0291501,-0.24570398
76,0.6886318,1.2224717,-0.86681527,1.1219126,0.2089332,-0.7138351,0.17896251
77,-0.63251066,-1.0742748,0.29174784,0.9170553,-0.26048765,1.0291846,-0.24572772
78,-0.13575153,0.3301182,2.0410671,0.15871547,-1.7151873,-0.733561,-1.6587161
79,-0.097020045,-0.1659893,1.1970171,-0.50108504,-2.0923638,0.008493064,-2.1969113
80,-0.6919062,-1.0798792,0.1799107,1.682907,-0.26427892,-0.7691308,-0.2550195
81,0.6886087,2.1905377,1.6154964,0.87346727,-1.037279,-0.6546936,-0.98723185
82,0.20060724,-1.0492202,-1.6087391,-0.6741555,0.6866539,-1.927734,0.5601022
83,0.10018462,1.9480299,0.29678062,-0.19712384,-0.25563973,1.0291029,-0.2457093
84,0.046093836,-0.8059444,0.6712835,1.6933627,-0.48477796,0.43457708,-0.49381974
85,0.44186422,-0.60253507,1.3748845,1.2617041,-0.90465593,-0.13971734,-0.8973943
86,0.67772007,1.7475554,-0.8159198,1.206074,0.42980418,0.20707013,0.4755119
87,-1.3257879,-1.0445089,-1.4909561,-0.14403288,0.5541698,-1.6932592,0.4529598
88,-1.0025411,-1.065041,-1.5182817,-0.25885478,1.3711703,-1.5025687,1.2525209
89,-1.1537391,-1.0670562,0.5144169,-0.14804302,-0.5741372,0.99427813,-0.61741537
90,-0.073921874,1.255958,-0.3984287,1.5522063,0.057821833,-0.0814613,0.07125172
91,0.68854445,0.17534006,0.35017893,-1.2668742,-0.25563973,1.0291556,-0.24571207
92,-0.7905131,-1.0723919,0.18626781,1.6729167,-0.26676425,-0.8463008,-0.2565096
93,-1.9065875,-1.0735073,0.2830704,-1.1692101,0.40295714,0.82012,0.48692045
94,0.6328547,-1.211159,0.35310856,-1.3004179,-0.25563973,1.0291332,-0.24572597
95,0.4583126,1.1801866,0.6927386,-0.6959729,-1.3360615,0.5512658,-1.4528649
96,0.6332813,-0.363854,0.8092384,1.3613968,-0.5934167,0.9769173,-0.64470345
97,-0.15325081,2.176567,0.3108698,-0.73256683,-0.25563973,1.0291584,-0.2457248
98,-0.089254074,-0.16307628,0.5887249,-1.2890316,-3.1337368,-1.0794548,-3.1392941
99,0.6886087,-0.5495097,2.1493654,-0.22916171,-2.022178,-1.0966467,-1.9181542
100,-0.5532821,-0.638004,0.315625,-1.2498639,-0.25563973,1.0291394,-0.2457177
101,0.008539742,0.070098996,-1.3449842,0.23874123,1.2073544,-0.65989894,1.1766071
102,-1.4433604,-1.0691167,-0.75237906,-0.59751,2.4605293,-0.98101074,2.4084983
103,-2.4701078,-1.0672102,-0.34582812,0.8378227,0.32643902,0.85013866,0.41710836
104,0.46712247,0.31674403,-0.7266517,-0.17127836,1.481841,0.0056289313,1.604845
105,0.6886087,1.7475164,0.9473375,0.6575491,-0.8230261,0.8738034,-0.90774465
106,-0.09232553,0.27889323,-0.3386697,1.5543658,0.14681563,0.7662369,0.21201788
107,0.688419,0.5225791,0.065121084,1.6920428,-0.16817802,0.20495401,-0.15949035
108,0.5599467,-0.6960501,0.34703222,-1.2994065,-0.25563973,1.0291479,-0.24572869
109,0.6886087,0.32803342,-0.3405905,1.5825416,0.004493139,-0.22343944,0.0136658875
110,-0.5011978,-1.0466014,0.18101175,1.6842782,-0.26438522,-0.7577997,-0.25450838
111,-0.76904297,-0.12821408,0.30054387,-1.2657121,-0.25563973,1.0291607,-0.24570873
112,0.6883377,0.38532147,0.3386716,-1.318148,-0.25563973,1.0291517,-0.24570905
113,1.4386698,0.8396379,2.0905447,-0.26616764,-2.6149852,-0.5165785,-2.6674833
114,1.2050602,0.6093375,1.6612393,-0.23091738,-2.2130268,-0.11638111,-2.3044705
115,0.6886067,0.33069658,-0.4039354,1.5440081,0.039991982,-0.22300492,0.048953347
116,0.831578,-0.6993086,-1.0490437,0.90567744,0.5273623,-0.46903875,0.50868475
117,-0.85840034,-1.09344,0.18140404,1.6826781,-0.26476315,-0.7744677,-0.25501934
118,-0.54132247,1.9534489,-0.8233851,1.1993371,0.3712834,-0.10346645,0.38568804
119,-0.5979015,-0.6386372,0.3145638,-1.2486562,-0.25563973,1.0291525,-0.24571049
120,0.28012288,-0.010296909,0.33703983,-1.2498821,-0.25563973,1.029142,-0.24572918
121,-0.1403035,1.9540864,-0.9351158,1.058667,0.3712834,-0.45607424,0.3545261
122,0.6886087,-0.123566315,1.9823614,0.34789452,-1.8732758,-0.0043274085,-1.9497306
123,0.85513794,1.2520555,0.32079,-1.3293505,-0.25563973,1.0291426,-0.24572106
124,1.1871866,0.31707957,0.3209482,-1.2503766,-0.25563973,1.0291376,-0.24571161
125,0.6886117,1.2301348,-1.503886,-0.21294071,0.5259649,-1.624325,0.42698705
126,0.33329824,0.3478168,0.5807288,1.7246755,-0.41765174,-0.30295804,-0.40583208
127,0.26716855,0.113567896,1.4353126,1.1399325,-0.8528875,-0.63654464,-0.80983734
128,-0.09282439,0.2791383,-0.8032865,0.1818114,1.1542895,0.2677712,1.2891504
129,-1.0260679,-1.072782,-1.1127559,0.79547834,0.49039975,-0.7711394,0.4473949
130,0.4275067,-0.66512895,-1.1469618,0.7438367,0.6688228,-0.5675647,0.63978493
131,0.12538563,-1.0665628,0.12348457,1.7075183,-0.2266827,-0.57415885,-0.22134994
132,-0.8133071,0.8389598,-0.20166403,-0.42178175,0.8651769,0.47143662,1.0015416
133,0.21983397,2.1751478,0.31372395,-1.3242894,-0.25563973,1.0291414,-0.24571846
134,0.66718274,0.913078,0.3189921,-1.3286655,-0.25563973,1.0291338,-0.24572594
135,1.4616003,0.55722356,0.42446116,-0.5044177,-0.51305366,0.9988231,-0.550594
136,0.6886087,-0.7828019,-1.1108731,0.49424687,1.2313759,0.21123515,1.3575054
137,-0.09487604,0.8389598,2.1961577,-0.5228443,-1.9049305,-1.5822759,-1.7447274
138,-0.16357532,-1.059839,-1.1546746,0.653642,0.2875795,-1.2875996,0.2336579
139,0.3503709,1.6331441,-1.4649973,-0.0015931008,1.5676879,-0.871406,1.5083582
140,-0.097557046,-0.63424623,1.6871965,0.73390424,-0.91996765,-1.2425255,-0.8440966
141,-0.5633266,-1.073225,-0.6055543,-0.11766114,1.2116961,0.2539953,1.3230643
142,-1.407027,-1.0729896,1.5669291,1.050675,-0.88003826,-0.8367916,-0.8275351
143,0.88966775,0.6072014,-1.1951545,0.6693768,0.8440146,-0.29146996,0.8505344
144,0.5339227,1.7475554,-0.45972526,1.5007904,0.08883695,-0.06126489,0.102671415
145,0.6289642,-0.45623818,0.8559338,-0.31323573,-1.2616868,0.58509946,-1.3751693
146,-0.25941786,-0.720573,0.34453213,-1.3023747,-0.25563973,1.0291197,-0.24573416
147,0.3130467,-1.040264,-1.6002964,-0.6809989,0.4741966,-1.9118056,0.3725147
148,-0.9978696,-0.29940155,2.0067818,0.21695238,-1.3137904,-1.2541041,-1.2108825
149,-0.9915641,-0.6401835,-0.14154807,-0.7972395,1.6251297,-0.17799832,1.7232718
150,-0.6240732,-1.0584848,-0.6008269,-0.11026029,1.2170017,0.25402734,1.3230727
151,0.6888576,1.2372694,-0.85496485,1.1477562,0.22388549,-0.6149555,0.20020624
152,-0.89209706,-0.57532513,-0.91373616,1.0952028,0.68474495,0.4159026,0.78488535
153,0.5122488,1.7475554,0.34146133,-1.3160474,-0.25563973,1.029163,-0.2456999
154,-0.030728746,0.34090087,-0.75375956,1.2334783,0.15746665,-0.78094286,0.12778036
155,0.6962462,-0.30018616,1.9996971,0.2549681,-1.1668711,-1.297005,-1.0698967
156,0.43347093,-0.6124041,1.6516176,0.91895974,-1.0633954,-0.63352454,-1.0159626
157,-1.3501438,-1.0605913,-0.263151,0.55491215,0.32952237,0.8501588,0.4171021
158,0.28942055,-1.0871581,0.31371942,-0.71740866,-0.25716195,1.0291625,-0.24572536
159,2.4858463,1.0100408,-1.469264,-0.030598663,0.4793498,-1.4884727,0.4127934
160,1.0439072,0.20793207,-1.6187277,-0.80047077,0.5891722,-2.0809414,0.4345717
161,0.6839353,-1.2111281,0.42851567,1.3862494,-0.3511667,1.0074999,-0.3573302
162,2.0108664,0.15588161,0.03609875,1.7332805,-0.14575821,0.33006057,-0.12885348
163,-0.94051766,0.8389598,0.65558666,1.5589507,-0.46432662,-0.37508404,-0.44535065
164,-1.5626897,-1.049484,-1.6055526,-0.63933384,0.822407,-1.9161844,0.67951304
165,0.6886358,0.3353435,0.17611693,1.752267,-0.22720873,0.05738871,-0.21647477
166,-2.7498572,-1.0216017,-1.6007831,-0.61254406,0.86559016,-1.9622252,0.7178015
167,1.3670747,0.328771,-1.5024731,-0.24182229,0.7547762,-1.6293389,0.61985224
168,-0.9969943,-0.35718212,-1.3379154,-0.40331167,2.5655143,-1.1748127,2.595421
169,0.48358187,-1.0376493,-1.6210911,-0.8042552,0.5063692,-1.9986994,0.40047264
170,-1.04357,-1.0670997,-0.26812378,0.5445903,0.32595608,0.85017926,0.4171028
171,0.5697242,-0.6665856,0.34647855,-1.2969754,-0.25563973,1.0291349,-0.24572133
172,0.6886087,-0.8264101,-0.12166103,-0.28630525,0.5478125,0.71211064,0.67676675
173,0.6885475,-0.8269505,-0.77050143,-0.6919039,2.639808,-1.2493322,2.6698544
174,0.6861937,2.1801527,1.8048984,0.66107154,-0.9733,-1.0934261,-0.8994871
175,0.6813366,-1.0848066,0.91746336,1.5137452,-0.5537486,-0.78480196,-0.5290816
176,1.3100791,1.012783,-0.28877032,1.6098253,-0.0686153,-0.47958773,-0.0644115
177,0.116485424,2.1503427,0.3071067,-1.3208647,-0.2556397,1.0291791,-0.24571063
178,0.70283777,-0.13129742,0.81097716,-0.95133805,-2.235442,-0.13078994,-2.3259664
179,0.6584703,-0.92108786,0.35959393,-1.284972,-0.25563973,1.0291312,-0.24572532
180,0.6349656,1.408074,-1.3074253,0.13590494,0.59539956,-1.2900027,0.5089662
181,0.06177634,2.1476467,0.355818,-1.2992887,-0.25563973,1.0291303,-0.24571446
182,0.041689403,2.1047392,0.8508502,1.6282417,-0.5520488,-0.09948264,-0.54121685
183,-0.9074955,-0.36096302,-1.3364229,-0.40329185,2.5655143,-1.1748307,2.595431
184,-2.967949,-1.0937942,0.17811134,-1.0724323,3.0024536,-1.512047,2.914141
185,0.6886087,-0.1750851,0.13494901,0.12135174,-0.041865535,0.9849646,0.01249581
186,0.8234577,1.0238308,-1.4308747,0.055993214,1.1823798,-0.977047,1.1060721
187,0.1197747,2.1482208,0.35563347,-1.3004421,-0.25563973,1.029136,-0.24571559
188,0.681443,0.596031,-0.042035654,1.1961609,-0.021777539,0.97934645,0.036146853
189,1.3608254,0.98615855,0.33083388,-1.1286156,-0.25023115,1.0291504,-0.24571463
190,-0.11548392,1.9492722,0.307165,-0.7370181,-0.25563973,1.0291872,-0.24572162
191,-0.99691105,-1.0409256,-0.9070817,1.0190822,0.1543285,-1.0996766,0.11701641
192,0.5880817,0.17855047,0.3466812,-1.2520859,-0.25578666,1.0290209,-0.2458729
193,0.6042179,1.0071698,-0.9418086,0.88070273,0.7996491,0.5112548,0.94527435
194,0.34790874,1.0074195,-0.9415724,0.88003576,0.7991599,0.5113351,0.9452666
195,0.4892219,-1.0896136,0.11740909,-0.7051016,0.38709682,0.82014436,0.48692942
196,1.7364777,-1.0527095,-1.1612978,0.69941944,0.35398218,-1.0583082,0.30762288
197,0.6891266,1.6611186,0.48265108,0.10876812,-0.46874595,1.0055572,-0.49816662
198,-0.5830391,-1.0782365,-0.71315956,1.2917696,0.17852707,-0.7140682,0.15774412
199,0.6886087,-0.5488106,-1.5811499,-0.5881478,1.7778798,-1.8276068,1.5829825
200,0.57705957,-0.69265807,0.34846592,-1.299231,-0.25563973,1.0291451,-0.24569756
201,0.6886087,-0.64290977,0.3056054,-1.262105,-0.25563973,1.0291462,-0.24571891
202,0.12618862,0.5686036,0.41565913,0.28232595,-0.38098815,1.011326,-0.39332002
203,1.5511825,0.5661699,0.34637442,-1.2397484,-0.2556305,1.0289153,-0.24570946
204,1.3316194,-0.1468515,1.4207594,1.1295071,-0.888683,-0.51413083,-0.8503317
205,-0.37111855,-1.0368593,-1.6095725,-0.67416805,0.6872647,-1.9286013,0.5600562
206,0.7099192,-0.06442192,-1.3209485,0.3780987,1.2626024,-0.3520379,1.2813143
207,-0.7680894,-0.37470454,1.9693283,0.35584328,-1.8611025,-0.1852523,-1.9005398
208,0.6886037,1.747553,0.42363173,1.7558377,-0.33651134,0.9070679,-0.3378078
209,-1.0131817,-1.0419672,-0.46380058,1.5153676,0.18471053,0.37083238,0.22696884
210,-3.0538473,-1.0663904,0.30221835,-1.1853144,-0.11957155,1.0139459,-0.091441676
211,2.1876428,2.1813233,-1.5277675,-0.21234947,1.0392542,-1.3821341,0.9253449
212,0.3681914,-0.90643746,-0.15769093,1.6085958,-0.102199376,-0.45714608,-0.097879045
213,0.36714852,2.1762319,0.2399341,1.7580452,-0.25563973,0.16878767,-0.24553451
214,0.2673231,-1.0865109,2.006218,0.28316766,-1.8573713,-0.3613273,-1.8273418
215,1.3878582,0.322082,0.42728055,-0.1739607,-0.45273393,0.9865254,-0.47810748
216,0.69443345,1.9526181,1.5056896,-0.32059273,-2.1509585,-0.036744688,-2.252478
217,0.6886147,1.2429911,0.32123235,-1.3299133,-0.25563973,1.0291336,-0.24573863
218,-0.5125351,2.02337,-0.057982862,-0.21286894,0.3712834,0.8201452,0.48691764
219,2.112084,-0.051163174,0.41011795,1.5720495,-0.32587036,1.0209167,-0.32819086
220,0.38841987,0.91225463,0.33883417,-1.3230653,-0.25563973,1.0291419,-0.24572046
221,0.8478397,1.2471094,-1.2982794,0.46267685,0.8043517,-0.713826,0.7579378
222,0.45679292,-1.053069,-1.6059017,-0.7250605,0.47000423,-1.8982702,0.36900806
223,2.0304322,2.1747978,-0.80638456,0.38615206,0.9323459,0.43572897,1.07149
224,-0.14428435,0.38925475,0.3492773,-1.2976104,-0.25563973,1.0291525,-0.24570328
225,0.19208845,0.32790652,-0.24559425,0.3091595,0.3712834,0.82015574,0.48692396
226,-0.13561602,0.8389598,-0.69468224,1.3182089,0.27843064,-0.07934401,0.29337046
227,0.40385345,0.33296642,-0.09515532,0.8716588,0.057821833,0.96147496,0.13100305
228,-1.8874621,-1.0658616,-0.2724512,0.53741103,0.32418644,0.85010636,0.41710138
229,0.65144,1.0059413,-1.1666609,0.7051824,0.34194675,-0.99584347,0.31177974
230,-1.8006824,-1.0559845,-0.11887383,1.5800173,-0.005152132,0.9855733,0.057374135
231,-0.8822483,1.007438,0.20740479,-0.7021808,0.057821833,0.9614288,0.13102189
232,-0.8307301,-1.0513431,-1.0848124,0.862762,0.93540317,0.43451878,1.067363
233,0.2563783,1.2454387,-0.13249812,-0.7908991,1.6251297,-0.17806473,1.7232659
234,-0.60326254,-1.0584884,-0.95783055,0.6492461,1.0232832,0.38617504,1.1367681
235,-0.122205,-0.6968595,0.2842674,1.2375201,-0.24835019,1.0179528,-0.23562697
236,-0.9451419,1.5029584,0.29894397,-1.0803125,-0.24454157,0.9981171,-0.23080905
237,-1.3318946,-1.0728275,0.5139995,-0.14725363,-0.57421136,0.99430275,-0.61742216
238,0.42175522,0.9797398,1.0483806,1.4187611,-0.6181189,-0.7160819,-0.58615386
239,1.563945,0.6096737,2.248535,-0.84537643,-1.7472954,-1.9435459,-1.5639073
240,0.120929,1.7408893,-1.5962256,-0.66569644,0.72058326,-2.0827923,0.55131984
241,0.6348793,-1.1012465,0.3318439,-1.1852876,-0.2528192,1.0291395,-0.24574223
242,0.3585414,1.7475554,-0.32368648,-0.46401632,1.2517937,0.19188018,1.3841537
243,0.6885796,-1.0316232,-1.65049,-1.3135812,1.186255,-2.555348,0.9732742
244,-1.9536731,-1.0750319,-0.8468814,0.009226382,1.4867009,0.0381567,1.5612493
245,1.9802731,-0.04494842,0.5731677,1.7306831,-0.41391826,-0.2994767,-0.40242276
246,0.69387436,2.177354,0.4806311,1.7474933,-0.37258577,-0.063117236,-0.36368594
247,0.02344334,-1.0565238,-1.078535,0.8728948,0.93912655,0.43852043,1.0683122
248,-1.1408149,-1.0825676,-0.59803116,-0.10607421,1.2204467,0.253992,1.3230828
249,1.5411019,0.31846407,0.9527149,-0.42165953,-1.4909606,0.46505776,-1.6153042
250,0.6883337,1.4502811,-0.55832,1.0214882,0.03955852,-0.9740927,0.001920082
251,-0.28147414,2.1758947,0.20235981,1.7304481,-0.25563973,-0.3411303,-0.2489482
252,-1.6369898,-1.0751753,-0.26247343,0.5567908,0.33013856,0.85012776,0.41710925
253,-2.7498572,-1.0495514,0.22390178,-0.257818,-0.12074286,1.0139765,-0.0914454
254,0.78172106,1.6609678,-0.05023471,0.033244412,0.21726915,0.9003232,0.31479466
255,-0.13137521,-1.1001045,-0.96430695,0.6407454,1.019132,0.38621825,1.1367803
256,-1.007917,-0.6601716,0.3186845,-1.2513183,-0.25563973,1.0291469,-0.24571034
257,-0.8796787,-1.0850657,0.2978006,1.7455063,-0.26589546,1.0292226,-0.24597746
258,1.4815146,-0.06790766,-1.3734372,0.28663376,1.5733306,-0.2629033,1.6361433
259,0.6724966,1.25394,-0.94205004,0.23833333,1.2591769,0.17142563,1.3867406
260,-0.51855254,-0.6409024,0.31551713,-1.2509141,-0.25563973,1.0291483,-0.24572456
261,0.6867357,-0.63401526,-1.2671628,0.48832896,0.4931046,-1.1389872,0.4198454
262,-0.12104065,-1.0787975,0.3210744,-1.2995933,-0.23774382,1.0291677,-0.24571148
263,0.23778392,0.3270667,-0.60622966,1.3270776,0.3712834,0.82204026,0.48434594
264,-0.99249357,0.0707567,0.35153916,-1.2680608,-0.25563973,1.0291402,-0.245719
265,0.9451336,0.31211987,1.42864,-0.2901486,-2.0383413,0.051159985,-2.1457953
266,2.0927517,1.0092654,-1.449478,0.01481458,0.47697428,-1.4894989,0.41040346
267,0.40470964,1.0651593,0.18544197,1.1606815,-0.18363193,1.0079402,-0.15839536
268,-1.9244492,-1.0780574,0.28301322,-1.168732,0.4019852,0.82012236,0.48692292
269,0.36892614,1.1770759,-0.16836742,-0.40974236,0.77343553,0.5358901,0.90445316
270,0.7275329,2.2574172,0.7525129,1.5864321,-0.51671875,-0.1465458,-0.50820655
271,1.8472991,1.0131812,-0.29187596,1.6092645,-0.06824304,-0.46806136,-0.06397882
272,0.62378186,-0.30582887,1.4420891,1.1744263,-0.9019014,-0.48289135,-0.86830467
273,1.4926813,0.78608716,-0.28448328,1.5438693,0.08674815,0.5348455,0.12819886
274,2.521187,1.014235,-1.4711249,-0.035115153,0.47922996,-1.4910848,0.41238305
275,0.6886097,-0.6439375,0.305301,-1.2597679,-0.25563973,1.0291272,-0.2457223
276,-0.08538062,2.1762114,0.24098945,1.7581297,-0.25563973,0.16808243,-0.24556983
277,-0.522968,-0.35153237,-1.2632957,0.459026,1.3119533,-0.10905799,1.3405138
278,0.6874785,0.3246838,0.116369605,-1.0463896,2.1744516,-0.76145345,2.2188141
279,0.58468604,2.1799736,1.9483824,0.2861332,-1.3599107,-0.9492083,-1.2781105
280,-0.48665354,2.172228,0.7742604,-0.639205,-1.4121532,0.5084313,-1.532703
281,0.97064984,-0.070980236,1.9127837,-0.6829053,-3.064258,-1.0086583,-3.0730162
282,1.2203523,1.0158446,-1.1643596,0.71020204,0.34054962,-0.99087435,0.31188685
283,-1.727388,-1.0598872,-0.26378784,0.5525949,0.3285318,0.8501223,0.41710058
284,-0.14072308,1.9329811,0.29859668,-1.2938362,-0.25563973,1.0291533,-0.24570674
285,-0.5587706,0.33072874,0.31568018,-1.3307791,-0.25563973,1.0291314,-0.24572392
286,0.34380645,-1.0530468,-1.5997388,-0.69861823,0.46814072,-1.8938788,0.36806843
287,0.6886137,1.4760253,-0.5128306,1.4734157,0.12230815,-0.006682457,0.13880327
288,-0.14425224,-1.0653828,-0.9607726,0.6448089,1.0204935,0.38622254,1.1367663
289,-0.13211897,-0.18437979,-0.4054832,1.5462074,0.057821833,-0.107145146,0.0704529
290,0.12922896,-1.0641679,0.31363225,-0.7134349,-0.25650352,1.0291344,-0.24572216
291,0.3084666,-0.6384016,1.8415738,0.5880139,-1.125942,-1.1145774,-1.0417925
292,0.62305015,-0.69632035,0.34915733,-1.3003743,-0.25563973,1.0291617,-0.24570741
293,-1.4198277,0.33426356,0.20895733,-0.69811374,0.057821833,0.9614474,0.1310087
294,0.16051668,0.327105,0.1610068,-0.8296996,0.3779935,0.8154269,0.4940389
295,-0.5324815,2.1763196,0.31130457,-0.73390895,-0.25563973,1.029184,-0.24570313
296,-1.0035056,-1.0613202,-1.4308138,-0.08803941,0.4295701,-1.8370464,0.34407383
297,0.29244784,-0.66545826,0.8438344,-0.35912865,-1.2840859,0.577625,-1.3993646
298,-0.8571557,0.8389598,1.5827488,0.92670125,-1.2386559,0.5938305,-1.3502748
299,-0.99766487,-1.0475857,-1.3240299,0.31174585,0.35800222,-1.4435157,0.2909753
300,0.28701457,-1.0782478,0.31519726,-0.70976657,-0.2561119,1.0291345,-0.24571946
301,0.6886609,1.9373238,0.8676089,1.4073244,-0.60504335,0.97185993,-0.6585738
302,1.0006628,-0.12549739,0.7295977,1.6764028,-0.50395584,0.20114268,-0.5022642
303,0.13530463,-1.0936033,2.0011735,0.29701954,-1.8593925,-0.35744855,-1.8280009
304,-0.6097658,-0.123802476,0.31495705,-1.332274,-0.25563973,1.0291498,-0.24571107
305,0.6886047,0.7151578,1.6919637,-0.38037926,-2.4467304,-0.33506453,-2.5171833
306,0.5836672,1.9922026,-0.6526242,1.3076748,0.17216012,-0.34511057,0.16752619
307,0.07349104,0.31591275,-0.3898345,-0.25817236,1.0221157,0.3786699,1.1627378
308,-0.5735668,-1.0757084,-1.0882372,0.85954195,0.9343293,0.43755898,1.0676837
309,-0.86659086,-0.36559883,-1.1030155,0.14195536,0.9891836,-0.4549801,0.98833287
310,0.3009074,0.32761306,-0.09498078,0.8709193,0.057821833,0.96148556,0.13100915
311,-0.86834645,-1.0851294,0.29322478,1.725359,-0.2650815,1.0291893,-0.24588957
312,-0.15234944,-0.04563914,0.29880893,-1.2946074,-0.25563973,1.0291502,-0.2457119
313,1.289142,0.5555121,1.4414324,-0.3851248,-2.1630104,-0.05130004,-2.2626448
314,-0.9440177,-1.0616586,0.2983727,-1.2363939,0.16161442,0.92999256,0.24835323
315,-1.9057002,-1.0644624,-0.8487549,0.007784025,1.486222,0.03813413,1.5612473
316,0.58831257,1.9769846,1.8031651,0.61369926,-1.235152,-0.68587255,-1.1788489
317,-0.90663326,-0.8153307,0.35339308,-1.2721127,-0.25563973,1.0291337,-0.24572788
318,0.4358538,2.1152363,1.7135288,0.81450063,-1.028864,-0.84633964,-0.9668138
319,0.5103216,1.7104622,0.34122175,-1.3161583,-0.25563973,1.0291417,-0.24571082
320,-0.15066718,-0.38513866,-1.5887989,-0.61162287,0.89549077,-1.905496,0.7337597
321,0.65680206,-0.52840173,2.0647128,0.05071878,-1.6810008,-1.0140637,-1.5885512
322,-0.12651105,0.3335378,1.3780143,1.2557899,-0.7814719,-0.82620955,-0.73386186
323,-1.4131719,-1.0708051,-0.4742347,-0.69945854,2.3375633,-0.8445454,2.291024
324,-2.749789,-1.0658104,0.16986185,0.4099931,-0.119704016,1.0139965,-0.09143999
325,0.688963,-0.6609471,-1.3967574,0.21116164,1.0854439,-0.7718579,1.0330487
326,0.6821546,-1.2111796,1.4737391,0.71986884,-1.2756503,0.5806928,-1.3904147
327,0.020797469,1.9541914,0.2953195,-0.19834085,-0.25563973,1.0291692,-0.24573088
328,0.74767005,-0.8623862,0.3593831,-1.2804013,-0.2556403,1.0291597,-0.24570772
329,0.32078153,-0.6729129,0.4462005,1.5591073,-0.35888636,-0.7934175,-0.34712517
330,1.3135681,0.85210466,0.3415509,-1.2507973,-0.25587398,1.0290407,-0.24598123
331,0.44046602,0.44294557,-1.2514106,0.41926473,0.39935467,-1.3010666,0.3233395
332,-0.8645864,-1.0488827,0.17986257,1.6841741,-0.26440403,-0.757027,-0.25437313
333,0.3061058,-1.0667326,-1.0722964,0.88196075,0.9428552,0.43780968,1.0687228
334,0.68426347,0.3395942,2.1360328,-0.16510764,-1.8619548,-1.0698234,-1.7610528
335,0.68892086,-0.7351086,-0.18363743,1.6625935,-0.039293405,0.13502808,-0.020586206
336,0.68858564,2.180167,1.7077981,0.81910837,-0.91315836,-1.0206548,-0.84738797
337,0.79246616,0.33734724,-1.1516047,0.7509508,0.72986996,-0.37710088,0.7220353
338,-0.9799106,-0.35517034,-1.3393906,-0.4013597,2.5655143,-1.1748415,2.5954266
339,-0.4681696,-0.7019587,-0.18743767,1.645639,-0.054924585,-0.117401406,-0.04288829
340,-0.14402238,-0.12633072,-0.14117272,-0.7992365,1.6251297,-0.17814296,1.7232417
341,0.6227169,-0.12948129,2.2006683,-0.4370765,-2.4878895,-1.1332207,-2.3827353
342,-1.1945071,-1.0942092,-0.8190213,1.198687,0.38343593,-0.26176012,0.37812465
343,-1.0165242,-0.80992126,0.33888167,-1.2488426,-0.25563973,1.029157,-0.2457011
344,0.31573573,1.9405193,0.30347252,-0.73606735,-0.25563973,1.0291431,-0.24570867
345,-0.13951857,-0.697192,-1.1273609,0.74537003,0.3518017,-1.0763173,0.30503628
346,0.35692438,0.33061603,-1.1285291,0.74229795,0.3439884,-1.0393646,0.30645317
347,-0.62444454,-0.31801194,-1.4322834,-0.079815015,0.56087947,-1.664507,0.42579156
348,-0.44836572,0.32670996,0.6089686,1.720929,-0.43785113,0.202911,-0.43423605
349,-0.8243724,0.5267716,0.34822676,-1.2994609,-0.25563973,1.0291395,-0.24570033
350,0.2902898,1.3339173,0.3168458,-1.2504826,-0.25563973,1.029139,-0.24573451
351,1.0596337,-0.6018062,2.081513,-0.0047206,-1.423559,-1.3586096,-1.3069134
352,0.6886087,-0.79199505,0.32194993,-1.3256905,-0.25563973,1.0291481,-0.24571875
353,0.65685624,-1.0910779,0.11895115,-0.7004443,0.39171863,0.8201249,0.4869185
354,-0.45738435,-1.07737,-0.22186686,-0.05123197,0.5897446,0.7036487,0.68902075
355,0.6827057,0.5070207,-1.0228205,0.79363626,0.53730345,-0.48969227,0.5035471
356,0.077690706,-0.35533518,1.3757511,1.2147588,-0.7965501,-0.7428592,-0.7508952
357,1.5386167,0.51365465,2.2512038,-0.91282356,-1.9634422,-1.957076,-1.7624937
358,-0.75834006,0.16694216,1.8286186,0.604093,-1.103507,-0.9900887,-1.0287797
359,1.5437889,0.54931015,1.7133068,-0.13411638,-2.1477206,-0.032969803,-2.2497501
360,-0.104090415,-0.35414356,-0.89321357,0.33853993,1.1176063,0.2902903,1.2516997
361,2.202455,-0.6856856,-0.60285026,1.3952392,0.07515138,-0.5999118,0.064391956
362,0.3931756,-0.056135695,1.862621,0.5765169,-1.4326236,-0.33562586,-1.4226263
363,-2.6008685,-1.0728481,0.16967201,0.40940237,-0.11986099,1.0139807,-0.0914375
364,-0.16497956,-0.044820163,0.30058023,-1.2942672,-0.25563973,1.029133,-0.24570225
365,0.11712782,0.35907298,1.5086133,1.0247295,-1.0153801,-0.31948793,-0.991166
366,0.6886087,2.164649,-1.4526068,0.017417233,0.7974738,-1.3216132,0.7000133
367,-0.5269659,-0.6433728,0.3161188,-1.2520145,-0.25563973,1.0291297,-0.24571697
368,0.3824295,1.1771688,-0.26478195,-0.4077953,0.99902827,0.37885076,1.1333457
369,-0.0329681,0.3185412,-1.5563041,-0.3530169,1.7754132,-1.4259279,1.6314578
370,-0.14795807,1.131667,-0.40758058,0.73296356,0.36995476,0.820568,0.485385
371,-1.4139649,-1.0926896,0.8953393,-0.12372936,-1.2190448,0.57721037,-1.3642867
372,-0.6968386,-0.77871907,0.30391037,-1.2605892,-0.25563973,1.0291553,-0.24571376
373,0.289812,-0.5894518,-0.22439243,-0.7558403,1.8126166,-0.34987584,1.8979723
374,-0.11575493,-1.0770512,-0.32804555,1.5933663,-0.0036730953,-0.35964322,0.00042271972
375,0.58203214,-0.2107791,0.28691614,1.7515737,-0.28625786,-0.19848673,-0.2768644
376,0.058044415,1.6621567,0.30059013,-1.2870868,-0.25563973,1.0291374,-0.24573073
377,-1.8876379,-1.0690827,-0.09448056,-0.562531,0.91103894,0.4554149,1.007329
378,-0.85420465,-1.0755907,0.29406247,1.7355663,-0.26534033,1.0292239,-0.24592187
379,1.5561962,-1.0625687,-1.154358,0.7084743,0.35665613,-1.0778656,0.30602217
380,0.66605353,1.3483973,1.5718178,1.0357513,-0.8940743,-0.82894343,-0.8390962
381,1.105811,1.1048088,1.4837232,-0.34615493,-2.1950865,-0.08081951,-2.2921765
382,-0.259457,-0.35181198,-1.4585347,-0.041149646,0.65626097,-1.5532328,0.53822863
383,0.093037955,-0.6041495,-0.24902478,0.3255979,0.3712834,0.8200947,0.4869165
384,-2.7474394,-1.06975,0.1687866,0.41032404,-0.11930175,1.0139694,-0.09144916
385,-1.0168012,-0.7918592,2.0717785,-0.52716416,-3.0006137,-0.9337765,-3.0161142
386,-0.14844388,0.2953877,-0.8604153,1.0170816,0.26886785,-0.75373846,0.23315959
387,-1.8466429,-1.0891126,-1.0681828,0.88206893,0.5847225,-0.56769377,0.5540587
388,-0.051561464,0.2837464,-1.0213468,0.9165421,0.4920442,-0.4825911,0.47103024
389,-0.08724357,-1.0746559,-1.6375589,-0.96940535,1.2258275,-2.2062542,1.0219882
390,-1.0319628,-1.057738,0.5144231,-0.14779522,-0.5741777,0.9942877,-0.61741775
391,-0.09798866,2.111441,-1.0264434,0.8306273,0.34122065,-0.83611745,0.29435918
392,0.7161133,0.19478089,-0.18915738,1.651754,-0.070624515,-0.12676665,-0.059465036
393,0.6806249,1.1242414,-0.63954985,1.0058943,0.4855298,0.70663774,0.5973751
394,-1.0768201,-1.0380867,-1.5231712,-0.35908127,0.42317575,-1.7915428,0.33415726
395,0.6886087,1.1942934,0.29784092,-1.2653556,-0.25563973,1.0291295,-0.24572656
396,1.4919716,1.2409127,-1.5249515,-0.22346994,0.62277395,-1.5699357,0.5275586
397,-0.044207025,0.73712754,0.29988393,-1.2917241,-0.25563973,1.029145,-0.24573132
398,0.28269345,0.13105662,0.28246933,0.28129002,-0.24864802,1.0203867,-0.23622996
399,1.5558921,0.6095884,-0.038884364,1.7084405,-0.13203642,-0.06864307,-0.12031865
400,-1.96301,-1.053831,-1.0595584,0.87313896,0.42012125,-0.8065763,0.38421127
401,-0.043648943,-1.0836442,-1.496742,-0.08539185,1.9562154,-0.93484473,1.8901527
402,-0.35364637,-0.32953954,0.50051373,-0.676417,-0.81056404,0.8806644,-0.8939489
403,0.20871548,2.1745017,0.31379005,-1.324464,-0.25563973,1.0291322,-0.24571943
404,0.6886087,1.0444713,0.018467141,-0.653655,0.6407113,0.6310667,0.7708214
405,0.6886087,0.8712592,-0.07442824,1.6495532,-0.14740348,-0.42554808,-0.14317599
406,-0.934972,-1.0820211,0.29389632,1.7275386,-0.26546475,1.0292137,-0.24587487
407,-0.18051954,-0.04688103,0.29938772,-1.29469,-0.25563973,1.0291544,-0.24570422
408,-2.7519963,-1.0620775,0.27839488,-0.9158375,-0.120740704,1.0139828,-0.09145094
409,-1.1959485,-1.058374,0.51468754,-0.14955766,-0.57384664,0.9942908,-0.6174086
410,0.58865887,0.32682094,0.26820105,-0.27476764,-0.21105328,1.0182484,-0.19103031
411,-0.081238165,-1.082773,0.32292056,-1.3005242,-0.23707548,1.0291383,-0.24572627
412,1.1338215,1.5357589,1.1088675,-0.9504028,-2.7685497,-0.68204224,-2.8032942
413,-2.9338417,-1.024418,-1.6204519,-0.74164736,2.0219781,-2.0732617,1.7667494
414,0.6886087,1.1988697,0.3003563,-1.264417,-0.25563973,1.02916,-0.24569666
415,-1.7347596,-1.0692824,-1.3283232,0.29458234,0.3577163,-1.4373531,0.29103753
416,-0.69238,-1.0397282,-1.6127908,-0.68568134,1.0202401,-2.0301397,0.8508084
417,-2.9946485,-1.0778515,0.17878471,-1.0744216,3.004083,-1.5120574,2.914139
418,0.5481186,1.7475554,0.48593667,0.72711897,-0.43075353,1.011728,-0.45321134
419,0.6394242,-1.0750943,0.16301315,1.7374132,-0.22743835,-0.20525278,-0.21839184
420,0.3609795,-1.0623863,2.0007854,0.29778427,-1.8610233,-0.36192054,-1.827234
421,0.03052074,-1.0666436,-1.1722099,0.632003,0.2865659,-1.2616026,0.23598294
422,0.6886087,1.9479378,1.1302415,1.4804986,-0.74348426,0.6092704,-0.7889109
423,-0.15038712,-0.046798263,0.2991852,-1.2949373,-0.25563973,1.0291542,-0.24569678
424,-0.43436348,-0.19063711,0.3526064,-1.2426325,-0.25589994,1.0280845,-0.24595664
425,1.8766646,2.1751232,-0.58567315,0.5562644,0.5956826,0.67313766,0.72660726
426,0.65035,-1.0798705,0.117561564,-0.704836,0.3872484,0.8201192,0.48692092
427,0.715767,-0.073135845,0.11332048,0.33876818,-0.064084545,0.9893632,-0.013956121
428,-0.154371,-0.18377268,-0.40452105,1.5440202,0.057821833,-0.112718135,0.07018342
429,0.36948422,2.1820953,-1.5975542,-0.6345998,0.93043226,-1.9044882,0.72902966
430,-0.09870533,-0.12007151,0.9360828,0.16350107,-1.0404377,0.7439321,-1.1445023
431,-0.098746486,-0.1712958,0.52877855,-1.2134216,-2.4448645,-0.3205061,-2.5191066
432,2.1324458,1.7474313,0.29903743,1.7656896,-0.27201954,0.9146639,-0.26276943
433,1.04038,-0.13620463,-1.5891209,-0.59683335,1.3438398,-1.8860449,1.1496147
434,-1.350499,-1.0808458,0.51448953,-0.15011229,-0.57382715,0.99427843,-0.6174135
435,0.5330895,2.030021,-0.5850815,1.3896606,0.11039133,-0.4661874,0.10443728
436,-0.71434194,-1.0719286,0.30091214,0.9601085,-0.25921637,1.029123,-0.2457165
437,0.68860567,-0.83956796,-0.49044666,-0.77650917,2.4988415,-1.1010177,2.530515
438,-1.2073139,-1.0745847,-0.4682567,1.4771168,-0.0039416873,-0.7822765,-0.018574419
439,-1.1650794,-1.0789269,-1.573321,-0.46065107,0.546727,-1.931531,0.44094804
440,0.6886097,1.9438052,1.6370935,0.9597239,-1.1436312,0.0015646438,-1.1621668
441,0.3700202,-0.8456697,1.60096,0.92393965,-0.87268794,-1.030638,-0.8090038
442,0.27689785,0.20145857,1.8245674,-0.80898637,-3.215319,-1.1773002,-3.2165415
443,-0.10823889,1.0967346,0.30820796,-0.7312861,-0.25563973,1.0291965,-0.24572855
444,-0.63221556,1.1652592,0.06840357,-0.33463773,0.19977717,0.903645,0.2941867
445,0.66141826,-0.5823477,-0.32135928,1.59561,0.057821833,0.17841686,0.08212143
446,0.6901334,-0.07081846,1.4714179,-0.3211175,-2.1268141,-0.02699243,-2.2274895
447,-1.9190872,-1.0840764,0.03207073,-0.4332512,0.39652294,0.8201219,0.48692325
448,-0.784051,-0.4112408,-0.38497385,-0.068937495,0.7965912,0.5183788,0.93161637
449,0.6886037,0.17583497,0.35044485,-1.2658525,-0.25563973,1.0291467,-0.24571735
450,0.47082025,-1.0917765,2.0049565,0.28585827,-1.8561848,-0.35694915,-1.8280886
451,0.68805265,-0.6119681,1.2142937,1.3531445,-0.7100108,-0.6874009,-0.6727747
452,0.48081154,0.3376732,2.1230214,-0.104156755,-1.9461967,-0.92790407,-1.8642457
453,0.36924332,0.13627814,0.30071408,-1.2986441,-0.25563973,1.0291523,-0.24571106
454,0.6886087,0.54061556,2.0188446,0.21832262,-1.9612509,-0.11036816,-2.0245247
455,0.4843718,-0.12607746,2.1800742,-0.37082267,-1.8248392,-1.469715,-1.6793894
456,0.22545192,0.25527886,-0.09617601,0.8704485,0.057821833,0.9614733,0.1310166
457,-1.4421761,-1.0615785,-1.0372056,0.93079096,0.55965537,-0.43546942,0.5444167
458,0.6886087,-0.30078536,0.3508548,-1.2665869,-0.25563973,1.0291442,-0.24571462
459,0.4362553,0.89016855,0.33735943,-1.3212622,-0.25563973,1.0291466,-0.24569564
460,1.4176424,0.15680969,1.2340597,1.393771,-0.8190179,0.36551133,-0.8496129
461,0.33639076,0.31829512,-0.6577064,0.2312178,0.90817934,0.4460282,1.0458534
462,-1.5039897,-1.0448079,0.18185727,-0.6687987,0.13508593,0.93903345,0.2042375
463,0.2922491,0.0041724313,0.33734837,-1.2511832,-0.25563973,1.0291489,-0.2457156
464,0.55552626,-1.0835233,0.117852345,-0.7027715,0.38928726,0.820134,0.4869064
465,-0.05213761,-1.0729604,-1.1702775,0.63689727,0.2867387,-1.2604592,0.23605667
466,-0.09854875,-0.5817842,-1.3350211,-0.24673171,2.328952,-0.9262846,2.3643079
467,-0.99549174,-0.35811242,0.29989222,-0.15427248,-0.25563973,1.0291495,-0.24572106
468,-1.7771106,-1.0436,-1.6393653,-0.92427117,1.9056872,-2.3760211,1.6142135
469,-0.12612963,0.3371916,1.3011348,1.3304461,-0.7426338,-0.7803465,-0.69971275
470,-0.09272402,2.1015007,-0.05699572,0.27552992,0.12933339,0.93553144,0.21397509
471,-0.17334376,-0.54908454,-1.1898941,0.6869716,0.99820656,-0.10740276,1.039743
472,-0.7922596,-1.0790383,0.18226378,1.6821091,-0.26344147,-0.7732185,-0.25511912
473,0.36372373,1.5195346,0.33251554,-1.247551,-0.25563973,1.0291395,-0.24572864
474,-0.7574417,0.17176197,2.190539,-0.43600303,-1.5612669,-1.6543093,-1.4137878
475,1.5308979,1.2567269,-1.1331633,0.76519793,0.42138216,-0.7677519,0.37733057
476,0.7090038,0.6059643,-1.4204423,-0.077697664,1.9376525,-0.72269803,1.9523777
477,0.7978211,0.7784961,1.0512904,1.5216386,-0.6961711,0.2837246,-0.71281904
478,0.26924428,-0.12762529,-1.5373241,-0.2882617,2.0280664,-1.3201668,1.9115951
479,0.4081886,-1.0688413,0.31235844,-1.2508485,-0.19082093,1.0601177,-0.25725687
480,0.6233011,-0.336799,0.35574666,-1.3000274,-0.25563973,1.0291425,-0.24570742
481,-1.0881615,-1.0450242,-1.1193807,0.7861951,0.4921674,-0.76720583,0.44758555
482,0.6886087,-0.7850982,1.4018719,1.2340469,-0.93286216,-0.047907326,-0.93446696
483,0.7441579,-0.66832346,1.0252157,-0.7559602,-2.1844423,-0.08073537,-2.2800086
484,0.7844894,0.98659873,0.33046705,-1.1290312,-0.25020465,1.0291444,-0.24571101
485,0.43430805,-0.5347481,-0.008181392,-0.8275102,1.2015787,0.23085725,1.3352594
486,1.1750413,0.32352638,0.638749,1.7017124,-0.4435965,0.97669446,-0.46667093
487,0.35050744,0.8903153,0.33821878,-1.3236806,-0.25563973,1.0291463,-0.24573971
488,-1.5305377,-1.0641949,-1.4267492,0.13214806,1.7697724,-0.5295427,1.7738484
489,-1.1431737,-1.0876269,0.5149946,-0.150568,-0.5739385,0.9943081,-0.6174215
490,0.6750772,1.0024495,-1.1639252,0.7105791,0.34251454,-0.9978999,0.3119274
491,-0.15266763,-0.044484638,0.30074492,-1.2944591,-0.25563973,1.0291446,-0.24572287
492,0.6872858,1.936042,0.55571383,1.4446075,-0.41236195,1.0050586,-0.43034112
493,1.4696945,0.11203375,1.9678138,0.35080054,-1.5432093,-0.5643624,-1.5056609
494,0.4369539,0.35445666,0.73868763,-0.6895682,-1.4535356,0.4913281,-1.5776044
495,0.9988681,1.4716909,-0.599089,1.4119973,0.22127447,0.17810671,0.2513266
496,-0.6009168,-1.0477223,-1.618389,-0.78871447,0.6196509,-1.9771876,0.49701768
497,0.29026672,-0.5815801,0.32266203,-1.2471665,-0.2556398,1.0291371,-0.2457079
498,-0.043443177,1.2558273,-0.39829692,1.5537416,0.057821833,-0.083882645,0.07122193
499,-0.13862425,-1.0718277,-0.22141105,-0.049788114,0.59063256,0.7036568,0.68902194
500,0.42900226,-1.0696616,0.31567505,-0.70941937,-0.2560615,1.0291532,-0.24571055
501,0.8753694,1.0100746,-0.29062977,1.6090361,-0.06804899,-0.47785157,-0.06416969
502,-2.9912186,-1.0853848,0.07966418,-1.0427333,3.0042672,-1.5120535,2.9141448
503,0.6422076,-0.24825488,-0.18258432,0.007860903,0.42135182,0.79391646,0.5421154
504,-0.4859479,0.97646624,1.7324979,0.76850003,-0.9679195,-1.1066287,-0.8941085
505,0.33603445,-1.0607717,-1.1843426,0.6123065,0.29068246,-1.2636721,0.23670888
506,0.43192917,0.89074045,0.33776826,-1.324114,-0.25563973,1.0291483,-0.24570158
507,0.6886087,1.0700564,0.3211573,-1.3301636,-0.25563973,1.0291623,-0.2457009
508,-1.242451,-1.0486214,-1.6104689,-0.7347265,0.507663,-1.9956104,0.3990585
509,0.61624473,1.7090229,0.3426244,-1.3168951,-0.25563973,1.0291493,-0.24573578
510,-1.6827134,-1.0699341,-0.46078885,1.5199116,0.1846035,0.36732906,0.22687654
511,-0.89999247,-1.0820699,0.28700617,-1.1672573,0.20040399,0.9187695,0.27636918
512,0.5592672,1.5063044,2.0357637,0.0055547515,-2.309078,-0.1943636,-2.394596
513,-1.0002536,-1.039143,-1.5521626,-0.43806395,0.4280973,-1.8002511,0.3377474
514,0.31392094,1.255828,-0.39841104,1.5529642,0.057821833,-0.08053164,0.071439564
515,0.41314408,1.915776,-1.1604382,0.44153967,1.3168718,0.14249927,1.4472064
516,-0.19740954,2.1797917,0.2075857,1.7020072,-0.25563973,-0.35485065,-0.25314274
517,-0.28094015,-1.0671649,-0.7921553,1.2430365,0.30990893,-0.2940214,0.3096024
518,-2.7498572,-1.0646594,0.2518484,-0.5860084,-0.12154315,1.0139703,-0.09143586
519,-0.99740887,-0.3350008,0.20785391,-0.69903547,0.057821903,0.96145326,0.1309996
520,0.6886087,-0.7987604,1.0996631,1.1445012,-0.82377106,0.86911833,-0.90745604
521,-0.6997475,-0.4102578,-0.080968864,-0.72605926,1.1713991,0.25582573,1.3063585
522,0.6355076,-1.1356212,0.35101014,-1.3009207,-0.25563973,1.0291455,-0.24571079
523,0.6878308,-0.52815205,-0.6378325,0.47912532,0.7119866,0.586959,0.8448205
524,0.3718942,1.0072908,-0.9315211,0.9010815,0.8057977,0.51085746,0.9455848
525,0.24315295,0.34567675,0.3644337,-1.0628737,-0.648864,0.94714695,-0.7082034
526,0.3257792,2.1870549,0.9272552,-0.024062574,-1.021146,0.71097785,-1.1105415
527,0.41768906,-1.0651451,0.3153068,-0.709589,-0.2561594,1.0291519,-0.24570893
528,0.28743315,0.13927975,-1.2685494,0.3092516,0.38185054,-1.4182268,0.28865194
529,0.6231977,2.1865232,-0.049846567,0.32290587,0.14839594,0.8869695,0.22641411
530,-2.7498572,-1.077438,0.25263086,-0.584599,-0.12055223,1.0139555,-0.09143048
531,-0.48225614,1.1424302,-1.2722014,0.4978755,0.68006134,-0.9248578,0.6145949
532,-1.2995269,-1.041536,-1.5013987,-0.2897517,0.42163938,-1.795161,0.33406815
533,0.6675742,0.6095884,0.34231693,-1.3111511,-0.25563973,1.0291235,-0.24572597
534,0.11549373,0.38040385,-0.16987872,0.12550956,0.3727746,0.8112719,0.48486066
535,0.68849224,-0.83659583,0.38939542,-0.44741306,-0.36341745,0.995387,-0.3746019
536,-0.99913937,-1.0482936,-0.92138124,1.0790018,0.67968625,0.42486235,0.7830037
537,-0.7949567,-1.0538553,-1.2107024,0.53867894,0.28568438,-1.3895446,0.23197283
538,0.72679615,1.6612295,0.36436784,0.28508952,-0.33109182,1.02015,-0.33435044
539,0.6886087,0.16239256,-1.4548453,0.013134017,0.6999514,-1.350996,0.6062291
540,-1.5577191,-1.0708181,-0.8508392,0.0051266854,1.4848642,0.038165092,1.5612447
541,0.6885816,-0.6395375,-1.3907518,0.18402676,0.6680797,-1.2633173,0.57979524
542,-0.14264424,0.4186473,0.3425337,-1.3051491,-0.25563973,1.029146,-0.2457039
543,0.3303392,1.9583994,-1.0476193,0.6084029,1.0879151,0.33153477,1.2278026
544,0.035422023,-1.0697418,0.31184584,-1.251486,-0.19121443,1.0601057,-0.25727487
545,0.34195954,1.7475554,-0.16156536,0.5739228,0.17685902,0.91960174,0.26892516
546,0.29458782,-0.5826911,0.9658705,-0.54209477,-1.7393404,0.26789334,-1.8552707
547,0.6886087,0.17405148,0.3502739,-1.2645308,-0.25563973,1.029135,-0.24572366
548,-1.8825328,-1.0395639,-1.6044813,-0.6333709,0.68830365,-1.9183636,0.56055707
549,-0.44017717,-0.6112927,-0.8208198,0.08369661,1.3116682,0.14752364,1.4429548
550,-1.0000327,-0.36188495,-1.5241203,-1.0851634,1.1573111,-2.2459333,0.9525174
551,0.22427453,-0.67204684,1.936905,0.4340437,-1.6597677,-0.32744917,-1.6626133
552,-2.7472556,-1.0756832,0.1356268,-1.0468776,2.0215735,-0.4766,2.0137987
553,1.3166114,0.6095853,0.010391071,1.7233342,-0.15578902,-0.0031644788,-0.14371753
554,1.9116983,1.0179045,-0.28204212,1.6127603,-0.06865843,-0.50268185,-0.0648593
555,-0.6407243,-1.0588162,-0.64958936,-0.7089888,2.6395268,-1.1748612,2.5954154
556,-1.0908344,-1.0669773,0.022483045,-0.9992024,1.2910309,-0.009931122,1.3783885
557,0.08152702,1.5802046,1.5513403,0.9551019,-0.99825704,-0.6271255,-0.9496938
558,-2.7464967,-1.0720139,-1.4324495,-0.5013495,2.9632597,-1.5120388,2.914139
559,0.70349425,-0.64401597,0.30593315,-1.2586105,-0.25563973,1.0291471,-0.2457392
560,0.49205247,-0.6144187,0.3387497,-1.322937,-0.25563973,1.0291467,-0.24573681
561,0.6727084,-0.84247303,0.35884848,-1.2867197,-0.25563973,1.029149,-0.24570428
562,-2.4919872,-1.0807407,0.28312507,-1.1691105,0.4018826,0.8201213,0.486925
563,0.6129796,1.0095335,-1.1589304,0.71774465,0.3416435,-0.9997587,0.3115987
564,-0.46218124,-1.070664,-1.1297538,0.7419085,0.34971517,-1.0768319,0.30457807
565,-1.0004823,-0.11087293,-1.6215256,-0.8399502,0.68474495,-2.1361008,0.5492418
566,-0.0439049,-0.55925167,-0.72891635,-0.57714564,2.2520528,-0.84463644,2.2910092
567,0.6839925,0.18333624,1.5292606,1.0644214,-0.841536,-1.0014862,-0.78236413
568,-1.6396236,-1.067747,-0.47329965,1.5105877,0.18227166,0.39064804,0.22812031
569,0.08916451,0.5607695,0.28622043,-0.353192,-0.2352924,1.0222634,-0.22059876
570,0.28752148,-0.049461603,1.4134201,1.0222249,-1.1011885,0.6935234,-1.2050604
571,0.5669639,-1.0596838,-1.3650044,0.21284097,0.4888994,-1.448307,0.38625857
572,-2.3199124,-1.0741136,-0.09453218,-0.56378436,0.9128634,0.45539927,1.0073378
573,-0.15254016,-0.55293393,0.29773837,-1.2737347,-0.25563973,1.0291446,-0.24570905
574,-0.7664764,-1.0469166,0.18472427,1.6775564,-0.2650626,-0.8263884,-0.2560232
575,-2.7448316,-1.077709,0.28309834,-1.1692047,0.40239382,0.8201226,0.48692453
576,0.2937226,-1.0816482,-1.1565859,-0.4638714,2.4759524,-1.0811127,2.5064692
577,-0.61034197,-1.0748737,-0.95590436,0.65292054,1.0233601,0.38619572,1.1367723
578,0.30784428,-1.0652379,0.31191725,-0.7125759,-0.25594682,1.0291578,-0.24570476
579,-0.76120275,0.3284979,0.30123493,-1.2657326,-0.25563973,1.0291606,-0.24570271
580,0.32364824,1.2882198,0.97335964,1.5297569,-0.6100385,-0.44855708,-0.58749056
581,-1.4725654,-1.0417454,-0.11879827,1.5811092,-0.004593927,0.98560303,0.057343017
582,0.19334514,0.10709064,0.6325186,1.6534657,-0.44701952,-0.35131094,-0.4325128
583,0.6885987,-0.30078536,0.35116136,-1.2656482,-0.25563973,1.0291463,-0.24571511
584,0.04625945,0.33696145,0.32885036,-1.3267046,-0.25563973,1.0291371,-0.24572016
585,-2.2177422,-1.0768048,0.28318623,-1.1691775,0.4027155,0.8201174,0.48691973
586,0.68406075,2.1813838,1.4932929,1.1255397,-0.81036496,-0.7918649,-0.7624221
587,-0.62264484,-0.04127149,0.30048043,-1.2811381,-0.25563973,1.0291433,-0.24572672
588,-0.14382565,-0.5513759,0.29966712,-1.2741083,-0.25563973,1.0291452,-0.24571958
589,1.4986976,0.32821023,1.7207345,0.703565,-1.4601506,0.45273355,-1.578153
590,0.6877535,-0.63355094,-1.0954047,0.79562455,0.4188209,-0.8728688,0.36724725
591,-1.515064,-0.3775136,-0.8109755,1.207964,0.3712834,-0.19956872,0.3793159
592,0.6886077,-0.5283761,-1.4645982,-0.016694656,1.114599,-1.1721855,1.0165097
593,0.69036525,-0.59597325,-0.42355505,1.4964755,0.08747078,-0.10376815,0.09740542
594,-0.14398725,-0.6859935,1.742392,0.07604998,-2.01657,0.05296199,-2.1214573
595,-0.8721205,1.5899622,0.34178686,-1.3214326,-0.25563973,1.0291406,-0.2457039
596,0.6886077,1.7059057,-1.4966215,-0.10085939,1.1244123,-1.1990862,1.0225488
597,1.4527282,-0.68765914,-0.5050824,-0.37249628,1.4265354,0.04657527,1.551146
598,-0.085161805,-0.18250343,-0.40130743,1.5499315,0.057821833,-0.11768797,0.070360735
599,1.1396904,-1.0944437,-1.1846799,0.67220336,0.35548,-1.04782,0.3092945
600,0.52301997,-0.43735364,-1.5023952,-0.20024279,0.8921882,-1.612748,0.75744355
601,1.1948302,0.5311126,1.9570692,0.3939506,-1.8350554,0.14733942,-1.9383326
602,-1.2228941,-0.11350789,-0.91543037,1.0653694,0.45966545,-0.34546804,0.45234677
603,0.44937024,0.03704713,0.3354824,-1.227616,-0.25762582,1.0271776,-0.24769652
604,0.16052572,1.3594248,-0.13207078,-0.79189324,1.6251297,-0.17808293,1.7232664
605,-0.08650381,-0.17242843,0.55326605,-1.2608433,-2.8133574,-0.7397057,-2.840536
606,0.45709807,2.2598088,-1.4055371,0.077618,0.8470655,-1.2533432,0.74282175
607,0.5552783,1.404062,0.33696786,-0.19104047,-0.28315026,1.0101116,-0.27648318
608,-0.92642206,-1.0811044,-0.22303534,-0.053239677,0.5885752,0.7036394,0.6890196
609,0.78945893,-0.6104061,-0.40121862,1.517218,0.008402847,-0.48908332,0.006672369
610,0.6876973,0.12678458,0.79576474,1.6590048,-0.5260479,-0.07669212,-0.51611626
611,0.39592385,-0.36748782,-1.4471698,0.053607985,1.4690483,-0.8794029,1.4056747
612,0.6878057,0.15609333,-0.48570216,1.4818591,0.054787252,-0.33595166,0.057885833
613,1.4419159,0.52273965,1.2469572,0.13753328,-1.3646275,0.5394649,-1.484774
614,-0.8067868,1.0382687,-1.3551973,0.33037508,1.6251297,-0.1694845,1.7189051
615,0.74475217,-0.35193923,-0.62111926,1.3900119,0.28625652,0.3977715,0.33977523
616,0.2636424,0.19981259,0.31629685,-1.3282636,-0.25563973,1.0291529,-0.24572118
617,-0.91150844,-1.066387,-0.6442607,-0.71611524,2.657449,-1.1747934,2.595429
618,-2.725621,-1.0838317,0.28325358,-1.1692027,0.40239322,0.8201293,0.48692077
619,0.81340325,1.714799,-1.311625,0.4345858,0.82295656,-0.69331455,0.77983886
620,-0.55283743,-0.56556445,-0.23950659,0.34412128,0.3712834,0.8201162,0.48691484
621,-0.10361866,-0.34690788,-1.4093904,0.1352215,0.86787796,-1.1942703,0.7748503
622,1.231242,1.2432019,1.1762183,1.4314145,-0.7146804,-0.3081465,-0.69408244
623,-1.9566573,-1.0538231,-1.5904127,-0.5442216,0.68507737,-1.885874,0.5617022
624,0.6304096,-0.30078536,-1.3092686,0.4044051,1.2046927,-0.6204426,1.1778796
625,-1.252093,-1.0711969,0.28692916,-1.1672719,0.20012571,0.91876745,0.27636898
626,0.37805218,0.60761744,0.30050394,-1.299079,-0.25563973,1.0291303,-0.24570332
627,-2.751125,-1.0494286,0.27807534,-0.91642207,-0.12107728,1.0139812,-0.09143262
628,0.6593827,-1.0540891,-1.0934634,0.72566366,0.36413908,-1.1182505,0.29674733
629,0.6886087,1.19895,0.29901356,-1.267281,-0.25563973,1.0291364,-0.24573562
630,0.26418743,-0.35491636,-1.1035355,0.7169246,0.5728311,-0.6663402,0.53405493
631,-0.13883905,-0.1755564,-0.41264224,1.5402795,0.057821833,-0.09025802,0.07082132
632,-2.7429276,-1.0207316,-1.6053644,-0.6417817,0.98641473,-1.9579085,0.82720983
633,-1.664655,-1.0655128,-0.3477601,0.8383658,0.32709783,0.85012865,0.41710612
634,-2.061929,-1.0381453,-1.6346408,-0.88725173,0.93723184,-2.1386921,0.7705553
635,0.6886087,-0.67031765,-1.5425681,-0.33695877,0.8343225,-1.6037451,0.719058
636,0.6832136,1.574737,2.2243621,-0.584972,-1.9598479,-1.6326072,-1.790265
637,-0.56811947,-1.090622,0.2936757,1.7313217,-0.26511455,1.0292017,-0.24588734
638,0.65646076,1.9200519,-1.3077148,0.27891675,1.5864298,-0.120661296,1.690185
639,1.5651125,0.5714763,-1.4797789,-0.05589068,0.78031814,-1.3377556,0.6840964
640,0.6885926,-0.624071,-0.51656395,1.4713752,0.12840973,-0.09955945,0.14147888
641,0.10223427,0.32280883,-0.6507617,0.15097955,0.9971297,0.38693967,1.1356645
642,0.34835842,-1.0440574,-1.6156467,-0.7631891,0.51118755,-2.013343,0.40476197
643,0.69024885,1.2428238,0.32117647,-1.3274835,-0.25563973,1.0291384,-0.24571559
644,0.6699832,-0.06722259,0.9974633,-1.1441655,-3.1818204,-1.1370059,-3.1843271
645,0.58295554,-0.6300169,-0.15781052,1.2942578,0.04620738,0.96864235,0.11773273
646,0.36991182,0.14020202,0.30000257,-1.2971984,-0.25563973,1.0291406,-0.24572195
647,1.4861649,0.32580733,1.1703517,-0.24128045,-1.6286994,0.35989797,-1.7499906
648,-0.12495726,1.9530631,-0.23992363,0.286694,0.3712834,0.8201077,0.48692462
649,-0.014192058,0.7644609,-1.4638186,-0.18480115,1.9015602,-0.9646506,1.8595499
650,0.33104584,0.19732334,0.3148695,-1.3300958,-0.25563973,1.0291504,-0.24571306
651,-1.8008631,-1.0747637,-0.09454404,-0.56374776,0.91288304,0.45544112,1.0073282
652,-0.61011213,-0.3170748,-0.7795275,1.0105035,0.35476127,-0.43729293,0.32902053
653,0.6573682,1.6373117,-0.7393597,1.2121768,0.17585167,-0.65108335,0.15409912
654,0.3784587,0.13980749,0.30056372,-1.2986652,-0.25563973,1.0291431,-0.24570182
655,0.6906483,-0.80752045,-1.6077434,-0.6683172,1.0377738,-1.9219398,0.7980983
656,0.685477,2.1788423,0.6833826,1.6904035,-0.45457697,-0.4229425,-0.44019815
657,-2.7306898,-1.0706878,-0.09475418,-0.56315976,0.9122321,0.4554329,1.0073441
658,-0.8862763,-1.0587102,-1.5990016,-0.61188406,0.54724616,-1.9531002,0.44127893
659,0.049830776,-0.3517612,-0.2474453,-0.026421385,0.55854845,0.7018436,0.68757164
660,-0.11038891,0.3294364,-0.7030742,1.3231316,0.3712834,0.29063216,0.4225195
661,0.64486855,1.9235744,0.30022663,-1.2691396,-0.25563973,1.0291585,-0.24570695
662,0.54100806,1.7158538,0.33953294,-1.3148195,-0.25563973,1.029135,-0.24572414
663,-0.11931421,2.1764488,0.18423137,1.7004552,-0.25563973,-0.5060428,-0.25302976
664,0.05248066,1.7467995,-1.2022194,0.6528343,0.8369675,-0.34391952,0.83576155
665,-1.9897478,-1.0779382,0.2667065,-0.78499514,-0.11960623,1.0139732,-0.091454476
666,0.51293135,1.6343282,2.1415057,-0.2461188,-1.6955944,-1.3086436,-1.5699979
667,0.5355106,1.7475554,0.49411514,1.4585254,-0.3793952,1.0085958,-0.39133474
668,0.6786516,-0.87877786,0.07566686,0.37966654,-0.030843917,0.9888542,0.026990937
669,0.6886087,1.9475828,-1.0512811,0.67374605,0.2532584,-1.2023168,0.19521007
670,-0.48225212,1.9531237,-0.08127016,-0.77854806,1.3326306,0.08201385,1.4510555
671,-0.14444697,-0.34472388,0.92332286,0.5710439,-0.83266205,0.8688752,-0.91798645
672,0.5604446,0.13704222,0.3415871,-1.321675,-0.25563988,1.0291382,-0.24570636
673,-1.0103412,-1.0666107,0.5153857,-0.15300527,-0.573263,0.99427956,-0.61741287
674,-0.14447005,0.33602995,-0.9678568,0.9762914,0.26550102,-0.975321,0.21282278
675,-0.85473365,-1.0697169,-0.8567433,1.179473,0.6013467,0.4605154,0.6948132
676,1.1099415,0.9863884,0.3309512,-1.1279551,-0.25024918,1.0291457,-0.24570759
677,-1.79465,-1.0755284,0.2674446,-0.7843328,-0.12108819,1.0139756,-0.091428936
678,-2.7498472,-1.0555457,-1.1055517,-0.6235556,2.95759,-1.5120894,2.9141603
679,0.32512775,-0.5790729,-0.6439255,0.18110596,0.99820656,0.38617527,1.1367728
680,-0.24089074,0.3267929,1.6007411,1.0071039,-1.0968223,-0.17889228,-1.0924714
681,1.5197623,1.2416035,-1.4456791,0.07671291,0.83447653,-1.1454335,0.7488267
682,0.68858963,0.7193142,1.8097991,0.5750641,-1.3007011,-0.59529614,-1.2519294
683,1.0311706,1.5195644,0.99785656,0.554546,-0.89882106,0.8378711,-0.9913588
684,-0.59155387,-0.30264103,0.3315416,-1.1778919,-0.25563973,1.0291936,-0.24572721
685,-0.57005167,2.172143,0.30942872,-0.7318895,-0.25563973,1.0291587,-0.2457144
686,-0.0575488,2.2025118,0.30061918,-1.3040303,-0.25563973,1.0291318,-0.24570458
687,0.6791805,0.9919911,0.33057877,-1.1284883,-0.25041,1.0291404,-0.24573506
688,-0.11524804,-1.0754906,0.32252508,-1.3001244,-0.2371883,1.0291413,-0.24572924
689,0.53794163,-0.6586466,-1.2835006,0.33024314,0.46437946,-1.3502139,0.383193
690,2.2193007,-0.03723526,-0.6167409,1.3895798,0.1259677,-0.44527015,0.122854404
691,-0.6820665,0.15548828,0.3016123,-1.2644031,-0.25563973,1.0291544,-0.24571627
692,-0.08945984,-1.084606,0.32907152,-1.3045404,-0.23919964,1.0291376,-0.24573308
693,0.6628044,0.050951272,0.33453625,-1.3211974,-0.25563973,1.0291463,-0.2457278
694,0.71458864,-0.6818998,0.35707423,-1.2830698,-0.25563973,1.0291429,-0.24572179
695,-0.053215634,1.025173,-1.1478927,0.73180276,0.34068263,-1.0067456,0.31037924
696,0.4897077,1.702077,0.43799558,-1.1130347,-1.3089337,0.57011384,-1.4263453
697,0.6886087,0.32808658,0.48743823,1.749568,-0.37988257,0.74586433,-0.3838434
698,-1.0003318,-0.25400516,-0.4040332,1.4966304,0.07299126,-0.03853972,0.08262146
699,0.36783206,1.6989719,0.33267525,-1.2448412,-0.25563973,1.029141,-0.24572408
700,1.5478019,1.2437487,-0.48072603,1.3338625,0.092463575,-0.35752475,0.08045738
701,0.48375753,1.6346624,1.6438557,0.9231844,-1.1014649,-0.31664187,-1.0820284
702,0.69250524,-0.13743164,-0.40838823,0.5287828,0.46644202,0.76445484,0.58994716
703,-1.9110823,-1.0766395,-0.09463499,-0.5636142,0.91267675,0.45542002,1.0073276
704,0.6886077,-0.6223925,-0.08715869,1.6616094,-0.12985156,-0.337942,-0.12426822
705,0.58281004,1.0231597,-1.1417474,0.72726214,0.9486187,0.06718552,1.0084047
706,0.4248909,1.7022964,0.6156466,0.025624815,-0.66272545,0.93632597,-0.7242638
707,-1.1309972,-1.0646976,-1.6022837,-0.6347876,0.7111489,-1.9046094,0.5820276
708,-0.3519671,-0.8271701,0.3559537,-1.2691256,-0.25563973,1.0291537,-0.24571316
709,-0.5061051,-0.57209474,-0.82434416,0.084816664,1.3116682,0.14753133,1.4429538
710,0.6858072,1.2485555,-1.5938675,-0.5985645,0.8111218,-1.9394413,0.5961203
711,0.707189,-0.42905664,2.2075257,-0.55319345,-1.9395643,-1.6160395,-1.7721492
712,0.6665976,0.04338946,0.33517694,-1.3258694,-0.25563973,1.0291427,-0.24573469
713,0.6872757,0.32728454,0.616453,-0.022903245,-0.6735292,0.9321841,-0.73662406
714,0.6565541,-0.5394683,1.1372051,0.898005,-0.90659356,0.7617463,-0.989099
715,0.6711255,-0.84000045,0.35865858,-1.2887536,-0.25563973,1.0291406,-0.24572417
716,0.32786497,-0.66508114,1.85405,0.5774428,-1.094224,-1.1478473,-1.0098373
717,0.65782386,0.3275173,1.2077751,0.7650294,-1.0197283,0.76481086,-1.1231565
718,-0.072447374,-0.57583886,0.30267617,-0.1273013,-0.25545827,1.0290995,-0.24550739
719,0.6614755,-1.0970025,0.33089614,-1.3032635,-0.18722124,1.029152,-0.24570839
720,0.6886087,-0.30078536,0.3508079,-1.2677026,-0.25563973,1.0291525,-0.24571678
721,-1.0000116,-1.0898236,0.33862907,-1.2628355,-0.22081171,1.0291363,-0.24572529
722,-0.093369424,-0.6419679,-0.12718411,-0.15213919,0.46637985,0.76034564,0.588638
723,2.496555,1.0188804,-1.4853154,-0.03189299,0.9748053,-1.2300498,0.8972012
724,-0.2501503,0.32785198,1.8702054,0.5575642,-1.1304383,-0.97839373,-1.0558352
725,-0.55501956,0.32419762,-0.65092033,0.15024458,0.99820656,0.38617167,1.1367649
726,-0.4707693,-0.7089722,-0.09023171,-0.05774243,0.33495414,0.83374834,0.44396135
727,-0.6356494,2.1718163,0.8512476,-0.7428362,-1.769743,0.24493206,-1.8852682
728,0.69531673,-0.6108642,0.34931183,1.4681178,-0.28863358,0.9508098,-0.28050235
729,0.79686755,-0.58500147,0.82035226,1.3181517,-0.5927425,0.964794,-0.6428214
730,-0.9562152,0.8389598,-1.1126244,0.6576044,0.58440924,-0.6806912,0.53942174
731,0.64859444,0.33114088,0.13494186,-1.0585715,2.305179,-0.89447165,2.342839
732,-0.46079007,0.97711885,1.8607258,0.43079406,-1.7609934,0.24617629,-1.8747312
733,-0.63967335,1.4408967,0.0066730445,1.6969514,-0.08862113,0.79084367,-0.06589198
734,-0.031444415,-0.57387376,-1.1710678,-0.42393786,2.442197,-1.0469568,2.4730203
735,-1.4113481,-1.0723239,0.5153344,-0.1527801,-0.57330346,0.99426746,-0.6174129
736,0.37845066,-0.35851958,0.307112,-0.28484026,-0.27070957,1.0181216,-0.26179147
737,-0.14030552,-0.18453796,-0.40812635,1.5445726,0.057821833,-0.10014629,0.07060788
738,0.6885977,-0.30078536,0.35144737,-1.2660047,-0.25563973,1.0291485,-0.2457153
739,0.55226105,-1.022409,-1.4294996,0.08135383,0.6420518,-1.410852,0.5483914
740,-0.36776403,1.3491914,0.32408094,-1.2496449,-0.25563973,1.0291388,-0.2457156
741,-0.90223986,1.3160164,1.010827,1.5478771,-0.6213361,-0.46093228,-0.5975167
742,0.74319535,1.2472473,0.32074207,-1.3290644,-0.25563973,1.029137,-0.24573563
743,0.7269909,0.3328298,-0.45144576,1.5172986,0.07761789,-0.16481163,0.08831479
744,0.6885786,1.7475495,0.94842815,0.64764726,-0.8230261,0.8738524,-0.9077581
745,0.3666647,-0.10066488,0.823812,1.4743,-0.57973087,0.97429013,-0.62841064
746,0.67880815,-0.13535692,2.1083922,-0.055352006,-1.8797679,-0.8923492,-1.8023951
747,0.81846917,0.99793,-1.1621729,0.7123939,0.34148917,-0.9934164,0.31177732
748,0.52550524,1.7475554,-1.6158171,-0.7512702,2.1360722,-2.0390754,1.9046934
749,0.43582973,1.180278,1.8371934,0.53426033,-1.0585696,-1.1370348,-0.9764703
750,-0.1390649,0.32521614,1.5363119,0.4678871,-1.4652286,0.48630804,-1.5901991
751,-1.2470452,-1.0637078,-0.12530264,1.5551318,-0.0075254785,0.9855667,0.057485368
752,-1.3888562,-1.0711826,0.5143155,-0.14693521,-0.57428783,0.9942868,-0.61741936
753,0.5593736,0.33313572,-0.51710963,-0.43189603,1.5443842,-0.0748907,1.6563499
754,-0.7241204,-1.0274247,-1.6168346,-0.77682114,0.6212035,-1.978877,0.49721688
755,0.6828432,0.9870779,0.3306771,-1.1273127,-0.2500738,1.0291554,-0.2457236
756,-1.5074385,-1.0635343,-1.5918934,-0.51362526,0.95687234,-1.8893735,0.801688
757,2.2205997,0.6095884,0.83746415,1.0247383,-0.65217936,0.94230175,-0.7123961
758,-1.5754803,-1.0762781,-0.60977465,-0.12570466,1.2046168,0.2539959,1.3230789
759,-0.12711631,0.3324115,0.34382808,-1.316206,-0.25563973,1.0291252,-0.2457169
760,-1.0055823,-0.29751632,0.3544665,-1.2748603,-0.25563973,1.0291374,-0.24572223
761,-0.16019371,-0.55037934,0.31932768,-1.3297879,-0.25563973,1.0291481,-0.2457122
762,0.44207603,1.7078197,0.4002655,-0.8001773,-0.5713451,0.9820201,-0.6191041
763,0.688679,-1.1763107,-1.4960748,-0.08559069,1.0015767,-1.3178308,0.88945824
764,-0.6952196,-1.055938,0.29523754,0.94459265,-0.2590864,1.029171,-0.24571612
765,0.20102078,0.33960274,-0.89888036,0.95095664,0.2759637,-0.9384577,0.22440322
766,1.3383224,0.7513316,0.4757069,1.7436264,-0.36946103,0.08704124,-0.36202267
767,0.0493279,2.157819,0.35382563,-1.3004022,-0.25563973,1.0291419,-0.24574272
768,0.5829144,-0.10087949,1.9522053,0.3885734,-1.4311557,-0.70465845,-1.3756291
769,0.58499515,2.17313,-0.3194311,1.2554361,0.1666466,0.92427295,0.2558348
770,0.65712225,-0.686841,-1.1895639,0.6636188,0.5737381,-0.8349688,0.5181214
771,0.5763298,-0.816421,-1.3771886,0.27075505,1.6011235,-0.30242142,1.6571106
772,-1.8929145,-1.0675428,-1.0648166,0.88738215,0.5854488,-0.5701848,0.55379915
773,-0.6217435,0.32731858,-1.2151549,0.6355885,0.9304793,-0.2923435,0.94083565
774,-1.0002445,-1.0924114,0.3381838,-1.2627343,-0.22095512,1.0291672,-0.24570431
775,0.4305982,-0.6690161,-0.9769795,1.0077791,0.528541,-0.27085015,0.5311604
776,-0.8418265,-1.0786783,0.2985686,0.95476425,-0.2593788,1.029122,-0.24571033
777,0.09905842,0.17983733,0.35542884,-1.3015435,-0.25563973,1.0291523,-0.24570675
778,0.5386724,1.7203217,0.9617346,-1.0761162,-2.9137316,-0.84096617,-2.9351573
779,1.4964844,-0.12536724,0.21780798,0.5073109,-0.18417291,1.0069441,-0.15749456
780,-0.7637111,0.15682696,1.9508921,0.36762327,-1.2470418,-1.0696187,-1.160999
781,-0.050002646,-0.64005774,2.1630743,-0.28166336,-2.2871375,-1.0235806,-2.1977232
782,0.6277085,1.5886881,0.14295574,-0.9730179,0.9535286,0.41408643,1.0906019
783,-0.1274325,0.3300149,0.40552688,1.7527341,-0.33870238,-0.21814297,-0.32895127
784,0.6416676,-1.07701,0.29565257,1.4466767,-0.26622614,1.0291643,-0.24571988
785,0.48261225,2.194887,-1.3919607,0.10674958,0.61648977,-1.3297929,0.51851445
786,0.2984944,1.0078285,-0.9346292,0.8944912,0.80332726,0.51104045,0.94549096
787,-0.09678918,0.09975576,-0.14070038,-0.7997816,1.6251297,-0.17801616,1.7232653
788,0.27485722,2.1740317,0.31286654,-1.3222733,-0.25563973,1.0291344,-0.24571723
789,0.37501687,0.32785282,-1.3139412,-0.11893953,2.0671299,-0.6105364,2.1299388
790,0.67218345,-1.043289,-1.6535375,-1.3417113,1.2034749,-2.6130903,0.98412865
791,-0.042509694,-0.35977346,0.3155697,-1.3286762,-0.25563973,1.029143,-0.24571808
792,0.094329774,0.32683206,1.449224,1.1986231,-1.0227,0.47254667,-1.087784
793,0.6886087,-0.30078536,0.351564,-1.2643007,-0.25563973,1.0291442,-0.24572656
794,0.17890829,-1.0324639,-0.9634722,0.6409289,1.0184449,0.3861897,1.1367692
795,1.027504,-1.0853252,0.90676004,0.9927987,-0.71733814,0.9169219,-0.7851695
796,-2.7498572,-1.0671866,0.19628394,0.07829026,-0.119772986,1.01399,-0.091440834
797,0.6638253,0.32695964,1.9022659,0.5072873,-1.607903,-0.037021093,-1.6539733
798,-1.6105803,-1.0577438,-1.3259166,0.30314508,0.35634366,-1.4364418,0.29099423
799,0.062303305,1.7475554,0.30343437,-0.9341758,-0.255107,1.0259982,-0.2452783
800,1.2834055,-1.1314176,-1.4996614,-0.09814164,1.0013502,-1.3208774,0.8894855
