id,i_d,motor_speed,pm,stator_tooth
1,0.9947208,0.2935362,-0.6331047,-0.29014707
2,1.0291426,-1.22243,-0.15065576,-1.226843
3,0.14759797,-0.95190084,1.1360375,0.45456198
4,-0.36269844,1.5039048,1.0466292,1.3025689
5,-1.1808901,0.18643914,-0.47017303,-0.123046994
6,0.15834926,-0.45132223,0.6182605,1.9916204
7,0.08838202,-1.0081816,-0.58353126,0.080426835
8,-1.4944829,1.6182984,0.8130191,1.269249
9,-0.9338304,1.9835948,1.266706,1.3008974
10,1.0291377,-1.2224287,-0.4079813,0.61742294
11,-0.33055404,1.060864,-1.9131672,-1.0679089
12,-0.9272879,1.5433477,1.7923565,1.6854994
13,0.8135002,-0.08860146,0.030298231,-0.88881254
14,-0.4872721,0.16817842,-0.86630934,-0.79496586
15,-0.08949227,0.69642895,0.4444936,0.8077671
16,-0.16993272,1.2383482,0.8680826,1.5350854
17,1.0291374,-1.2224292,-0.6498968,-1.0679032
18,0.27429867,-0.5460631,2.5141337,0.922454
19,0.9222077,-0.38260987,0.22996332,0.015141915
20,1.0056527,0.21241513,-0.88636595,0.7756293
21,-1.1040355,1.3448443,-1.3158876,-0.4536089
22,-1.2282238,0.56317204,1.6221181,1.6113755
23,-1.0736994,-0.04440782,0.2644652,1.0937625
24,-0.6306577,1.0352039,-0.729979,-0.5314773
25,0.99428177,-0.64615965,-1.2764896,-1.7312883
26,0.42271328,-0.85306334,-1.8098016,-0.8919251
27,-0.16841741,-0.1765795,0.6646708,1.4543841
28,-0.89687765,0.53800887,-0.7648461,0.022858335
29,0.7905958,-0.034472153,0.051876757,-0.22745828
30,1.0291345,-1.2224268,0.3888074,-0.19064672
31,-0.62624204,1.7255448,-0.17909513,-0.040695533
32,-1.8024962,1.394071,0.21051303,0.46123898
33,0.6657779,-0.15802874,-0.419821,-0.29383245
34,-1.1804942,0.22440423,1.3463522,1.0065752
35,-1.369184,2.024121,0.62260395,0.15493041
36,0.7765293,0.13238183,0.6517477,0.027276801
37,1.0291772,-0.14024802,0.8162987,-0.97466916
38,0.8201236,-1.1953619,-2.095237,-1.8690261
39,0.84433043,-0.44905367,-0.47349787,-0.34073776
40,1.0291487,-1.2224307,-1.1226348,-1.5509492
41,0.28421465,0.5719909,0.27099094,0.12647295
42,-1.1041307,1.6434501,0.06160719,-0.13439825
43,-1.0799043,1.4830301,0.25348654,-0.20327103
44,-0.9603878,0.3940267,0.5532566,0.32317474
45,-0.5899001,0.66917855,-0.30816126,-0.4330642
46,-0.8411437,0.35829946,1.1323154,1.2261782
47,1.0291163,-1.2224245,1.2015032,1.8839396
48,-0.50497806,1.4314723,-1.4981871,-0.5835818
49,-0.10749623,-0.052713457,0.11936734,1.0366365
50,1.0291301,-1.2224361,-1.8831811,-1.6380159
51,1.029138,-0.9518886,-0.1731109,1.0414432
52,0.6154699,-0.14024445,-0.66030663,-0.30060056
53,-0.54209596,-0.051089104,0.9674933,1.3439274
54,1.02911,-1.2223316,0.015276888,-0.43785724
55,-1.080788,1.4830325,0.34340176,-0.18483461
56,-1.9399202,0.2459941,1.1197674,1.6995169
57,-0.85127366,1.1502521,-0.30888245,-0.76913756
58,-1.8963984,1.9429532,2.740646,1.2631254
59,1.0139837,-1.189964,-2.2542539,-1.9857602
60,-0.03578513,-0.64260453,-1.7241789,-0.7619508
61,-0.24197105,1.0073352,-0.5985675,-0.7619508
62,1.0291357,-1.2224284,-0.6048525,0.770885
63,0.9110187,0.008785407,-0.9405046,-0.09429606
64,-0.5688631,-0.3262157,0.5009567,-0.0015693428
65,-0.7779567,0.7495535,0.39429098,0.461578
66,-2.5046256,0.10866099,0.027833913,1.1226001
67,1.0139836,-0.73544633,-1.7712511,-1.8276078
68,1.0291476,-1.2224283,0.3333422,-0.83605266
69,1.0291541,-1.2224307,0.25166988,-0.9972847
70,-1.9530226,0.8229046,0.33095235,0.7910582
71,-1.024896,1.4830292,1.1124394,0.8072069
72,-1.3186734,0.56316835,1.3714821,0.3112762
73,0.8501571,-0.16188869,-1.5726362,-1.5342582
74,-0.19437718,1.2094711,0.8598637,1.3079549
75,1.0291501,-1.2224276,1.042945,-0.45331955
76,-0.7138351,1.4887414,1.7428966,1.5652134
77,1.0291846,-0.14024848,0.022260247,-1.3375858
78,-0.733561,0.34859788,0.25919545,0.42530572
79,0.008493064,-0.61609286,-1.7360383,-0.7619526
80,-0.7691308,2.0241165,-0.49270722,-0.5718579
81,-0.6546936,1.0647758,0.4988004,1.8227763
82,-1.927734,1.3477559,1.7251121,0.8840425
83,1.0291029,-0.6813282,1.2455808,1.1085544
84,0.43457708,0.55927336,-1.9456769,-1.2727501
85,-0.13971734,0.73696965,-0.8076231,-0.9672698
86,0.20707013,0.44305733,1.5799282,1.9916233
87,-1.6932592,1.5479634,0.16861096,-0.29715684
88,-1.5025687,0.2748934,-1.4111534,-0.8083357
89,0.99427813,-0.64616275,-1.8855283,-1.8250198
90,-0.0814613,0.94193506,-0.02098329,0.6431839
91,1.0291556,-1.222428,-0.75999695,-0.79967815
92,-0.8463008,2.0241177,-2.0594492,-1.5042924
93,0.82012,-1.195382,-2.1654406,-1.875403
94,1.0291332,-1.2224295,1.1350847,-1.3697382
95,0.5512658,-0.82865816,0.8232559,0.97422093
96,0.9769173,0.12231498,-1.6296315,-0.83604765
97,1.0291584,-0.95190185,-0.2225407,1.031979
98,-1.0794548,-1.0554135,-1.5085921,0.39028773
99,-1.0966467,0.22861028,0.2658557,-0.2957332
100,1.0291394,-1.2224271,-1.895591,-1.6387173
101,-0.65989894,0.16404119,-0.009123185,0.34339082
102,-0.98101074,-0.68404794,-1.3941361,-0.38351595
103,0.85013866,-0.16189225,-1.5863669,-1.5348307
104,0.0056289313,-0.5343742,-0.14570935,0.15578638
105,0.8738034,-0.15149528,0.7321722,0.99810237
106,0.7662369,0.29985473,0.4037216,0.15590607
107,0.20495401,0.8251411,-0.0104781035,0.46185774
108,1.0291479,-1.2224324,-1.3592255,-1.6798079
109,-0.22343944,1.1094244,-0.008499297,0.010570902
110,-0.7577997,2.024118,-0.25430083,-0.499931
111,1.0291607,-1.2224302,-0.5758481,-1.0679032
112,1.0291517,-1.2224317,0.13708459,-0.453608
113,-0.5165785,-0.19000165,1.1620145,0.8600049
114,-0.11638111,-0.34906924,0.7007011,0.96041214
115,-0.22300492,1.0731143,-0.014434755,0.009397694
116,-0.46903875,0.6910725,-0.0342269,-0.29578716
117,-0.7744677,2.0241165,-0.5953003,-0.592074
118,-0.10346645,0.6713922,0.6590926,1.3030269
119,1.0291525,-1.2224307,-1.1835617,-1.5636574
120,1.029142,-1.2224295,0.05164133,-0.9119695
121,-0.45607424,0.9419408,0.9373915,1.3786796
122,-0.0043274085,0.01958411,0.60921717,0.3404396
123,1.0291426,-1.2224334,1.166664,0.90968764
124,1.0291376,-1.2224241,0.4775349,-0.51861143
125,-1.624325,1.6302023,1.8463293,1.6856602
126,-0.30295804,1.356818,0.20418431,0.3132382
127,-0.63654464,1.2962626,0.29727206,0.15590607
128,0.2677712,-0.36060137,0.4174889,0.09349843
129,-0.7711394,0.9419393,0.0048223916,-0.53007376
130,-0.5675647,0.58052653,-0.62007105,-0.110920146
131,-0.57415885,1.5371087,-2.4279442,-1.83182
132,0.47143662,-0.7588388,0.560392,0.6334349
133,1.0291414,-1.2224284,0.09765308,1.0516337
134,1.0291338,-1.2224293,-0.22274537,-0.97411346
135,0.9988231,-0.8072898,0.6226164,0.9950779
136,0.21123515,-0.1626461,-0.27179128,-0.5216129
137,-1.5822759,0.4950541,0.18624556,0.641418
138,-1.2875996,1.8888464,-0.032256264,-0.1308061
139,-0.871406,0.03071426,0.7557588,1.368852
140,-1.2425255,1.8919868,-1.0007843,-0.24959902
141,0.2539953,-0.54606557,0.87393755,-0.60363764
142,-0.8367916,1.4830327,-0.15542608,-0.11646538
143,-0.29146996,0.32040083,0.8487971,1.0579175
144,-0.06126489,0.93366,0.7494191,1.5785131
145,0.58509946,-0.64143157,-2.176879,-1.5753496
146,1.0291197,-1.2224315,-0.30007017,-0.18694097
147,-1.9118056,1.9429584,2.2703815,1.1836748
148,-1.2541041,1.0857806,-0.8972985,-0.38307688
149,-0.17799832,-0.95189106,0.47010973,0.30900016
150,0.25402734,-0.5460651,0.37073317,-0.7620542
151,-0.6149555,1.3457636,1.7519664,1.6123285
152,0.4159026,0.13030542,-1.6154649,-1.0831954
153,1.029163,-1.2224354,0.3786993,0.9233364
154,-0.78094286,1.575479,0.056805395,0.45070475
155,-1.297005,1.4698318,0.639355,0.46185845
156,-0.63352454,0.9512937,-0.8270056,-1.0724938
157,0.8501588,-0.30527928,-1.302168,-1.5321153
158,1.0291625,-0.95189184,-1.3853903,-1.9089239
159,-1.4884727,1.6182997,2.142553,1.9170914
160,-2.0809414,1.8164072,0.8360311,0.46185845
161,1.0074999,0.117021315,0.025234582,-0.8980421
162,0.33006057,0.71575326,-0.050649527,-0.35075328
163,-0.37508404,1.3272841,0.33490324,0.90554714
164,-1.9161844,1.066388,1.2642945,0.7697797
165,0.05738871,0.9646577,0.019553052,0.012851764
166,-1.9622252,1.0231053,0.0975666,0.07822296
167,-1.6293389,1.1071492,0.6082586,0.8319715
168,-1.1748127,-0.41078654,-0.53725713,0.9377582
169,-1.9986994,1.8888477,1.994077,1.0976458
170,0.85017926,-0.3052803,-0.6935127,-1.4522185
171,1.0291349,-1.2224331,-0.23793729,-0.76194954
172,0.71211064,-0.7195415,-0.11008339,-1.0679032
173,-1.2493322,-0.7111063,-0.04405391,0.80018306
174,-1.0934261,1.8454574,1.6312805,1.8825538
175,-0.78480196,1.8539258,-0.51917857,-0.5137589
176,-0.47958773,1.6182995,1.7982051,1.2246499
177,1.0291791,-1.2224315,1.4252118,2.2239444
178,-0.13078994,-0.8916634,0.353702,0.060308307
179,1.0291312,-1.2224231,-0.15815562,-1.067862
180,-1.2900027,1.1073165,1.0963138,1.1908373
181,1.0291303,-1.2224298,0.2456429,1.0048602
182,-0.09948264,1.1455333,1.8260416,1.9395303
183,-1.1748307,-0.41078725,-0.6249975,0.7094741
184,-1.512047,-1.1899704,-2.3931136,0.76496714
185,0.9849646,-0.52872473,0.118150316,-0.0010549029
186,-0.977047,0.29038948,0.75798005,1.8133974
187,1.029136,-1.22243,0.25032026,1.0082265
188,0.97934645,0.022310602,0.15191133,0.15590571
189,1.0291504,-1.1412861,-0.29210475,-0.004744759
190,1.0291872,-0.95153034,0.87614965,1.2923427
191,-1.0996766,2.007895,0.35394514,-0.18391845
192,1.0290209,-1.2196815,0.25068638,0.39086184
193,0.5112548,-0.004973876,0.14096004,0.66956925
194,0.5113351,-0.004974536,0.18710656,0.688048
195,0.82014436,-0.95189935,-0.13374642,-1.5313975
196,-1.0583082,1.483029,1.1308653,0.007293849
197,1.0055572,-0.49197674,0.3088979,0.77242225
198,-0.7140682,1.3477572,-1.4868113,-1.3365049
199,-1.8276068,0.077602826,0.13603188,-0.13196771
200,1.0291451,-1.2224284,-0.87254196,-1.6033627
201,1.0291462,-1.2224306,-0.47336504,-1.5075202
202,1.011326,-0.41981682,-0.5478279,0.5788217
203,1.0289153,-1.2132329,1.7843528,1.7795184
204,-0.51413083,1.0897943,0.2898296,0.39931864
205,-1.9286013,1.3477567,1.7113972,0.8837806
206,-0.3520379,0.049405776,0.011577527,-0.024454772
207,-0.1852523,0.07116606,-1.7227877,-0.7705987
208,0.9070679,0.40257806,1.0986187,1.1298879
209,0.37083238,0.4571239,-0.7516428,-1.2503852
210,1.0139459,-1.1899635,-2.2111583,-0.04623755
211,-1.3821341,0.57955635,1.7284931,2.2281575
212,-0.45714608,1.4329885,0.2362512,-0.004245502
213,0.16878767,0.9419406,1.2030699,1.4247613
214,-0.3613273,0.13029565,-0.5054562,-0.45198432
215,0.9865254,-0.64211017,0.40258336,0.6193853
216,-0.036744688,-0.42420378,1.2477362,1.9916204
217,1.0291336,-1.2224334,0.7332792,0.312737
218,0.8201452,-0.68133485,-0.035526566,0.923107
219,1.0209167,0.23314832,0.76482624,0.13352863
220,1.0291419,-1.222428,0.03943865,0.30941743
221,-0.713826,0.55531305,1.3279911,1.227859
222,-1.8982702,1.9429519,2.8039744,1.2790633
223,0.43572897,-0.24302559,1.682179,1.9404558
224,1.0291525,-1.2224289,0.87187105,0.34873563
225,0.82015574,-0.41079235,-0.28186452,-0.27982488
226,-0.07934401,0.7217593,0.15789028,0.3872579
227,0.96147496,-0.14024432,0.15380582,0.053360153
228,0.85010636,-0.30527487,-0.22641808,-1.5287974
229,-0.99584347,1.4830272,1.757021,1.4002569
230,0.9855733,0.18441175,-0.6276024,-1.3599204
231,0.9614288,-0.9518764,-1.415555,-0.33415848
232,0.43451878,-0.00497665,0.4356088,-0.63573617
233,-0.17806473,-0.95188606,-0.74835235,1.1471809
234,0.38617504,-0.14024413,-1.4956579,-1.1014322
235,1.0179528,0.017564373,-0.88681424,-1.067848
236,0.9981171,-1.1228286,0.2265448,0.9375428
237,0.99430275,-0.64616823,-1.952211,-1.8279421
238,-0.7160819,1.7871195,0.3347144,0.93608344
239,-1.9435459,0.8200078,0.9684451,1.3621179
240,-2.0827923,1.5014794,-0.72976565,-0.15821593
241,1.0291395,-1.1682941,0.0289731,-1.0535065
242,0.19188018,-0.7569345,-0.10437759,1.4582474
243,-2.555348,0.6713885,0.88253504,1.0070354
244,0.0381567,-0.43784577,-1.1699361,-0.6480188
245,-0.2994767,1.3522768,0.3457205,0.005568689
246,-0.063117236,1.1959342,1.7650716,1.6849968
247,0.43852043,-0.004971894,0.09881437,-0.7668849
248,0.253992,-0.54607004,0.082689874,-0.79561424
249,0.46505776,-0.65048075,0.8091167,0.155895
250,-0.9740927,1.7947512,0.9032139,1.2168168
251,-0.3411303,1.4830359,0.46620739,1.3776815
252,0.85012776,-0.30527487,-1.3968538,-1.5517029
253,1.0139765,-0.7354473,-1.3469661,-0.29721418
254,0.9003232,-0.55779606,0.45654374,1.3463703
255,0.38621825,-0.1402428,-1.0126951,-0.93819696
256,1.0291469,-1.2224329,-2.0223324,-1.4217176
257,1.0292226,0.26557323,-1.5306606,-1.5329549
258,-0.2629033,-0.11522027,0.06565441,-0.11660238
259,0.17142563,-0.29257914,0.30109802,1.457092
260,1.0291483,-1.2224315,-1.8799483,-1.6410748
261,-1.1389872,1.2650971,0.4387179,0.14675689
262,1.0291677,-1.222429,-0.9004744,-1.7157961
263,0.82204026,0.13030277,0.26064456,0.01772358
264,1.0291402,-1.2224332,-0.7680873,-0.13134395
265,0.051159985,-0.4548844,0.60620844,0.43736684
266,-1.4894989,1.6182945,1.6640543,1.688426
267,1.0079402,0.005950325,-0.10630667,0.22807197
268,0.82012236,-1.1953642,-1.7456872,-1.5004967
269,0.5358901,-0.7597057,0.41852048,0.96283215
270,-0.1465458,1.0913863,0.084326826,1.0786397
271,-0.46806136,1.6182971,1.9798912,1.4185652
272,-0.48289135,1.0504587,-0.1480115,-0.5296085
273,0.5348455,0.44291782,0.7265416,0.9509522
274,-1.4910848,1.6182963,2.1521046,1.9183074
275,1.0291272,-1.2224287,-0.4857097,-1.5086702
276,0.16808243,0.9419409,1.1709781,1.4161284
277,-0.10905799,-0.024969785,0.086540826,0.77017623
278,-0.76145345,-1.1414545,0.7305439,1.6824514
279,-0.9492083,0.8527173,0.98476416,1.7956246
280,0.5084313,-0.7757375,1.6377535,1.8527514
281,-1.0086583,-0.37807858,0.6388572,0.46185738
282,-0.99087435,1.4830272,1.8656552,1.4181757
283,0.8501223,-0.30527955,-1.1766235,-1.5231403
284,1.0291533,-1.2224318,-0.6925912,0.7702012
285,1.0291314,-1.2224281,-0.78825015,-0.76416165
286,-1.8938788,1.9429593,2.6551194,1.2438813
287,-0.006682457,0.8638911,1.4717677,1.2495438
288,0.38622254,-0.1402504,-1.2279238,-1.0659631
289,-0.107145146,0.94194233,0.16508289,-0.2951298
290,1.0291344,-0.95188546,-1.5248355,-1.9239178
291,-1.1145774,1.2987732,-1.487626,-0.56705093
292,1.0291617,-1.222432,-0.97090137,-1.6198351
293,0.9614474,-0.95188177,-1.9836711,-0.8031365
294,0.8154269,-1.0151318,-0.14340623,-0.45360819
295,1.029184,-0.9518941,-0.31067026,0.9984957
296,-1.8370464,1.9852341,-1.8348837,-1.1434711
297,0.577625,-0.6653347,-2.2510433,-1.5971047
298,0.5938305,0.122504815,0.69706637,1.0185263
299,-1.4435157,1.888854,0.6887682,0.29837447
300,1.0291345,-0.9518769,-1.9482155,-1.9857602
301,0.97185993,0.21437596,1.3021982,1.3059599
302,0.20114268,0.7785195,0.32209828,0.46185917
303,-0.35744855,0.1302963,-0.7163282,-0.59020305
304,1.0291498,-1.2224293,-0.5984875,-0.90063965
305,-0.33506453,-0.3830928,0.62473434,1.0393819
306,-0.34511057,1.0884806,1.0455284,1.9098263
307,0.3786699,-0.651096,0.70067084,1.2889278
308,0.43755898,-0.0049746684,0.6141804,-0.5425688
309,-0.4549801,0.08004516,0.15092638,0.35473707
310,0.96148556,-0.14024755,0.20710795,0.17990075
311,1.0291893,0.2655723,-0.80268145,-0.90702355
312,1.0291502,-1.2224329,-0.79022,-1.0679032
313,-0.05130004,-0.4780722,1.2959958,1.3315326
314,0.92999256,-1.222428,-0.78295684,-0.7619474
315,0.03813413,-0.4378438,-1.0954672,-0.61255866
316,-0.68587255,0.85138685,0.9466064,1.7700616
317,1.0291337,-1.2224305,0.26725098,-1.3907087
318,-0.84633964,1.3037231,0.19526346,0.86578417
319,1.0291417,-1.2224272,0.34940857,0.7702012
320,-1.905496,0.96246415,0.8824005,1.0463514
321,-1.0140637,0.46968776,-0.38537866,-0.38196728
322,-0.82620955,1.6693336,-0.8742087,-0.13098669
323,-0.8445454,-0.81661266,-2.1295042,-0.30180734
324,1.0139965,-0.410791,-1.7193528,-1.7404176
325,-0.7718579,0.28251675,1.7353057,1.1097233
326,0.5806928,-0.03835046,-0.113706596,-1.067943
327,1.0291692,-0.681341,1.6133015,1.8400308
328,1.0291597,-1.2224313,0.4556097,-0.4327682
329,-0.7934175,1.7925923,-2.233476,-1.6100199
330,1.0290407,-1.220455,1.3582726,1.3735734
331,-1.3010666,1.6234465,0.49962246,0.46138617
332,-0.757027,2.0241244,-0.23101111,-0.46732908
333,0.43780968,-0.0049712337,-0.3381739,-0.84498656
334,-1.0698234,0.35618606,1.0720272,1.0755817
335,0.13502808,0.7927927,-0.48284104,-0.5112683
336,-1.0206548,1.8898497,1.6103413,1.8621706
337,-0.37710088,0.44915208,0.33141455,0.46185774
338,-1.1748415,-0.41078883,-0.6925446,0.45216948
339,-0.117401406,0.9952868,-0.9408661,-0.7619508
340,-0.17814296,-0.95186853,0.53390193,0.46185845
341,-1.1332207,-0.0059842067,0.5249566,0.65387136
342,-0.26176012,0.69523144,-1.3075336,-1.0857091
343,1.029157,-1.2224314,-2.0047417,-1.1782194
344,1.0291431,-0.9501554,0.9985877,0.99864715
345,-1.0763173,1.4830279,0.3884312,-0.16894503
346,-1.0393646,1.4830288,0.5661303,0.46185845
347,-1.664507,1.5655205,0.1699923,-0.17958161
348,0.202911,0.8252156,0.7613414,0.5768815
349,1.0291395,-1.2224325,0.79723763,0.77020764
350,1.029139,-1.2224287,-0.3486714,-0.13128929
351,-1.3586096,0.9717434,-0.29541564,-0.4510458
352,1.0291481,-1.2224311,0.09700012,-1.4076833
353,0.8201249,-0.9518894,-0.83759755,-1.6948534
354,0.7036487,-0.6001751,-1.2933644,-1.5018183
355,-0.48969227,0.6567999,-0.18124834,0.39840373
356,-0.7428592,1.5008134,0.12676029,0.2522785
357,-1.957076,0.5537817,1.3877839,1.153364
358,-0.9900887,1.2694685,0.40266553,0.44110224
359,-0.032969803,-0.30013826,1.2671245,1.2275343
360,0.2902903,-0.2750573,0.09200086,0.7723383
361,-0.5999118,1.5019029,1.1835126,0.22636718
362,-0.33562586,0.40409592,0.1336896,-0.27618253
363,1.0139807,-0.4107924,-1.659677,-1.7301407
364,1.029133,-1.2224323,-0.86836666,-1.0679032
365,-0.31948793,0.77029324,0.33476245,0.691249
366,-1.3216132,0.8757292,0.9582414,1.2844242
367,1.0291297,-1.2224334,-1.6568488,-1.616584
368,0.37885076,-0.7420536,0.42044044,0.9581772
369,-1.4259279,0.014457553,0.48955473,1.6840712
370,0.820568,-0.16774228,0.8431396,1.1852816
371,0.57721037,-0.53789306,-1.3211825,-1.1403208
372,1.0291553,-1.22243,-0.8741085,-1.2331005
373,-0.34987584,-0.9152681,-1.2962239,-0.76194936
374,-0.35964322,1.2124823,-0.6693161,-0.95836395
375,-0.19848673,1.2401681,0.32600787,0.082298644
376,1.0291374,-1.2224299,0.3788252,0.46185845
377,0.4554149,-0.8571928,-1.7466321,-0.7619501
378,1.0292239,0.26557282,-1.1237446,-1.4003971
379,-1.0778656,1.4830264,0.75495553,-0.084225364
380,-0.82894343,1.5500315,0.46672964,0.6986376
381,-0.08081951,-0.45092207,0.23977351,0.83670115
382,-1.5532328,1.2556605,-0.1555611,0.09337625
383,0.8200947,-0.4107895,-0.5714266,-1.0679032
384,1.0139694,-0.4107891,-1.772925,-1.7529552
385,-0.9337765,-0.2868847,-0.769405,-0.42904672
386,-0.75373846,1.2426736,-0.3878562,-0.30210584
387,-0.56769377,0.67139417,-1.835736,-1.1825666
388,-0.4825911,0.753833,0.5160098,0.28983906
389,-2.2062542,0.5631728,1.3791556,1.0433184
390,0.9942877,-0.6461669,-1.9208283,-1.8205552
391,-0.83611745,1.3231553,1.3780165,1.688789
392,-0.12676665,1.1108387,0.9775798,0.43154436
393,0.70663774,0.020601045,1.0857782,1.1499068
394,-1.7915428,2.0241249,1.4496801,0.77412564
395,1.0291295,-1.2224292,1.2240741,0.38571993
396,-1.5699357,1.3285755,2.0263917,1.9916204
397,1.029145,-1.2224311,0.6853415,0.62692755
398,1.0203867,-0.45740846,-0.48540074,-0.3735206
399,-0.06864307,1.0563344,-0.056385353,0.097779
400,-0.8065763,1.0688592,-0.51731795,-0.30151442
401,-0.93484473,-0.14024927,-0.4712918,0.15305234
402,0.8806644,-0.88745606,-2.2032137,-1.6554079
403,1.0291322,-1.2224302,0.0029043644,1.0366789
404,0.6310667,-0.90669906,1.0216919,1.4971651
405,-0.42554808,1.5278865,1.029058,1.1132448
406,1.0292137,0.26557335,-0.88672173,-1.1070642
407,1.0291544,-1.222429,-0.9122298,-1.0679032
408,1.0139828,-1.0601082,-2.1118698,-1.9858023
409,0.9942908,-0.6461683,-1.7290246,-1.7993745
410,1.0182484,-0.7336348,0.064386934,-0.34397122
411,1.0291383,-1.2224307,-1.4048449,-1.9857603
412,-0.68204224,-0.7619414,0.4536518,1.5428084
413,-2.0732617,-0.004967799,-0.16385517,0.9956945
414,1.02916,-1.2224321,0.9536678,0.2604381
415,-1.4373531,1.8888509,0.97601676,0.3412416
416,-2.0301397,0.806662,-0.26373792,0.6167913
417,-1.5120574,-1.1899711,-2.4429264,0.45070368
418,1.011728,-0.18365994,0.058951166,1.3572857
419,-0.20525278,1.1891338,-0.38918877,-0.41374677
420,-0.36192054,0.13029855,-0.8978818,-0.83561337
421,-1.2616026,1.8888462,0.72078943,0.14162214
422,0.6092704,0.45641556,1.4598315,1.3657796
423,1.0291542,-1.2224307,-0.7497344,-1.0679032
424,1.0280845,-1.1939049,0.3357902,0.6937458
425,0.67313766,-0.20568351,1.7214322,1.9915751
426,0.8201192,-0.9518921,-0.19542359,-1.564823
427,0.9893632,-0.41710395,0.3755801,-0.14531706
428,-0.112718135,0.9419408,0.05446792,-0.30480826
429,-1.9044882,1.0105731,1.1887597,1.6856731
430,0.7439321,-0.4148225,-1.9157839,-1.0679032
431,-0.3205061,-1.0734065,-1.5782082,-0.3226445
432,0.9146639,0.41346514,1.1577542,1.1044357
433,-1.8860449,0.4082354,0.020105109,-0.11775559
434,0.99427843,-0.6461632,-1.6600903,-1.7962044
435,-0.4661874,1.2927529,0.5117519,1.0623102
436,1.029123,-0.14024511,-1.8533635,-1.7093287
437,-1.1010177,-0.8390729,-0.091521956,0.76296765
438,-0.7822765,1.8347433,0.16301303,-0.4389622
439,-1.931531,1.7535797,-0.1746616,0.06859043
440,0.0015646438,0.51655495,1.4389527,1.3589884
441,-1.030638,1.7774286,0.246194,-0.10989091
442,-1.1773002,-0.4411123,0.8882704,0.6739066
443,1.0291965,-0.9518868,0.21161954,0.1558689
444,0.903645,-0.7600152,-0.8655091,0.1415171
445,0.17841686,0.67139685,-1.2789047,-0.95808333
446,-0.02699243,-0.4526035,0.62303734,0.36566177
447,0.8201219,-0.8166104,-1.9862642,-1.4484762
448,0.5183788,-0.56329477,0.3947061,-0.10345809
449,1.0291467,-1.2224325,-0.5432462,-0.792459
450,-0.35694915,0.13029973,-0.32255438,-0.3955108
451,-0.6874009,1.5442924,-0.25937575,-0.22402172
452,-0.92790407,0.24888387,0.54573774,1.000378
453,1.0291523,-1.2224313,-0.5660093,-0.8276176
454,-0.11036816,0.008424103,1.4544626,1.3921947
455,-1.469715,0.5223526,-0.09583728,-0.12201651
456,0.9614733,-0.1402494,0.23711316,0.39699474
457,-0.43546942,0.6194457,-0.87606424,-0.9112669
458,1.0291442,-1.2224324,-1.3238062,-1.2536436
459,1.0291466,-1.2224299,-0.30837193,-0.1513444
460,0.36551133,0.51308125,0.7963026,0.47546968
461,0.4460282,-0.36606055,0.5967807,0.447208
462,0.93903345,-0.9383652,-1.1608118,-1.7288182
463,1.0291489,-1.2224282,0.36262286,-0.8359199
464,0.820134,-0.9518847,-0.49530655,-1.6786867
465,-1.2604592,1.888844,0.68969643,0.13541028
466,-0.9262846,-0.359325,-1.7987679,-0.8714636
467,1.0291495,-0.681339,-0.17308111,-0.7619508
468,-2.3760211,0.10865544,-1.1527036,-0.7622135
469,-0.7803465,1.6667044,-0.88636166,-0.14197928
470,0.93553144,-0.42070535,1.5460755,2.2211604
471,-0.10740276,0.13029815,-0.6976159,-0.7079698
472,-0.7732185,2.0241168,-0.5651245,-0.58588856
473,1.0291395,-1.2224342,0.26959902,0.8393584
474,-1.6543093,0.9539065,0.4751633,0.46185845
475,-0.7677519,1.1563257,2.0790203,1.9903883
476,-0.72269803,-0.19393174,0.73880076,0.9165851
477,0.2837246,0.6411847,0.13693516,0.31131762
478,-1.3201668,-0.11152651,-0.8418278,-0.14370443
479,1.0601177,-1.2224269,2.3911898,0.030305745
480,1.0291425,-1.2224313,-0.17581521,-0.6042071
481,-0.76720583,0.9419355,0.24596193,-0.45377752
482,-0.047907326,0.6485167,-0.23449449,-1.4461479
483,-0.08073537,-0.7545866,0.9073599,-0.16286017
484,1.0291444,-1.1413081,-0.20611063,0.007876524
485,0.23085725,-0.9968306,-0.17385226,-0.45405743
486,0.97669446,0.32579595,0.29529876,0.15593143
487,1.0291463,-1.2224288,-0.26110184,-0.13785893
488,-0.5295427,-0.14024451,-0.26468685,0.04045575
489,0.9943081,-0.646166,-1.621366,-1.7894871
490,-0.9978999,1.4830285,1.7844431,1.4078906
491,1.0291446,-1.2224293,-0.83856326,-1.0679032
492,1.0050586,0.21115896,1.2176243,1.200582
493,-0.5643624,0.42671767,0.89407444,1.0051498
494,0.4913281,-0.8216787,-0.6582863,0.4662162
495,0.17810671,0.6307708,1.4034976,1.3179393
496,-1.9771876,1.5290282,2.1995025,1.1065617
497,1.0291371,-1.2224225,-1.0589516,-0.84018546
498,-0.083882645,0.94194025,-0.08270297,0.6525106
499,0.7036568,-0.6001753,-1.4164516,-1.5202506
500,1.0291532,-0.95188886,-1.9754301,-1.9857602
501,-0.47785157,1.6182984,1.8231798,1.2413881
502,-1.5120535,-1.1412696,-2.4237275,-0.10397182
503,0.79391646,-0.56187713,0.67009914,1.6835524
504,-1.1066287,1.7235662,0.083284214,0.40848997
505,-1.2636721,1.8888464,0.86466837,0.15590642
506,1.0291483,-1.2224287,-0.09228302,0.012931967
507,1.0291623,-1.2224264,0.5845605,0.26064637
508,-1.9956104,1.8888518,1.4749383,0.76954997
509,1.0291493,-1.2224295,0.2418453,0.63637793
510,0.36732906,0.45712125,-0.9737414,-1.301735
511,0.9187695,-1.1899537,-0.39577886,-1.609044
512,-0.1943636,-0.13017298,0.9440695,1.0011297
513,-1.8002511,2.0241306,1.9859158,0.997559
514,-0.08053164,0.94193906,-0.0032067047,0.63840884
515,0.14249927,-0.15212297,-0.1806898,1.0706484
516,-0.35485065,1.4830343,0.7283693,1.4769987
517,-0.2940214,0.8066625,-0.33191174,-0.83664083
518,1.0139703,-0.8977737,-1.5881857,-0.44850934
519,0.96145326,-0.9518832,-1.4170933,0.36167166
520,0.86911833,0.07816229,-0.2176887,-0.2896653
521,0.25582573,-0.93392843,0.065946534,-0.91502184
522,1.0291455,-1.2224318,1.2860723,-1.1422887
523,0.586959,-0.25898513,0.64602435,0.46184883
524,0.51085746,-0.0049787634,-0.60215247,0.44657817
525,0.94714695,-1.0878676,0.09592916,0.46092495
526,0.71097785,-0.4608903,1.274369,1.9624957
527,1.0291519,-0.95188516,-1.8998986,-1.9857602
528,-1.4182268,1.8183761,0.94627297,0.8398114
529,0.8869695,-0.3885963,0.6993183,1.6856681
530,1.0139555,-0.8977703,-1.6024582,-0.8749779
531,-0.9248578,0.81432664,-0.15382397,0.62954587
532,-1.795161,2.0241342,0.8199085,0.35985076
533,1.0291235,-1.2224281,0.20132408,0.3900262
534,0.8112719,-0.51323164,-1.4021508,-0.4511662
535,0.995387,-0.7937077,0.33254415,-0.2655047
536,0.42486235,0.12286902,-0.8514124,-1.0679032
537,-1.3895446,2.024116,0.067999095,-0.30934516
538,1.02015,-0.41219416,0.4184143,1.0617818
539,-1.350996,1.0221134,1.4312437,1.3042755
540,0.038165092,-0.4378469,-0.8954084,-0.59863454
541,-1.2633173,1.0038816,0.72592515,0.3125269
542,1.029146,-1.2224269,0.98389024,0.77998203
543,0.33153477,-0.11051922,-0.4063511,0.76711744
544,1.0601057,-1.2224307,0.7522899,-1.7538481
545,0.91960174,-0.27204815,0.4487621,1.6111261
546,0.26789334,-0.70237017,-1.0641248,-0.91521794
547,1.029135,-1.222429,-0.68145895,-0.7946956
548,-1.9183636,1.3477633,1.4391791,0.7894813
549,0.14752364,-0.41079262,-1.0366255,-0.8802734
550,-2.2459333,0.5734229,0.00747121,-0.024697881
551,-0.32744917,0.23436208,-1.0866364,-0.48156372
552,-0.4766,-1.1412883,-2.2882576,-0.483734
553,-0.0031644788,1.0435944,0.83037597,0.46185845
554,-0.50268185,1.6183,1.3278009,0.95047736
555,-1.1748612,-0.7625013,-0.8375603,0.76949173
556,-0.009931122,-1.0680722,-0.764558,-0.60783744
557,-0.6271255,1.0675815,-0.012517208,0.6514628
558,-1.5120388,-0.41079202,-1.661668,-1.0712801
559,1.0291471,-1.2224296,-0.5951929,-1.5351852
560,1.0291467,-1.222431,-1.6815624,-1.0679032
561,1.029149,-1.2224286,-0.3148669,-1.407254
562,0.8201213,-1.1953797,-1.8331373,-1.7519224
563,-0.9997587,1.4830301,1.7419342,1.39293
564,-1.0768319,1.4830282,0.3367026,-0.18646225
565,-2.1361008,1.4830377,0.42187798,0.21188283
566,-0.84463644,-0.6813345,-0.50814563,-0.1751235
567,-1.0014862,1.8124983,-0.48257175,0.01394352
568,0.39064804,0.45712218,-0.006059722,-0.9125159
569,1.0222634,-0.77171844,-0.5577602,0.31185636
570,0.6935234,0.08497687,-1.1055633,-0.91029364
571,-1.448307,1.563739,0.29347828,-0.22088435
572,0.45539927,-0.857189,-1.7265551,-1.4360943
573,1.0291446,-1.2224299,-0.0070084054,-0.79551905
574,-0.8263884,2.0241191,-1.7149229,-1.1571642
575,0.8201226,-1.1953734,-1.9738868,-1.835852
576,-1.0811127,-0.494858,0.296437,0.31369692
577,0.38619572,-0.14024742,-1.5893589,-1.1820258
578,1.0291578,-0.95189434,-0.36451364,-1.2135845
579,1.0291606,-1.2224302,-0.29044905,-0.6137103
580,-0.44855708,1.3819774,-0.27044094,0.39479873
581,0.98560303,0.18441148,-0.68925864,-1.3699203
582,-0.35131094,1.3536457,0.22502027,0.13304493
583,1.0291463,-1.2224319,-1.2899569,-1.2537942
584,1.0291371,-1.2224306,0.05043271,-0.35846522
585,0.8201174,-1.1953739,-2.1325505,-1.8698527
586,-0.7918649,1.7876252,1.8554591,1.9916204
587,1.0291433,-1.2224319,-0.803972,-0.17157261
588,1.0291452,-1.2224314,-0.02878969,-0.89296466
589,0.45273355,0.047705334,0.5465464,0.49832654
590,-0.8728688,1.1567442,0.21841192,-0.22459725
591,-0.19956872,0.6713988,-1.0694511,0.08225185
592,-1.1721855,0.3901838,0.61413044,0.18219215
593,-0.10376815,0.8773615,-0.20195025,-0.22245446
594,0.05296199,-0.23253106,-0.8471713,-1.2097367
595,1.0291406,-1.2224299,0.52492726,1.0008281
596,-1.1990862,0.4242283,1.8184727,1.9916204
597,0.04657527,-0.6799489,0.37542444,-0.026603809
598,-0.11768797,0.9419413,-0.17063048,-0.37993845
599,-1.04782,1.4830227,1.6834815,0.43461886
600,-1.612748,0.8455813,-0.7756566,-0.22394615
601,0.14733942,0.0010715956,1.307578,1.1458045
602,-0.34546804,0.6713683,-1.2655575,-0.453508
603,1.0271776,-1.2106309,-0.62839806,-0.43172216
604,-0.17808293,-0.9518834,-0.8899678,0.6102429
605,-0.7397057,-1.0663277,-1.40956,0.7727045
606,-1.2533432,0.7622003,0.19751638,1.0440454
607,1.0101116,-0.66937184,0.9382227,1.1014987
608,0.7036394,-0.60017097,-1.1540122,-1.4705616
609,-0.48908332,1.3663615,-0.07917826,-0.2666102
610,-0.07669212,1.0610281,0.9580992,0.99171793
611,-0.8794029,0.06415755,0.16810454,0.08050115
612,-0.33595166,1.2248546,1.2342412,0.80446684
613,0.5394649,-0.32584378,1.4385054,1.1801709
614,-0.1694845,-0.14024782,-1.120546,0.13258372
615,0.3977715,0.42568344,1.4273149,1.5925251
616,1.0291529,-1.2224303,0.70744497,0.22080122
617,-1.1747934,-0.7625021,-1.248406,-1.3067133
618,0.8201293,-1.1953696,-1.9666319,-1.8325051
619,-0.69331455,0.53259313,1.8057264,1.8442348
620,0.8201162,-0.41079083,-1.826532,-1.4222322
621,-1.1942703,0.6724837,0.10486538,0.46143013
622,-0.3081465,1.198735,1.5521711,1.5339322
623,-1.885874,1.3477641,0.94031084,0.6568119
624,-0.6204426,0.17396325,-2.0996737,-1.3359267
625,0.91876745,-1.1899571,-0.32539755,-1.5289947
626,1.0291303,-1.2224315,-0.6297866,-0.7629384
627,1.0139812,-1.0601029,-1.9857494,-1.8424473
628,-1.1182505,1.4631239,-0.41665903,-0.43013975
629,1.0291364,-1.2224312,1.2555457,0.38795882
630,-0.6663402,0.7348822,0.2296438,-0.08969468
631,-0.09025802,0.94194317,0.6765912,-0.028177138
632,-1.9579085,0.8229006,0.24780309,0.84333134
633,0.85012865,-0.16188869,-1.5492538,-1.5267417
634,-2.1386921,0.94193363,0.94533557,0.6550338
635,-1.6037451,0.88509434,1.7213265,1.112905
636,-1.6326072,0.47779405,0.38281453,1.0146205
637,1.0292017,0.26557308,-0.92938536,-1.1870887
638,-0.120661296,-0.16527992,0.34429398,1.9912614
639,-1.3377556,0.88290614,1.7781043,1.8430873
640,-0.09955945,0.8594712,0.1740979,-0.45360819
641,0.38693967,-0.41079208,-0.29829988,-0.2864183
642,-2.013343,1.8888509,1.4494706,0.77187884
643,1.0291384,-1.222431,0.6984818,0.3112719
644,-1.1370059,-0.8543967,1.0024108,0.96682763
645,0.96864235,0.060579654,0.16672704,-0.5696496
646,1.0291406,-1.22243,0.10820463,-0.872784
647,0.35989797,-0.51393235,0.6806012,0.2347379
648,0.8201077,-0.4107924,0.06277209,1.0327424
649,-0.9646506,-0.13915123,0.47454062,0.8370866
650,1.0291504,-1.2224296,0.5553519,-0.27847126
651,0.45544112,-0.8571912,-1.7297708,-1.4316494
652,-0.43729293,0.778092,0.2285123,-0.053807676
653,-0.65108335,1.390593,0.6387597,1.2467043
654,1.0291431,-1.2224327,-0.5980618,-0.8307932
655,-1.9219398,0.845074,1.1216543,1.1538386
656,-0.4229425,1.693771,1.9026666,1.9916204
657,0.4554329,-0.8571939,-1.7196993,-1.0679032
658,-1.9531002,1.7535776,0.96476233,0.77066207
659,0.7018436,-0.57347256,-0.009342277,-0.41068247
660,0.29063216,0.40084141,-0.0062543117,-0.071225934
661,1.0291585,-1.2224298,1.1103902,1.042546
662,1.029135,-1.222428,0.38475177,0.79861975
663,-0.5060428,1.7528784,1.0719806,1.5700134
664,-0.34391952,0.3570536,0.9095926,1.1508249
665,1.0139732,-0.9951651,-1.2266353,-1.7947466
666,-1.3086436,0.63200647,0.983083,1.6417545
667,1.0085958,0.18219373,-0.8707248,0.7772544
668,0.9888542,-0.39909673,0.59516156,-0.14045846
669,-1.2023168,1.9044992,0.81270194,1.6711494
670,0.08201385,-0.95208365,0.957797,1.865004
671,0.8688752,-0.21760212,0.060298156,0.62235725
672,1.0291382,-1.2224308,0.53182435,0.31134334
673,0.99427956,-0.646165,-1.3551888,-1.7534856
674,-0.975321,1.6063335,-0.11010741,0.32094303
675,0.4605154,0.16350605,-1.0075529,-1.2329487
676,1.0291457,-1.1412894,-0.28885463,-0.012838077
677,1.0139756,-0.9951714,-1.562644,-1.9394197
678,-1.5120894,-0.5731251,-1.2632473,1.0982546
679,0.38617527,-0.41079307,-1.7672237,-0.8528139
680,-0.17889228,0.6174896,0.011812717,-0.15393142
681,-1.1454335,0.7250873,2.0886388,1.8788745
682,-0.59529614,0.66042507,0.6026953,0.9642551
683,0.8378711,-0.19433956,0.7084981,0.7702012
684,1.0291936,-1.1611263,0.18940079,-0.24181652
685,1.0291587,-0.9518935,-0.38473004,0.83308434
686,1.0291318,-1.2224289,0.84187067,1.0639778
687,1.0291404,-1.1413006,-0.24249476,-0.00091968384
688,1.0291413,-1.2224317,-1.3465712,-1.9857602
689,-1.3502139,1.4553435,0.038975958,-0.18388648
690,-0.44527015,1.2119827,0.41320747,-0.10888811
691,1.0291544,-1.2224319,-0.40554556,-0.6972298
692,1.0291376,-1.2224314,-0.73775345,-1.397808
693,1.0291463,-1.2224308,0.67926264,-0.30429184
694,1.0291429,-1.2224312,0.4400344,-0.5231776
695,-1.0067456,1.4830245,1.3667082,0.9592193
696,0.57011384,-1.0780498,-0.16749856,0.789363
697,0.74586433,0.44088435,0.10442047,-0.068125896
698,-0.03853972,0.8220845,-0.8264221,-0.28461346
699,1.029141,-1.2224299,0.18972704,0.7014263
700,-0.35752475,1.1320168,1.0410423,1.2685577
701,-0.31664187,0.74048334,0.92705375,1.3750786
702,0.76445484,-0.2885495,-0.504797,-0.76230323
703,0.45542002,-0.8571904,-1.7129972,-1.3628496
704,-0.337942,1.3526937,0.7145554,0.24317114
705,0.06718552,0.12355808,0.9451645,0.7701955
706,0.93632597,-0.5185835,-0.2851877,0.69315314
707,-1.9046094,1.2828265,1.5896385,0.8481631
708,1.0291537,-1.2224298,-0.24897122,-1.6798079
709,0.14753133,-0.41079286,-0.92912734,-0.2216669
710,-1.9394413,1.3076328,0.46822485,1.2805792
711,-1.6160395,0.4593229,0.44001132,0.010482126
712,1.0291427,-1.2224277,0.38121167,-0.7619508
713,0.9321841,-0.5488775,0.14094082,-0.27473584
714,0.7617463,0.0042385226,-0.33150405,0.09068687
715,1.0291406,-1.2224307,-0.7679881,-1.7066356
716,-1.1478473,1.4207681,-0.92113644,-0.41972357
717,0.76481086,-0.06735731,0.3278812,-0.06902688
718,1.0290995,-0.68133575,-2.2713697,-1.6032944
719,1.029152,-1.2224287,-0.4250468,-1.8528233
720,1.0291525,-1.222433,-1.3910592,-1.2569311
721,1.0291363,-1.2224308,0.6341789,-1.3665491
722,0.76034564,-0.6540549,-0.53561205,-0.37596422
723,-1.2300498,0.5631701,1.4223483,1.3823268
724,-0.97839373,1.2376573,0.792309,0.80202717
725,0.38617167,-0.41078824,-0.29029217,-0.21700229
726,0.83374834,-0.614537,-0.94370496,-0.7613458
727,0.24493206,-0.7923145,1.5821711,1.6856681
728,0.9508098,0.17787525,-0.22515349,-0.53008074
729,0.964794,0.12484411,0.01569994,-0.274111
730,-0.6806912,0.7488381,0.22551131,0.8072348
731,-0.89447165,-1.1555566,0.7332893,1.6792029
732,0.24617629,-0.024961859,1.0787591,1.1718787
733,0.79084367,0.3937942,-0.77958536,0.24030493
734,-1.0469568,-0.4759345,-0.6641254,0.007155593
735,0.99426746,-0.64616394,-1.4029648,-1.753905
736,1.0181216,-0.7222906,0.20112325,0.35215703
737,-0.10014629,0.9419422,0.37701046,-0.2237186
738,1.0291485,-1.222429,-1.373837,-1.2565515
739,-1.410852,1.143816,0.3936236,-0.10846727
740,1.0291388,-1.2224314,0.14485376,0.31112865
741,-0.46093228,1.426194,-0.10119113,1.14047
742,1.029137,-1.2224294,1.1081843,0.7702012
743,-0.16481163,0.9823794,0.015131067,-0.011901904
744,0.8738524,-0.15149818,0.9696895,1.2411095
745,0.97429013,0.20271726,-0.29595327,0.13768774
746,-0.8923492,0.27575672,0.73459905,0.7556751
747,-0.9934164,1.4830256,1.8698703,1.4204335
748,-2.0390754,-0.050519608,0.16835774,1.4038368
749,-1.1370348,1.5608017,0.84891623,1.2244624
750,0.48630804,-0.1231006,0.3999999,0.38422054
751,0.9855667,0.18440819,0.3114809,-0.943134
752,0.9942868,-0.6461613,-2.0025206,-1.8298353
753,-0.0748907,-0.69439054,0.8256088,1.2276744
754,-1.978877,1.529031,2.0193255,1.1596122
755,1.0291554,-1.1412878,-0.30451235,-0.0016095334
756,-1.8893735,0.8569891,-0.3772513,-0.24346541
757,0.94230175,-0.007913584,-0.11096841,-0.012928997
758,0.2539959,-0.5460647,1.3923738,-0.2935763
759,1.0291252,-1.2224336,0.4704917,-0.015861304
760,1.0291374,-1.2224286,-1.8225003,-0.7965987
761,1.0291481,-1.2224276,0.40976733,-0.6070088
762,0.9820201,-0.9555596,-0.3335477,0.627616
763,-1.3178308,0.56316715,1.283653,0.23022154
764,1.029171,-0.14024478,-0.87948155,-1.545848
765,-0.9384577,1.4525001,-0.18183523,0.1424338
766,0.08704124,0.96017057,0.73502904,0.44850373
767,1.0291419,-1.2224323,0.31540442,1.1264277
768,-0.70465845,0.5960939,0.7118172,1.0356115
769,0.92427295,0.08599988,0.483595,1.9916204
770,-0.8349688,0.8771689,-0.0891386,-0.38084266
771,-0.30242142,-0.12207336,-0.21221209,-0.02417951
772,-0.5701848,0.67139447,-2.0477984,-1.3670057
773,-0.2923435,0.24963395,0.14950228,0.035934575
774,1.0291672,-1.2224321,0.6383892,-1.3651611
775,-0.27085015,0.5599084,-0.6130461,-0.16988121
776,1.029122,-0.14024505,-1.5115321,-1.6798079
777,1.0291523,-1.2224299,0.24329197,1.0019007
778,-0.84096617,-0.85219187,0.3613501,1.0615724
779,1.0069441,-0.31851095,0.99393535,1.0010436
780,-1.0696187,1.0883062,0.40483484,0.43501076
781,-1.0235806,0.060948618,-0.4409827,-0.25446746
782,0.41408643,-1.0902543,1.276853,1.5364577
783,-0.21814297,1.2595761,0.0710121,0.047188483
784,1.0291643,0.13029802,-0.18791099,-0.69954294
785,-1.3297929,1.2060087,1.4422075,1.9536412
786,0.51104045,-0.0049782353,-0.3513601,0.48323986
787,-0.17801616,-0.9518857,0.6972307,0.8390769
788,1.0291344,-1.2224302,0.1239486,1.0575556
789,-0.6105364,-0.3228153,0.33906794,1.5584056
790,-2.6130903,0.67138904,0.44305748,0.38457245
791,1.029143,-1.2224319,1.6494542,0.7444553
792,0.47254667,0.3219524,0.4597278,-0.007613297
793,1.0291442,-1.22243,-1.1377003,-1.2381101
794,0.3861897,-0.14024492,-1.0257218,-0.95395136
795,0.9169219,-0.02461284,0.12801096,-0.22264148
796,1.01399,-0.5731202,-1.7293758,-1.7896663
797,-0.037021093,0.17266467,1.0696427,1.3140428
798,-1.4364418,1.8888535,0.8971254,0.3262471
799,1.0259982,-1.0413071,0.90289485,1.1501164
800,-1.3208774,0.56316847,1.4543157,0.38818532
