id,coolant,u_q,i_q
1,-0.555098,1.7047329,-0.3497908
2,0.35066977,-1.3278744,-0.24572322
3,1.9890434,-0.77599895,1.4429615
4,-0.10660908,1.7174115,-0.24259351
5,0.3796678,-0.2978523,-2.0303578
6,1.9189537,-0.024507811,1.4141186
7,0.18433,-1.0740628,-2.0910292
8,1.0093403,0.08780151,0.4078535
9,1.116453,1.1554974,0.054165144
10,1.7027981,-1.2979931,-0.24571414
11,-0.42369524,1.510687,0.07815496
12,1.2246056,0.823997,0.25852406
13,-1.209475,0.7937869,-1.0359861
14,-1.0669463,0.4581313,1.1112734
15,0.60788935,1.1689605,-0.97424257
16,1.261506,1.6838067,-0.2968738
17,-0.0441421,-1.293298,-0.24573731
18,-1.0590934,-0.14407136,1.2848253
19,-0.36052164,0.29500997,-0.76435333
20,1.7475554,1.569873,-0.16480829
21,-0.612318,0.7108077,0.34621742
22,1.0104909,-0.0409287,0.8971251
23,1.9455177,-0.16658328,1.7196451
24,0.090237215,1.043806,0.3307597
25,-1.0913103,-0.1540584,-0.6174071
26,-0.17092249,-0.7427696,-1.6684697
27,0.33244142,0.25005147,1.7166469
28,-0.13128152,0.36335403,0.7872518
29,-0.13815245,1.0089934,0.54043597
30,0.39448053,-1.3149108,-0.24572106
31,-0.5283787,1.6131557,-0.49757895
32,0.9753174,-0.3644495,0.53593075
33,0.3256637,0.7158987,0.73548156
34,0.52060115,-0.35008615,-1.9724045
35,-1.0722772,0.51204884,0.23412962
36,-0.52830887,1.2887158,0.46254057
37,-1.0790131,0.8956522,-0.245707
38,-1.070372,-1.1692077,0.4869198
39,0.09640238,0.12778981,-0.9696177
40,-0.64072955,-1.2505407,-0.24571614
41,0.32702154,1.5133644,0.1868977
42,-0.606361,0.724602,-0.8927988
43,-1.0608271,0.7450801,0.30455378
44,0.76377654,0.121442884,0.9726926
45,-0.6078351,0.63692087,-1.2359453
46,0.98740387,0.016510993,-1.6983513
47,2.1889248,-1.3277125,-0.24565864
48,-0.5829282,1.6174637,-0.28796223
49,1.4655864,0.18134962,-2.2241645
50,-0.6412194,-1.2494832,-0.24571879
51,2.172637,-0.7326132,-0.24571222
52,-0.54869753,0.7406973,0.8209655
53,0.33256507,-0.11914612,-2.3366091
54,0.17474493,-1.3270911,-0.24560396
55,-1.046919,0.73878586,0.304538
56,1.7475554,-0.74069315,1.3478204
57,-0.736962,0.78922385,-1.010766
58,-1.0578512,-0.7127972,0.3685979
59,-1.0385066,-1.1848449,-0.09144154
60,-0.16555664,-0.55568945,-2.2489114
61,-0.7272628,1.5034838,0.094579235
62,1.9398507,-1.2927213,-0.24569902
63,0.7206575,1.1659238,0.27958602
64,-0.58259785,-0.4118878,-2.7265184
65,0.55451286,0.5982105,0.5549157
66,-1.0463912,-1.0622907,1.600986
67,-1.0688865,-0.2513316,-0.09143945
68,-0.001730396,-1.2514154,-0.24572416
69,0.13373417,-1.2963495,-0.2457374
70,-1.0218029,-0.63975376,0.82559586
71,0.32767957,0.73639166,0.3091197
72,-1.1389881,-0.093730554,0.88900375
73,-1.0698603,0.83793306,0.41710395
74,2.1686,1.6399752,-0.05537562
75,-1.0691476,-1.2601042,-0.24570398
76,1.2224717,1.1219126,0.17896251
77,-1.0742748,0.9170553,-0.24572772
78,0.3301182,0.15871547,-1.6587161
79,-0.1659893,-0.50108504,-2.1969113
80,-1.0798792,1.682907,-0.2550195
81,2.1905377,0.87346727,-0.98723185
82,-1.0492202,-0.6741555,0.5601022
83,1.9480299,-0.19712384,-0.2457093
84,-0.8059444,1.6933627,-0.49381974
85,-0.60253507,1.2617041,-0.8973943
86,1.7475554,1.206074,0.4755119
87,-1.0445089,-0.14403288,0.4529598
88,-1.065041,-0.25885478,1.2525209
89,-1.0670562,-0.14804302,-0.61741537
90,1.255958,1.5522063,0.07125172
91,0.17534006,-1.2668742,-0.24571207
92,-1.0723919,1.6729167,-0.2565096
93,-1.0735073,-1.1692101,0.48692045
94,-1.211159,-1.3004179,-0.24572597
95,1.1801866,-0.6959729,-1.4528649
96,-0.363854,1.3613968,-0.64470345
97,2.176567,-0.73256683,-0.2457248
98,-0.16307628,-1.2890316,-3.1392941
99,-0.5495097,-0.22916171,-1.9181542
100,-0.638004,-1.2498639,-0.2457177
101,0.070098996,0.23874123,1.1766071
102,-1.0691167,-0.59751,2.4084983
103,-1.0672102,0.8378227,0.41710836
104,0.31674403,-0.17127836,1.604845
105,1.7475164,0.6575491,-0.90774465
106,0.27889323,1.5543658,0.21201788
107,0.5225791,1.6920428,-0.15949035
108,-0.6960501,-1.2994065,-0.24572869
109,0.32803342,1.5825416,0.0136658875
110,-1.0466014,1.6842782,-0.25450838
111,-0.12821408,-1.2657121,-0.24570873
112,0.38532147,-1.318148,-0.24570905
113,0.8396379,-0.26616764,-2.6674833
114,0.6093375,-0.23091738,-2.3044705
115,0.33069658,1.5440081,0.048953347
116,-0.6993086,0.90567744,0.50868475
117,-1.09344,1.6826781,-0.25501934
118,1.9534489,1.1993371,0.38568804
119,-0.6386372,-1.2486562,-0.24571049
120,-0.010296909,-1.2498821,-0.24572918
121,1.9540864,1.058667,0.3545261
122,-0.123566315,0.34789452,-1.9497306
123,1.2520555,-1.3293505,-0.24572106
124,0.31707957,-1.2503766,-0.24571161
125,1.2301348,-0.21294071,0.42698705
126,0.3478168,1.7246755,-0.40583208
127,0.113567896,1.1399325,-0.80983734
128,0.2791383,0.1818114,1.2891504
129,-1.072782,0.79547834,0.4473949
130,-0.66512895,0.7438367,0.63978493
131,-1.0665628,1.7075183,-0.22134994
132,0.8389598,-0.42178175,1.0015416
133,2.1751478,-1.3242894,-0.24571846
134,0.913078,-1.3286655,-0.24572594
135,0.55722356,-0.5044177,-0.550594
136,-0.7828019,0.49424687,1.3575054
137,0.8389598,-0.5228443,-1.7447274
138,-1.059839,0.653642,0.2336579
139,1.6331441,-0.0015931008,1.5083582
140,-0.63424623,0.73390424,-0.8440966
141,-1.073225,-0.11766114,1.3230643
142,-1.0729896,1.050675,-0.8275351
143,0.6072014,0.6693768,0.8505344
144,1.7475554,1.5007904,0.102671415
145,-0.45623818,-0.31323573,-1.3751693
146,-0.720573,-1.3023747,-0.24573416
147,-1.040264,-0.6809989,0.3725147
148,-0.29940155,0.21695238,-1.2108825
149,-0.6401835,-0.7972395,1.7232718
150,-1.0584848,-0.11026029,1.3230727
151,1.2372694,1.1477562,0.20020624
152,-0.57532513,1.0952028,0.78488535
153,1.7475554,-1.3160474,-0.2456999
154,0.34090087,1.2334783,0.12778036
155,-0.30018616,0.2549681,-1.0698967
156,-0.6124041,0.91895974,-1.0159626
157,-1.0605913,0.55491215,0.4171021
158,-1.0871581,-0.71740866,-0.24572536
159,1.0100408,-0.030598663,0.4127934
160,0.20793207,-0.80047077,0.4345717
161,-1.2111281,1.3862494,-0.3573302
162,0.15588161,1.7332805,-0.12885348
163,0.8389598,1.5589507,-0.44535065
164,-1.049484,-0.63933384,0.67951304
165,0.3353435,1.752267,-0.21647477
166,-1.0216017,-0.61254406,0.7178015
167,0.328771,-0.24182229,0.61985224
168,-0.35718212,-0.40331167,2.595421
169,-1.0376493,-0.8042552,0.40047264
170,-1.0670997,0.5445903,0.4171028
171,-0.6665856,-1.2969754,-0.24572133
172,-0.8264101,-0.28630525,0.67676675
173,-0.8269505,-0.6919039,2.6698544
174,2.1801527,0.66107154,-0.8994871
175,-1.0848066,1.5137452,-0.5290816
176,1.012783,1.6098253,-0.0644115
177,2.1503427,-1.3208647,-0.24571063
178,-0.13129742,-0.95133805,-2.3259664
179,-0.92108786,-1.284972,-0.24572532
180,1.408074,0.13590494,0.5089662
181,2.1476467,-1.2992887,-0.24571446
182,2.1047392,1.6282417,-0.54121685
183,-0.36096302,-0.40329185,2.595431
184,-1.0937942,-1.0724323,2.914141
185,-0.1750851,0.12135174,0.01249581
186,1.0238308,0.055993214,1.1060721
187,2.1482208,-1.3004421,-0.24571559
188,0.596031,1.1961609,0.036146853
189,0.98615855,-1.1286156,-0.24571463
190,1.9492722,-0.7370181,-0.24572162
191,-1.0409256,1.0190822,0.11701641
192,0.17855047,-1.2520859,-0.2458729
193,1.0071698,0.88070273,0.94527435
194,1.0074195,0.88003576,0.9452666
195,-1.0896136,-0.7051016,0.48692942
196,-1.0527095,0.69941944,0.30762288
197,1.6611186,0.10876812,-0.49816662
198,-1.0782365,1.2917696,0.15774412
199,-0.5488106,-0.5881478,1.5829825
200,-0.69265807,-1.299231,-0.24569756
201,-0.64290977,-1.262105,-0.24571891
202,0.5686036,0.28232595,-0.39332002
203,0.5661699,-1.2397484,-0.24570946
204,-0.1468515,1.1295071,-0.8503317
205,-1.0368593,-0.67416805,0.5600562
206,-0.06442192,0.3780987,1.2813143
207,-0.37470454,0.35584328,-1.9005398
208,1.747553,1.7558377,-0.3378078
209,-1.0419672,1.5153676,0.22696884
210,-1.0663904,-1.1853144,-0.091441676
211,2.1813233,-0.21234947,0.9253449
212,-0.90643746,1.6085958,-0.097879045
213,2.1762319,1.7580452,-0.24553451
214,-1.0865109,0.28316766,-1.8273418
215,0.322082,-0.1739607,-0.47810748
216,1.9526181,-0.32059273,-2.252478
217,1.2429911,-1.3299133,-0.24573863
218,2.02337,-0.21286894,0.48691764
219,-0.051163174,1.5720495,-0.32819086
220,0.91225463,-1.3230653,-0.24572046
221,1.2471094,0.46267685,0.7579378
222,-1.053069,-0.7250605,0.36900806
223,2.1747978,0.38615206,1.07149
224,0.38925475,-1.2976104,-0.24570328
225,0.32790652,0.3091595,0.48692396
226,0.8389598,1.3182089,0.29337046
227,0.33296642,0.8716588,0.13100305
228,-1.0658616,0.53741103,0.41710138
229,1.0059413,0.7051824,0.31177974
230,-1.0559845,1.5800173,0.057374135
231,1.007438,-0.7021808,0.13102189
232,-1.0513431,0.862762,1.067363
233,1.2454387,-0.7908991,1.7232659
234,-1.0584884,0.6492461,1.1367681
235,-0.6968595,1.2375201,-0.23562697
236,1.5029584,-1.0803125,-0.23080905
237,-1.0728275,-0.14725363,-0.61742216
238,0.9797398,1.4187611,-0.58615386
239,0.6096737,-0.84537643,-1.5639073
240,1.7408893,-0.66569644,0.55131984
241,-1.1012465,-1.1852876,-0.24574223
242,1.7475554,-0.46401632,1.3841537
243,-1.0316232,-1.3135812,0.9732742
244,-1.0750319,0.009226382,1.5612493
245,-0.04494842,1.7306831,-0.40242276
246,2.177354,1.7474933,-0.36368594
247,-1.0565238,0.8728948,1.0683122
248,-1.0825676,-0.10607421,1.3230828
249,0.31846407,-0.42165953,-1.6153042
250,1.4502811,1.0214882,0.001920082
251,2.1758947,1.7304481,-0.2489482
252,-1.0751753,0.5567908,0.41710925
253,-1.0495514,-0.257818,-0.0914454
254,1.6609678,0.033244412,0.31479466
255,-1.1001045,0.6407454,1.1367803
256,-0.6601716,-1.2513183,-0.24571034
257,-1.0850657,1.7455063,-0.24597746
258,-0.06790766,0.28663376,1.6361433
259,1.25394,0.23833333,1.3867406
260,-0.6409024,-1.2509141,-0.24572456
261,-0.63401526,0.48832896,0.4198454
262,-1.0787975,-1.2995933,-0.24571148
263,0.3270667,1.3270776,0.48434594
264,0.0707567,-1.2680608,-0.245719
265,0.31211987,-0.2901486,-2.1457953
266,1.0092654,0.01481458,0.41040346
267,1.0651593,1.1606815,-0.15839536
268,-1.0780574,-1.168732,0.48692292
269,1.1770759,-0.40974236,0.90445316
270,2.2574172,1.5864321,-0.50820655
271,1.0131812,1.6092645,-0.06397882
272,-0.30582887,1.1744263,-0.86830467
273,0.78608716,1.5438693,0.12819886
274,1.014235,-0.035115153,0.41238305
275,-0.6439375,-1.2597679,-0.2457223
276,2.1762114,1.7581297,-0.24556983
277,-0.35153237,0.459026,1.3405138
278,0.3246838,-1.0463896,2.2188141
279,2.1799736,0.2861332,-1.2781105
280,2.172228,-0.639205,-1.532703
281,-0.070980236,-0.6829053,-3.0730162
282,1.0158446,0.71020204,0.31188685
283,-1.0598872,0.5525949,0.41710058
284,1.9329811,-1.2938362,-0.24570674
285,0.33072874,-1.3307791,-0.24572392
286,-1.0530468,-0.69861823,0.36806843
287,1.4760253,1.4734157,0.13880327
288,-1.0653828,0.6448089,1.1367663
289,-0.18437979,1.5462074,0.0704529
290,-1.0641679,-0.7134349,-0.24572216
291,-0.6384016,0.5880139,-1.0417925
292,-0.69632035,-1.3003743,-0.24570741
293,0.33426356,-0.69811374,0.1310087
294,0.327105,-0.8296996,0.4940389
295,2.1763196,-0.73390895,-0.24570313
296,-1.0613202,-0.08803941,0.34407383
297,-0.66545826,-0.35912865,-1.3993646
298,0.8389598,0.92670125,-1.3502748
299,-1.0475857,0.31174585,0.2909753
300,-1.0782478,-0.70976657,-0.24571946
301,1.9373238,1.4073244,-0.6585738
302,-0.12549739,1.6764028,-0.5022642
303,-1.0936033,0.29701954,-1.8280009
304,-0.123802476,-1.332274,-0.24571107
305,0.7151578,-0.38037926,-2.5171833
306,1.9922026,1.3076748,0.16752619
307,0.31591275,-0.25817236,1.1627378
308,-1.0757084,0.85954195,1.0676837
309,-0.36559883,0.14195536,0.98833287
310,0.32761306,0.8709193,0.13100915
311,-1.0851294,1.725359,-0.24588957
312,-0.04563914,-1.2946074,-0.2457119
313,0.5555121,-0.3851248,-2.2626448
314,-1.0616586,-1.2363939,0.24835323
315,-1.0644624,0.007784025,1.5612473
316,1.9769846,0.61369926,-1.1788489
317,-0.8153307,-1.2721127,-0.24572788
318,2.1152363,0.81450063,-0.9668138
319,1.7104622,-1.3161583,-0.24571082
320,-0.38513866,-0.61162287,0.7337597
321,-0.52840173,0.05071878,-1.5885512
322,0.3335378,1.2557899,-0.73386186
323,-1.0708051,-0.69945854,2.291024
324,-1.0658104,0.4099931,-0.09143999
325,-0.6609471,0.21116164,1.0330487
326,-1.2111796,0.71986884,-1.3904147
327,1.9541914,-0.19834085,-0.24573088
328,-0.8623862,-1.2804013,-0.24570772
329,-0.6729129,1.5591073,-0.34712517
330,0.85210466,-1.2507973,-0.24598123
331,0.44294557,0.41926473,0.3233395
332,-1.0488827,1.6841741,-0.25437313
333,-1.0667326,0.88196075,1.0687228
334,0.3395942,-0.16510764,-1.7610528
335,-0.7351086,1.6625935,-0.020586206
336,2.180167,0.81910837,-0.84738797
337,0.33734724,0.7509508,0.7220353
338,-0.35517034,-0.4013597,2.5954266
339,-0.7019587,1.645639,-0.04288829
340,-0.12633072,-0.7992365,1.7232417
341,-0.12948129,-0.4370765,-2.3827353
342,-1.0942092,1.198687,0.37812465
343,-0.80992126,-1.2488426,-0.2457011
344,1.9405193,-0.73606735,-0.24570867
345,-0.697192,0.74537003,0.30503628
346,0.33061603,0.74229795,0.30645317
347,-0.31801194,-0.079815015,0.42579156
348,0.32670996,1.720929,-0.43423605
349,0.5267716,-1.2994609,-0.24570033
350,1.3339173,-1.2504826,-0.24573451
351,-0.6018062,-0.0047206,-1.3069134
352,-0.79199505,-1.3256905,-0.24571875
353,-1.0910779,-0.7004443,0.4869185
354,-1.07737,-0.05123197,0.68902075
355,0.5070207,0.79363626,0.5035471
356,-0.35533518,1.2147588,-0.7508952
357,0.51365465,-0.91282356,-1.7624937
358,0.16694216,0.604093,-1.0287797
359,0.54931015,-0.13411638,-2.2497501
360,-0.35414356,0.33853993,1.2516997
361,-0.6856856,1.3952392,0.064391956
362,-0.056135695,0.5765169,-1.4226263
363,-1.0728481,0.40940237,-0.0914375
364,-0.044820163,-1.2942672,-0.24570225
365,0.35907298,1.0247295,-0.991166
366,2.164649,0.017417233,0.7000133
367,-0.6433728,-1.2520145,-0.24571697
368,1.1771688,-0.4077953,1.1333457
369,0.3185412,-0.3530169,1.6314578
370,1.131667,0.73296356,0.485385
371,-1.0926896,-0.12372936,-1.3642867
372,-0.77871907,-1.2605892,-0.24571376
373,-0.5894518,-0.7558403,1.8979723
374,-1.0770512,1.5933663,0.00042271972
375,-0.2107791,1.7515737,-0.2768644
376,1.6621567,-1.2870868,-0.24573073
377,-1.0690827,-0.562531,1.007329
378,-1.0755907,1.7355663,-0.24592187
379,-1.0625687,0.7084743,0.30602217
380,1.3483973,1.0357513,-0.8390962
381,1.1048088,-0.34615493,-2.2921765
382,-0.35181198,-0.041149646,0.53822863
383,-0.6041495,0.3255979,0.4869165
384,-1.06975,0.41032404,-0.09144916
385,-0.7918592,-0.52716416,-3.0161142
386,0.2953877,1.0170816,0.23315959
387,-1.0891126,0.88206893,0.5540587
388,0.2837464,0.9165421,0.47103024
389,-1.0746559,-0.96940535,1.0219882
390,-1.057738,-0.14779522,-0.61741775
391,2.111441,0.8306273,0.29435918
392,0.19478089,1.651754,-0.059465036
393,1.1242414,1.0058943,0.5973751
394,-1.0380867,-0.35908127,0.33415726
395,1.1942934,-1.2653556,-0.24572656
396,1.2409127,-0.22346994,0.5275586
397,0.73712754,-1.2917241,-0.24573132
398,0.13105662,0.28129002,-0.23622996
399,0.6095884,1.7084405,-0.12031865
400,-1.053831,0.87313896,0.38421127
401,-1.0836442,-0.08539185,1.8901527
402,-0.32953954,-0.676417,-0.8939489
403,2.1745017,-1.324464,-0.24571943
404,1.0444713,-0.653655,0.7708214
405,0.8712592,1.6495532,-0.14317599
406,-1.0820211,1.7275386,-0.24587487
407,-0.04688103,-1.29469,-0.24570422
408,-1.0620775,-0.9158375,-0.09145094
409,-1.058374,-0.14955766,-0.6174086
410,0.32682094,-0.27476764,-0.19103031
411,-1.082773,-1.3005242,-0.24572627
412,1.5357589,-0.9504028,-2.8032942
413,-1.024418,-0.74164736,1.7667494
414,1.1988697,-1.264417,-0.24569666
415,-1.0692824,0.29458234,0.29103753
416,-1.0397282,-0.68568134,0.8508084
417,-1.0778515,-1.0744216,2.914139
418,1.7475554,0.72711897,-0.45321134
419,-1.0750943,1.7374132,-0.21839184
420,-1.0623863,0.29778427,-1.827234
421,-1.0666436,0.632003,0.23598294
422,1.9479378,1.4804986,-0.7889109
423,-0.046798263,-1.2949373,-0.24569678
424,-0.19063711,-1.2426325,-0.24595664
425,2.1751232,0.5562644,0.72660726
426,-1.0798705,-0.704836,0.48692092
427,-0.073135845,0.33876818,-0.013956121
428,-0.18377268,1.5440202,0.07018342
429,2.1820953,-0.6345998,0.72902966
430,-0.12007151,0.16350107,-1.1445023
431,-0.1712958,-1.2134216,-2.5191066
432,1.7474313,1.7656896,-0.26276943
433,-0.13620463,-0.59683335,1.1496147
434,-1.0808458,-0.15011229,-0.6174135
435,2.030021,1.3896606,0.10443728
436,-1.0719286,0.9601085,-0.2457165
437,-0.83956796,-0.77650917,2.530515
438,-1.0745847,1.4771168,-0.018574419
439,-1.0789269,-0.46065107,0.44094804
440,1.9438052,0.9597239,-1.1621668
441,-0.8456697,0.92393965,-0.8090038
442,0.20145857,-0.80898637,-3.2165415
443,1.0967346,-0.7312861,-0.24572855
444,1.1652592,-0.33463773,0.2941867
445,-0.5823477,1.59561,0.08212143
446,-0.07081846,-0.3211175,-2.2274895
447,-1.0840764,-0.4332512,0.48692325
448,-0.4112408,-0.068937495,0.93161637
449,0.17583497,-1.2658525,-0.24571735
450,-1.0917765,0.28585827,-1.8280886
451,-0.6119681,1.3531445,-0.6727747
452,0.3376732,-0.104156755,-1.8642457
453,0.13627814,-1.2986441,-0.24571106
454,0.54061556,0.21832262,-2.0245247
455,-0.12607746,-0.37082267,-1.6793894
456,0.25527886,0.8704485,0.1310166
457,-1.0615785,0.93079096,0.5444167
458,-0.30078536,-1.2665869,-0.24571462
459,0.89016855,-1.3212622,-0.24569564
460,0.15680969,1.393771,-0.8496129
461,0.31829512,0.2312178,1.0458534
462,-1.0448079,-0.6687987,0.2042375
463,0.0041724313,-1.2511832,-0.2457156
464,-1.0835233,-0.7027715,0.4869064
465,-1.0729604,0.63689727,0.23605667
466,-0.5817842,-0.24673171,2.3643079
467,-0.35811242,-0.15427248,-0.24572106
468,-1.0436,-0.92427117,1.6142135
469,0.3371916,1.3304461,-0.69971275
470,2.1015007,0.27552992,0.21397509
471,-0.54908454,0.6869716,1.039743
472,-1.0790383,1.6821091,-0.25511912
473,1.5195346,-1.247551,-0.24572864
474,0.17176197,-0.43600303,-1.4137878
475,1.2567269,0.76519793,0.37733057
476,0.6059643,-0.077697664,1.9523777
477,0.7784961,1.5216386,-0.71281904
478,-0.12762529,-0.2882617,1.9115951
479,-1.0688413,-1.2508485,-0.25725687
480,-0.336799,-1.3000274,-0.24570742
481,-1.0450242,0.7861951,0.44758555
482,-0.7850982,1.2340469,-0.93446696
483,-0.66832346,-0.7559602,-2.2800086
484,0.98659873,-1.1290312,-0.24571101
485,-0.5347481,-0.8275102,1.3352594
486,0.32352638,1.7017124,-0.46667093
487,0.8903153,-1.3236806,-0.24573971
488,-1.0641949,0.13214806,1.7738484
489,-1.0876269,-0.150568,-0.6174215
490,1.0024495,0.7105791,0.3119274
491,-0.044484638,-1.2944591,-0.24572287
492,1.936042,1.4446075,-0.43034112
493,0.11203375,0.35080054,-1.5056609
494,0.35445666,-0.6895682,-1.5776044
495,1.4716909,1.4119973,0.2513266
496,-1.0477223,-0.78871447,0.49701768
497,-0.5815801,-1.2471665,-0.2457079
498,1.2558273,1.5537416,0.07122193
499,-1.0718277,-0.049788114,0.68902194
500,-1.0696616,-0.70941937,-0.24571055
501,1.0100746,1.6090361,-0.06416969
502,-1.0853848,-1.0427333,2.9141448
503,-0.24825488,0.007860903,0.5421154
504,0.97646624,0.76850003,-0.8941085
505,-1.0607717,0.6123065,0.23670888
506,0.89074045,-1.324114,-0.24570158
507,1.0700564,-1.3301636,-0.2457009
508,-1.0486214,-0.7347265,0.3990585
509,1.7090229,-1.3168951,-0.24573578
510,-1.0699341,1.5199116,0.22687654
511,-1.0820699,-1.1672573,0.27636918
512,1.5063044,0.0055547515,-2.394596
513,-1.039143,-0.43806395,0.3377474
514,1.255828,1.5529642,0.071439564
515,1.915776,0.44153967,1.4472064
516,2.1797917,1.7020072,-0.25314274
517,-1.0671649,1.2430365,0.3096024
518,-1.0646594,-0.5860084,-0.09143586
519,-0.3350008,-0.69903547,0.1309996
520,-0.7987604,1.1445012,-0.90745604
521,-0.4102578,-0.72605926,1.3063585
522,-1.1356212,-1.3009207,-0.24571079
523,-0.52815205,0.47912532,0.8448205
524,1.0072908,0.9010815,0.9455848
525,0.34567675,-1.0628737,-0.7082034
526,2.1870549,-0.024062574,-1.1105415
527,-1.0651451,-0.709589,-0.24570893
528,0.13927975,0.3092516,0.28865194
529,2.1865232,0.32290587,0.22641411
530,-1.077438,-0.584599,-0.09143048
531,1.1424302,0.4978755,0.6145949
532,-1.041536,-0.2897517,0.33406815
533,0.6095884,-1.3111511,-0.24572597
534,0.38040385,0.12550956,0.48486066
535,-0.83659583,-0.44741306,-0.3746019
536,-1.0482936,1.0790018,0.7830037
537,-1.0538553,0.53867894,0.23197283
538,1.6612295,0.28508952,-0.33435044
539,0.16239256,0.013134017,0.6062291
540,-1.0708181,0.0051266854,1.5612447
541,-0.6395375,0.18402676,0.57979524
542,0.4186473,-1.3051491,-0.2457039
543,1.9583994,0.6084029,1.2278026
544,-1.0697418,-1.251486,-0.25727487
545,1.7475554,0.5739228,0.26892516
546,-0.5826911,-0.54209477,-1.8552707
547,0.17405148,-1.2645308,-0.24572366
548,-1.0395639,-0.6333709,0.56055707
549,-0.6112927,0.08369661,1.4429548
550,-0.36188495,-1.0851634,0.9525174
551,-0.67204684,0.4340437,-1.6626133
552,-1.0756832,-1.0468776,2.0137987
553,0.6095853,1.7233342,-0.14371753
554,1.0179045,1.6127603,-0.0648593
555,-1.0588162,-0.7089888,2.5954154
556,-1.0669773,-0.9992024,1.3783885
557,1.5802046,0.9551019,-0.9496938
558,-1.0720139,-0.5013495,2.914139
559,-0.64401597,-1.2586105,-0.2457392
560,-0.6144187,-1.322937,-0.24573681
561,-0.84247303,-1.2867197,-0.24570428
562,-1.0807407,-1.1691105,0.486925
563,1.0095335,0.71774465,0.3115987
564,-1.070664,0.7419085,0.30457807
565,-0.11087293,-0.8399502,0.5492418
566,-0.55925167,-0.57714564,2.2910092
567,0.18333624,1.0644214,-0.78236413
568,-1.067747,1.5105877,0.22812031
569,0.5607695,-0.353192,-0.22059876
570,-0.049461603,1.0222249,-1.2050604
571,-1.0596838,0.21284097,0.38625857
572,-1.0741136,-0.56378436,1.0073378
573,-0.55293393,-1.2737347,-0.24570905
574,-1.0469166,1.6775564,-0.2560232
575,-1.077709,-1.1692047,0.48692453
576,-1.0816482,-0.4638714,2.5064692
577,-1.0748737,0.65292054,1.1367723
578,-1.0652379,-0.7125759,-0.24570476
579,0.3284979,-1.2657326,-0.24570271
580,1.2882198,1.5297569,-0.58749056
581,-1.0417454,1.5811092,0.057343017
582,0.10709064,1.6534657,-0.4325128
583,-0.30078536,-1.2656482,-0.24571511
584,0.33696145,-1.3267046,-0.24572016
585,-1.0768048,-1.1691775,0.48691973
586,2.1813838,1.1255397,-0.7624221
587,-0.04127149,-1.2811381,-0.24572672
588,-0.5513759,-1.2741083,-0.24571958
589,0.32821023,0.703565,-1.578153
590,-0.63355094,0.79562455,0.36724725
591,-0.3775136,1.207964,0.3793159
592,-0.5283761,-0.016694656,1.0165097
593,-0.59597325,1.4964755,0.09740542
594,-0.6859935,0.07604998,-2.1214573
595,1.5899622,-1.3214326,-0.2457039
596,1.7059057,-0.10085939,1.0225488
597,-0.68765914,-0.37249628,1.551146
598,-0.18250343,1.5499315,0.070360735
599,-1.0944437,0.67220336,0.3092945
600,-0.43735364,-0.20024279,0.75744355
601,0.5311126,0.3939506,-1.9383326
602,-0.11350789,1.0653694,0.45234677
603,0.03704713,-1.227616,-0.24769652
604,1.3594248,-0.79189324,1.7232664
605,-0.17242843,-1.2608433,-2.840536
606,2.2598088,0.077618,0.74282175
607,1.404062,-0.19104047,-0.27648318
608,-1.0811044,-0.053239677,0.6890196
609,-0.6104061,1.517218,0.006672369
610,0.12678458,1.6590048,-0.51611626
611,-0.36748782,0.053607985,1.4056747
612,0.15609333,1.4818591,0.057885833
613,0.52273965,0.13753328,-1.484774
614,1.0382687,0.33037508,1.7189051
615,-0.35193923,1.3900119,0.33977523
616,0.19981259,-1.3282636,-0.24572118
617,-1.066387,-0.71611524,2.595429
618,-1.0838317,-1.1692027,0.48692077
619,1.714799,0.4345858,0.77983886
620,-0.56556445,0.34412128,0.48691484
621,-0.34690788,0.1352215,0.7748503
622,1.2432019,1.4314145,-0.69408244
623,-1.0538231,-0.5442216,0.5617022
624,-0.30078536,0.4044051,1.1778796
625,-1.0711969,-1.1672719,0.27636898
626,0.60761744,-1.299079,-0.24570332
627,-1.0494286,-0.91642207,-0.09143262
628,-1.0540891,0.72566366,0.29674733
629,1.19895,-1.267281,-0.24573562
630,-0.35491636,0.7169246,0.53405493
631,-0.1755564,1.5402795,0.07082132
632,-1.0207316,-0.6417817,0.82720983
633,-1.0655128,0.8383658,0.41710612
634,-1.0381453,-0.88725173,0.7705553
635,-0.67031765,-0.33695877,0.719058
636,1.574737,-0.584972,-1.790265
637,-1.090622,1.7313217,-0.24588734
638,1.9200519,0.27891675,1.690185
639,0.5714763,-0.05589068,0.6840964
640,-0.624071,1.4713752,0.14147888
641,0.32280883,0.15097955,1.1356645
642,-1.0440574,-0.7631891,0.40476197
643,1.2428238,-1.3274835,-0.24571559
644,-0.06722259,-1.1441655,-3.1843271
645,-0.6300169,1.2942578,0.11773273
646,0.14020202,-1.2971984,-0.24572195
647,0.32580733,-0.24128045,-1.7499906
648,1.9530631,0.286694,0.48692462
649,0.7644609,-0.18480115,1.8595499
650,0.19732334,-1.3300958,-0.24571306
651,-1.0747637,-0.56374776,1.0073282
652,-0.3170748,1.0105035,0.32902053
653,1.6373117,1.2121768,0.15409912
654,0.13980749,-1.2986652,-0.24570182
655,-0.80752045,-0.6683172,0.7980983
656,2.1788423,1.6904035,-0.44019815
657,-1.0706878,-0.56315976,1.0073441
658,-1.0587102,-0.61188406,0.44127893
659,-0.3517612,-0.026421385,0.68757164
660,0.3294364,1.3231316,0.4225195
661,1.9235744,-1.2691396,-0.24570695
662,1.7158538,-1.3148195,-0.24572414
663,2.1764488,1.7004552,-0.25302976
664,1.7467995,0.6528343,0.83576155
665,-1.0779382,-0.78499514,-0.091454476
666,1.6343282,-0.2461188,-1.5699979
667,1.7475554,1.4585254,-0.39133474
668,-0.87877786,0.37966654,0.026990937
669,1.9475828,0.67374605,0.19521007
670,1.9531237,-0.77854806,1.4510555
671,-0.34472388,0.5710439,-0.91798645
672,0.13704222,-1.321675,-0.24570636
673,-1.0666107,-0.15300527,-0.61741287
674,0.33602995,0.9762914,0.21282278
675,-1.0697169,1.179473,0.6948132
676,0.9863884,-1.1279551,-0.24570759
677,-1.0755284,-0.7843328,-0.091428936
678,-1.0555457,-0.6235556,2.9141603
679,-0.5790729,0.18110596,1.1367728
680,0.3267929,1.0071039,-1.0924714
681,1.2416035,0.07671291,0.7488267
682,0.7193142,0.5750641,-1.2519294
683,1.5195644,0.554546,-0.9913588
684,-0.30264103,-1.1778919,-0.24572721
685,2.172143,-0.7318895,-0.2457144
686,2.2025118,-1.3040303,-0.24570458
687,0.9919911,-1.1284883,-0.24573506
688,-1.0754906,-1.3001244,-0.24572924
689,-0.6586466,0.33024314,0.383193
690,-0.03723526,1.3895798,0.122854404
691,0.15548828,-1.2644031,-0.24571627
692,-1.084606,-1.3045404,-0.24573308
693,0.050951272,-1.3211974,-0.2457278
694,-0.6818998,-1.2830698,-0.24572179
695,1.025173,0.73180276,0.31037924
696,1.702077,-1.1130347,-1.4263453
697,0.32808658,1.749568,-0.3838434
698,-0.25400516,1.4966304,0.08262146
699,1.6989719,-1.2448412,-0.24572408
700,1.2437487,1.3338625,0.08045738
701,1.6346624,0.9231844,-1.0820284
702,-0.13743164,0.5287828,0.58994716
703,-1.0766395,-0.5636142,1.0073276
704,-0.6223925,1.6616094,-0.12426822
705,1.0231597,0.72726214,1.0084047
706,1.7022964,0.025624815,-0.7242638
707,-1.0646976,-0.6347876,0.5820276
708,-0.8271701,-1.2691256,-0.24571316
709,-0.57209474,0.084816664,1.4429538
710,1.2485555,-0.5985645,0.5961203
711,-0.42905664,-0.55319345,-1.7721492
712,0.04338946,-1.3258694,-0.24573469
713,0.32728454,-0.022903245,-0.73662406
714,-0.5394683,0.898005,-0.989099
715,-0.84000045,-1.2887536,-0.24572417
716,-0.66508114,0.5774428,-1.0098373
717,0.3275173,0.7650294,-1.1231565
718,-0.57583886,-0.1273013,-0.24550739
719,-1.0970025,-1.3032635,-0.24570839
720,-0.30078536,-1.2677026,-0.24571678
721,-1.0898236,-1.2628355,-0.24572529
722,-0.6419679,-0.15213919,0.588638
723,1.0188804,-0.03189299,0.8972012
724,0.32785198,0.5575642,-1.0558352
725,0.32419762,0.15024458,1.1367649
726,-0.7089722,-0.05774243,0.44396135
727,2.1718163,-0.7428362,-1.8852682
728,-0.6108642,1.4681178,-0.28050235
729,-0.58500147,1.3181517,-0.6428214
730,0.8389598,0.6576044,0.53942174
731,0.33114088,-1.0585715,2.342839
732,0.97711885,0.43079406,-1.8747312
733,1.4408967,1.6969514,-0.06589198
734,-0.57387376,-0.42393786,2.4730203
735,-1.0723239,-0.1527801,-0.6174129
736,-0.35851958,-0.28484026,-0.26179147
737,-0.18453796,1.5445726,0.07060788
738,-0.30078536,-1.2660047,-0.2457153
739,-1.022409,0.08135383,0.5483914
740,1.3491914,-1.2496449,-0.2457156
741,1.3160164,1.5478771,-0.5975167
742,1.2472473,-1.3290644,-0.24573563
743,0.3328298,1.5172986,0.08831479
744,1.7475495,0.64764726,-0.9077581
745,-0.10066488,1.4743,-0.62841064
746,-0.13535692,-0.055352006,-1.8023951
747,0.99793,0.7123939,0.31177732
748,1.7475554,-0.7512702,1.9046934
749,1.180278,0.53426033,-0.9764703
750,0.32521614,0.4678871,-1.5901991
751,-1.0637078,1.5551318,0.057485368
752,-1.0711826,-0.14693521,-0.61741936
753,0.33313572,-0.43189603,1.6563499
754,-1.0274247,-0.77682114,0.49721688
755,0.9870779,-1.1273127,-0.2457236
756,-1.0635343,-0.51362526,0.801688
757,0.6095884,1.0247383,-0.7123961
758,-1.0762781,-0.12570466,1.3230789
759,0.3324115,-1.316206,-0.2457169
760,-0.29751632,-1.2748603,-0.24572223
761,-0.55037934,-1.3297879,-0.2457122
762,1.7078197,-0.8001773,-0.6191041
763,-1.1763107,-0.08559069,0.88945824
764,-1.055938,0.94459265,-0.24571612
765,0.33960274,0.95095664,0.22440322
766,0.7513316,1.7436264,-0.36202267
767,2.157819,-1.3004022,-0.24574272
768,-0.10087949,0.3885734,-1.3756291
769,2.17313,1.2554361,0.2558348
770,-0.686841,0.6636188,0.5181214
771,-0.816421,0.27075505,1.6571106
772,-1.0675428,0.88738215,0.55379915
773,0.32731858,0.6355885,0.94083565
774,-1.0924114,-1.2627343,-0.24570431
775,-0.6690161,1.0077791,0.5311604
776,-1.0786783,0.95476425,-0.24571033
777,0.17983733,-1.3015435,-0.24570675
778,1.7203217,-1.0761162,-2.9351573
779,-0.12536724,0.5073109,-0.15749456
780,0.15682696,0.36762327,-1.160999
781,-0.64005774,-0.28166336,-2.1977232
782,1.5886881,-0.9730179,1.0906019
783,0.3300149,1.7527341,-0.32895127
784,-1.07701,1.4466767,-0.24571988
785,2.194887,0.10674958,0.51851445
786,1.0078285,0.8944912,0.94549096
787,0.09975576,-0.7997816,1.7232653
788,2.1740317,-1.3222733,-0.24571723
789,0.32785282,-0.11893953,2.1299388
790,-1.043289,-1.3417113,0.98412865
791,-0.35977346,-1.3286762,-0.24571808
792,0.32683206,1.1986231,-1.087784
793,-0.30078536,-1.2643007,-0.24572656
794,-1.0324639,0.6409289,1.1367692
795,-1.0853252,0.9927987,-0.7851695
796,-1.0671866,0.07829026,-0.091440834
797,0.32695964,0.5072873,-1.6539733
798,-1.0577438,0.30314508,0.29099423
799,1.7475554,-0.9341758,-0.2452783
800,-1.1314176,-0.09814164,0.8894855
