idx,u_q,torque,i_d,i_q
1,1.7047329,-0.34220606,0.9947208,-0.3497908
2,-1.3278744,-0.25563973,1.0291426,-0.24572322
3,-0.77599895,1.311668,0.14759797,1.4429615
4,1.7174115,-0.24990642,-0.36269844,-0.24259351
5,-0.2978523,-2.1496685,-1.1808901,-2.0303578
6,-0.024507811,1.2844838,0.15834926,1.4141186
7,-1.0740628,-1.9825226,0.08838202,-2.0910292
8,0.08780151,0.4759891,-1.4944829,0.4078535
9,1.1554974,0.08737562,-0.9338304,0.054165144
10,-1.2979931,-0.25563973,1.0291377,-0.24571414
11,1.510687,0.073977545,-0.33055404,0.07815496
12,0.823997,0.31022403,-0.9272879,0.25852406
13,0.7937869,-0.9398079,0.8135002,-1.0359861
14,0.4581313,1.1337963,-0.4872721,1.1112734
15,1.1689605,-0.97327256,-0.08949227,-0.97424257
16,1.6838067,-0.3066893,-0.16993272,-0.2968738
17,-1.293298,-0.25563973,1.0291374,-0.24573731
18,-0.14407136,1.1443145,0.27429867,1.2848253
19,0.29500997,-0.6978595,0.9222077,-0.76435333
20,1.569873,-0.18940276,1.0056527,-0.16480829
21,0.7108077,0.41243002,-1.1040355,0.34621742
22,-0.0409287,0.9723981,-1.2282238,0.8971251
23,-0.16658328,1.8035713,-1.0736994,1.7196451
24,1.043806,0.3614113,-0.6306577,0.3307597
25,-0.1540584,-0.57405525,0.99428177,-0.6174071
26,-0.7427696,-1.545181,0.42271328,-1.6684697
27,0.25005147,1.6208324,-0.16841741,1.7166469
28,0.36335403,0.8530589,-0.89687765,0.7872518
29,1.0089934,0.4207437,0.7905958,0.54043597
30,-1.3149108,-0.25563973,1.0291345,-0.24572106
31,1.6131557,-0.520292,-0.62624204,-0.49757895
32,-0.3644495,0.70567775,-1.8024962,0.53593075
33,0.7158987,0.60425746,0.6657779,0.73548156
34,-0.35008615,-2.0900104,-1.1804942,-1.9724045
35,0.51204884,0.28606457,-1.369184,0.23412962
36,1.2887158,0.35708636,0.7765293,0.46254057
37,0.8956522,-0.26110467,1.0291772,-0.245707
38,-1.1692077,0.40288135,0.8201236,0.4869198
39,0.12778981,-0.8795829,0.84433043,-0.9696177
40,-1.2505407,-0.25563973,1.0291487,-0.24571614
41,1.5133644,0.15252443,0.28421465,0.1868977
42,0.724602,-0.96727514,-1.1041307,-0.8927988
43,0.7450801,0.3499834,-1.0799043,0.30455378
44,0.121442884,1.0477319,-0.9603878,0.9726926
45,0.63692087,-1.2796249,-0.5899001,-1.2359453
46,0.016510993,-1.7675643,-0.8411437,-1.6983513
47,-1.3277125,-0.255584,1.0291163,-0.24565864
48,1.6174637,-0.30031872,-0.50497806,-0.28796223
49,0.18134962,-2.1394541,-0.10749623,-2.2241645
50,-1.2494832,-0.25563973,1.0291301,-0.24571879
51,-0.7326132,-0.25563973,1.029138,-0.24571222
52,0.7406973,0.68474495,0.6154699,0.8209655
53,-0.11914612,-2.3309186,-0.54209596,-2.3366091
54,-1.3270911,-0.25554267,1.02911,-0.24560396
55,0.73878586,0.35378334,-1.080788,0.304538
56,-0.74069315,1.5462998,-1.9399202,1.3478204
57,0.78922385,-1.0744646,-0.85127366,-1.010766
58,-0.7127972,0.46915916,-1.8963984,0.3685979
59,-1.1848449,-0.11817244,1.0139837,-0.09144154
60,-0.55568945,-2.1476028,-0.03578513,-2.2489114
61,1.5034838,0.086524785,-0.24197105,0.094579235
62,-1.2927213,-0.25563973,1.0291357,-0.24569902
63,1.1659238,0.18698813,0.9110187,0.27958602
64,-0.4118878,-2.679315,-0.5688631,-2.7265184
65,0.5982105,0.6089589,-0.7779567,0.5549157
66,-1.0622907,1.8936982,-2.5046256,1.600986
67,-0.2513316,-0.12030715,1.0139836,-0.09143945
68,-1.2514154,-0.25563973,1.0291476,-0.24572416
69,-1.2963495,-0.25563973,1.0291541,-0.2457374
70,-0.63975376,0.983904,-1.9530226,0.82559586
71,0.73639166,0.34309784,-1.024896,0.3091197
72,-0.093730554,1.0013586,-1.3186734,0.88900375
73,0.83793306,0.32644403,0.8501571,0.41710395
74,1.6399752,-0.06452077,-0.19437718,-0.05537562
75,-1.2601042,-0.2205472,1.0291501,-0.24570398
76,1.1219126,0.2089332,-0.7138351,0.17896251
77,0.9170553,-0.26048765,1.0291846,-0.24572772
78,0.15871547,-1.7151873,-0.733561,-1.6587161
79,-0.50108504,-2.0923638,0.008493064,-2.1969113
80,1.682907,-0.26427892,-0.7691308,-0.2550195
81,0.87346727,-1.037279,-0.6546936,-0.98723185
82,-0.6741555,0.6866539,-1.927734,0.5601022
83,-0.19712384,-0.25563973,1.0291029,-0.2457093
84,1.6933627,-0.48477796,0.43457708,-0.49381974
85,1.2617041,-0.90465593,-0.13971734,-0.8973943
86,1.206074,0.42980418,0.20707013,0.4755119
87,-0.14403288,0.5541698,-1.6932592,0.4529598
88,-0.25885478,1.3711703,-1.5025687,1.2525209
89,-0.14804302,-0.5741372,0.99427813,-0.61741537
90,1.5522063,0.057821833,-0.0814613,0.07125172
91,-1.2668742,-0.25563973,1.0291556,-0.24571207
92,1.6729167,-0.26676425,-0.8463008,-0.2565096
93,-1.1692101,0.40295714,0.82012,0.48692045
94,-1.3004179,-0.25563973,1.0291332,-0.24572597
95,-0.6959729,-1.3360615,0.5512658,-1.4528649
96,1.3613968,-0.5934167,0.9769173,-0.64470345
97,-0.73256683,-0.25563973,1.0291584,-0.2457248
98,-1.2890316,-3.1337368,-1.0794548,-3.1392941
99,-0.22916171,-2.022178,-1.0966467,-1.9181542
100,-1.2498639,-0.25563973,1.0291394,-0.2457177
101,0.23874123,1.2073544,-0.65989894,1.1766071
102,-0.59751,2.4605293,-0.98101074,2.4084983
103,0.8378227,0.32643902,0.85013866,0.41710836
104,-0.17127836,1.481841,0.0056289313,1.604845
105,0.6575491,-0.8230261,0.8738034,-0.90774465
106,1.5543658,0.14681563,0.7662369,0.21201788
107,1.6920428,-0.16817802,0.20495401,-0.15949035
108,-1.2994065,-0.25563973,1.0291479,-0.24572869
109,1.5825416,0.004493139,-0.22343944,0.0136658875
110,1.6842782,-0.26438522,-0.7577997,-0.25450838
111,-1.2657121,-0.25563973,1.0291607,-0.24570873
112,-1.318148,-0.25563973,1.0291517,-0.24570905
113,-0.26616764,-2.6149852,-0.5165785,-2.6674833
114,-0.23091738,-2.2130268,-0.11638111,-2.3044705
115,1.5440081,0.039991982,-0.22300492,0.048953347
116,0.90567744,0.5273623,-0.46903875,0.50868475
117,1.6826781,-0.26476315,-0.7744677,-0.25501934
118,1.1993371,0.3712834,-0.10346645,0.38568804
119,-1.2486562,-0.25563973,1.0291525,-0.24571049
120,-1.2498821,-0.25563973,1.029142,-0.24572918
121,1.058667,0.3712834,-0.45607424,0.3545261
122,0.34789452,-1.8732758,-0.0043274085,-1.9497306
123,-1.3293505,-0.25563973,1.0291426,-0.24572106
124,-1.2503766,-0.25563973,1.0291376,-0.24571161
125,-0.21294071,0.5259649,-1.624325,0.42698705
126,1.7246755,-0.41765174,-0.30295804,-0.40583208
127,1.1399325,-0.8528875,-0.63654464,-0.80983734
128,0.1818114,1.1542895,0.2677712,1.2891504
129,0.79547834,0.49039975,-0.7711394,0.4473949
130,0.7438367,0.6688228,-0.5675647,0.63978493
131,1.7075183,-0.2266827,-0.57415885,-0.22134994
132,-0.42178175,0.8651769,0.47143662,1.0015416
133,-1.3242894,-0.25563973,1.0291414,-0.24571846
134,-1.3286655,-0.25563973,1.0291338,-0.24572594
135,-0.5044177,-0.51305366,0.9988231,-0.550594
136,0.49424687,1.2313759,0.21123515,1.3575054
137,-0.5228443,-1.9049305,-1.5822759,-1.7447274
138,0.653642,0.2875795,-1.2875996,0.2336579
139,-0.0015931008,1.5676879,-0.871406,1.5083582
140,0.73390424,-0.91996765,-1.2425255,-0.8440966
141,-0.11766114,1.2116961,0.2539953,1.3230643
142,1.050675,-0.88003826,-0.8367916,-0.8275351
143,0.6693768,0.8440146,-0.29146996,0.8505344
144,1.5007904,0.08883695,-0.06126489,0.102671415
145,-0.31323573,-1.2616868,0.58509946,-1.3751693
146,-1.3023747,-0.25563973,1.0291197,-0.24573416
147,-0.6809989,0.4741966,-1.9118056,0.3725147
148,0.21695238,-1.3137904,-1.2541041,-1.2108825
149,-0.7972395,1.6251297,-0.17799832,1.7232718
150,-0.11026029,1.2170017,0.25402734,1.3230727
151,1.1477562,0.22388549,-0.6149555,0.20020624
152,1.0952028,0.68474495,0.4159026,0.78488535
153,-1.3160474,-0.25563973,1.029163,-0.2456999
154,1.2334783,0.15746665,-0.78094286,0.12778036
155,0.2549681,-1.1668711,-1.297005,-1.0698967
156,0.91895974,-1.0633954,-0.63352454,-1.0159626
157,0.55491215,0.32952237,0.8501588,0.4171021
158,-0.71740866,-0.25716195,1.0291625,-0.24572536
159,-0.030598663,0.4793498,-1.4884727,0.4127934
160,-0.80047077,0.5891722,-2.0809414,0.4345717
161,1.3862494,-0.3511667,1.0074999,-0.3573302
162,1.7332805,-0.14575821,0.33006057,-0.12885348
163,1.5589507,-0.46432662,-0.37508404,-0.44535065
164,-0.63933384,0.822407,-1.9161844,0.67951304
165,1.752267,-0.22720873,0.05738871,-0.21647477
166,-0.61254406,0.86559016,-1.9622252,0.7178015
167,-0.24182229,0.7547762,-1.6293389,0.61985224
168,-0.40331167,2.5655143,-1.1748127,2.595421
169,-0.8042552,0.5063692,-1.9986994,0.40047264
170,0.5445903,0.32595608,0.85017926,0.4171028
171,-1.2969754,-0.25563973,1.0291349,-0.24572133
172,-0.28630525,0.5478125,0.71211064,0.67676675
173,-0.6919039,2.639808,-1.2493322,2.6698544
174,0.66107154,-0.9733,-1.0934261,-0.8994871
175,1.5137452,-0.5537486,-0.78480196,-0.5290816
176,1.6098253,-0.0686153,-0.47958773,-0.0644115
177,-1.3208647,-0.2556397,1.0291791,-0.24571063
178,-0.95133805,-2.235442,-0.13078994,-2.3259664
179,-1.284972,-0.25563973,1.0291312,-0.24572532
180,0.13590494,0.59539956,-1.2900027,0.5089662
181,-1.2992887,-0.25563973,1.0291303,-0.24571446
182,1.6282417,-0.5520488,-0.09948264,-0.54121685
183,-0.40329185,2.5655143,-1.1748307,2.595431
184,-1.0724323,3.0024536,-1.512047,2.914141
185,0.12135174,-0.041865535,0.9849646,0.01249581
186,0.055993214,1.1823798,-0.977047,1.1060721
187,-1.3004421,-0.25563973,1.029136,-0.24571559
188,1.1961609,-0.021777539,0.97934645,0.036146853
189,-1.1286156,-0.25023115,1.0291504,-0.24571463
190,-0.7370181,-0.25563973,1.0291872,-0.24572162
191,1.0190822,0.1543285,-1.0996766,0.11701641
192,-1.2520859,-0.25578666,1.0290209,-0.2458729
193,0.88070273,0.7996491,0.5112548,0.94527435
194,0.88003576,0.7991599,0.5113351,0.9452666
195,-0.7051016,0.38709682,0.82014436,0.48692942
196,0.69941944,0.35398218,-1.0583082,0.30762288
197,0.10876812,-0.46874595,1.0055572,-0.49816662
198,1.2917696,0.17852707,-0.7140682,0.15774412
199,-0.5881478,1.7778798,-1.8276068,1.5829825
200,-1.299231,-0.25563973,1.0291451,-0.24569756
201,-1.262105,-0.25563973,1.0291462,-0.24571891
202,0.28232595,-0.38098815,1.011326,-0.39332002
203,-1.2397484,-0.2556305,1.0289153,-0.24570946
204,1.1295071,-0.888683,-0.51413083,-0.8503317
205,-0.67416805,0.6872647,-1.9286013,0.5600562
206,0.3780987,1.2626024,-0.3520379,1.2813143
207,0.35584328,-1.8611025,-0.1852523,-1.9005398
208,1.7558377,-0.33651134,0.9070679,-0.3378078
209,1.5153676,0.18471053,0.37083238,0.22696884
210,-1.1853144,-0.11957155,1.0139459,-0.091441676
211,-0.21234947,1.0392542,-1.3821341,0.9253449
212,1.6085958,-0.102199376,-0.45714608,-0.097879045
213,1.7580452,-0.25563973,0.16878767,-0.24553451
214,0.28316766,-1.8573713,-0.3613273,-1.8273418
215,-0.1739607,-0.45273393,0.9865254,-0.47810748
216,-0.32059273,-2.1509585,-0.036744688,-2.252478
217,-1.3299133,-0.25563973,1.0291336,-0.24573863
218,-0.21286894,0.3712834,0.8201452,0.48691764
219,1.5720495,-0.32587036,1.0209167,-0.32819086
220,-1.3230653,-0.25563973,1.0291419,-0.24572046
221,0.46267685,0.8043517,-0.713826,0.7579378
222,-0.7250605,0.47000423,-1.8982702,0.36900806
223,0.38615206,0.9323459,0.43572897,1.07149
224,-1.2976104,-0.25563973,1.0291525,-0.24570328
225,0.3091595,0.3712834,0.82015574,0.48692396
226,1.3182089,0.27843064,-0.07934401,0.29337046
227,0.8716588,0.057821833,0.96147496,0.13100305
228,0.53741103,0.32418644,0.85010636,0.41710138
229,0.7051824,0.34194675,-0.99584347,0.31177974
230,1.5800173,-0.005152132,0.9855733,0.057374135
231,-0.7021808,0.057821833,0.9614288,0.13102189
232,0.862762,0.93540317,0.43451878,1.067363
233,-0.7908991,1.6251297,-0.17806473,1.7232659
234,0.6492461,1.0232832,0.38617504,1.1367681
235,1.2375201,-0.24835019,1.0179528,-0.23562697
236,-1.0803125,-0.24454157,0.9981171,-0.23080905
237,-0.14725363,-0.57421136,0.99430275,-0.61742216
238,1.4187611,-0.6181189,-0.7160819,-0.58615386
239,-0.84537643,-1.7472954,-1.9435459,-1.5639073
240,-0.66569644,0.72058326,-2.0827923,0.55131984
241,-1.1852876,-0.2528192,1.0291395,-0.24574223
242,-0.46401632,1.2517937,0.19188018,1.3841537
243,-1.3135812,1.186255,-2.555348,0.9732742
244,0.009226382,1.4867009,0.0381567,1.5612493
245,1.7306831,-0.41391826,-0.2994767,-0.40242276
246,1.7474933,-0.37258577,-0.063117236,-0.36368594
247,0.8728948,0.93912655,0.43852043,1.0683122
248,-0.10607421,1.2204467,0.253992,1.3230828
249,-0.42165953,-1.4909606,0.46505776,-1.6153042
250,1.0214882,0.03955852,-0.9740927,0.001920082
251,1.7304481,-0.25563973,-0.3411303,-0.2489482
252,0.5567908,0.33013856,0.85012776,0.41710925
253,-0.257818,-0.12074286,1.0139765,-0.0914454
254,0.033244412,0.21726915,0.9003232,0.31479466
255,0.6407454,1.019132,0.38621825,1.1367803
256,-1.2513183,-0.25563973,1.0291469,-0.24571034
257,1.7455063,-0.26589546,1.0292226,-0.24597746
258,0.28663376,1.5733306,-0.2629033,1.6361433
259,0.23833333,1.2591769,0.17142563,1.3867406
260,-1.2509141,-0.25563973,1.0291483,-0.24572456
261,0.48832896,0.4931046,-1.1389872,0.4198454
262,-1.2995933,-0.23774382,1.0291677,-0.24571148
263,1.3270776,0.3712834,0.82204026,0.48434594
264,-1.2680608,-0.25563973,1.0291402,-0.245719
265,-0.2901486,-2.0383413,0.051159985,-2.1457953
266,0.01481458,0.47697428,-1.4894989,0.41040346
267,1.1606815,-0.18363193,1.0079402,-0.15839536
268,-1.168732,0.4019852,0.82012236,0.48692292
269,-0.40974236,0.77343553,0.5358901,0.90445316
270,1.5864321,-0.51671875,-0.1465458,-0.50820655
271,1.6092645,-0.06824304,-0.46806136,-0.06397882
272,1.1744263,-0.9019014,-0.48289135,-0.86830467
273,1.5438693,0.08674815,0.5348455,0.12819886
274,-0.035115153,0.47922996,-1.4910848,0.41238305
275,-1.2597679,-0.25563973,1.0291272,-0.2457223
276,1.7581297,-0.25563973,0.16808243,-0.24556983
277,0.459026,1.3119533,-0.10905799,1.3405138
278,-1.0463896,2.1744516,-0.76145345,2.2188141
279,0.2861332,-1.3599107,-0.9492083,-1.2781105
280,-0.639205,-1.4121532,0.5084313,-1.532703
281,-0.6829053,-3.064258,-1.0086583,-3.0730162
282,0.71020204,0.34054962,-0.99087435,0.31188685
283,0.5525949,0.3285318,0.8501223,0.41710058
284,-1.2938362,-0.25563973,1.0291533,-0.24570674
285,-1.3307791,-0.25563973,1.0291314,-0.24572392
286,-0.69861823,0.46814072,-1.8938788,0.36806843
287,1.4734157,0.12230815,-0.006682457,0.13880327
288,0.6448089,1.0204935,0.38622254,1.1367663
289,1.5462074,0.057821833,-0.107145146,0.0704529
290,-0.7134349,-0.25650352,1.0291344,-0.24572216
291,0.5880139,-1.125942,-1.1145774,-1.0417925
292,-1.3003743,-0.25563973,1.0291617,-0.24570741
293,-0.69811374,0.057821833,0.9614474,0.1310087
294,-0.8296996,0.3779935,0.8154269,0.4940389
295,-0.73390895,-0.25563973,1.029184,-0.24570313
296,-0.08803941,0.4295701,-1.8370464,0.34407383
297,-0.35912865,-1.2840859,0.577625,-1.3993646
298,0.92670125,-1.2386559,0.5938305,-1.3502748
299,0.31174585,0.35800222,-1.4435157,0.2909753
300,-0.70976657,-0.2561119,1.0291345,-0.24571946
301,1.4073244,-0.60504335,0.97185993,-0.6585738
302,1.6764028,-0.50395584,0.20114268,-0.5022642
303,0.29701954,-1.8593925,-0.35744855,-1.8280009
304,-1.332274,-0.25563973,1.0291498,-0.24571107
305,-0.38037926,-2.4467304,-0.33506453,-2.5171833
306,1.3076748,0.17216012,-0.34511057,0.16752619
307,-0.25817236,1.0221157,0.3786699,1.1627378
308,0.85954195,0.9343293,0.43755898,1.0676837
309,0.14195536,0.9891836,-0.4549801,0.98833287
310,0.8709193,0.057821833,0.96148556,0.13100915
311,1.725359,-0.2650815,1.0291893,-0.24588957
312,-1.2946074,-0.25563973,1.0291502,-0.2457119
313,-0.3851248,-2.1630104,-0.05130004,-2.2626448
314,-1.2363939,0.16161442,0.92999256,0.24835323
315,0.007784025,1.486222,0.03813413,1.5612473
316,0.61369926,-1.235152,-0.68587255,-1.1788489
317,-1.2721127,-0.25563973,1.0291337,-0.24572788
318,0.81450063,-1.028864,-0.84633964,-0.9668138
319,-1.3161583,-0.25563973,1.0291417,-0.24571082
320,-0.61162287,0.89549077,-1.905496,0.7337597
321,0.05071878,-1.6810008,-1.0140637,-1.5885512
322,1.2557899,-0.7814719,-0.82620955,-0.73386186
323,-0.69945854,2.3375633,-0.8445454,2.291024
324,0.4099931,-0.119704016,1.0139965,-0.09143999
325,0.21116164,1.0854439,-0.7718579,1.0330487
326,0.71986884,-1.2756503,0.5806928,-1.3904147
327,-0.19834085,-0.25563973,1.0291692,-0.24573088
328,-1.2804013,-0.2556403,1.0291597,-0.24570772
329,1.5591073,-0.35888636,-0.7934175,-0.34712517
330,-1.2507973,-0.25587398,1.0290407,-0.24598123
331,0.41926473,0.39935467,-1.3010666,0.3233395
332,1.6841741,-0.26440403,-0.757027,-0.25437313
333,0.88196075,0.9428552,0.43780968,1.0687228
334,-0.16510764,-1.8619548,-1.0698234,-1.7610528
335,1.6625935,-0.039293405,0.13502808,-0.020586206
336,0.81910837,-0.91315836,-1.0206548,-0.84738797
337,0.7509508,0.72986996,-0.37710088,0.7220353
338,-0.4013597,2.5655143,-1.1748415,2.5954266
339,1.645639,-0.054924585,-0.117401406,-0.04288829
340,-0.7992365,1.6251297,-0.17814296,1.7232417
341,-0.4370765,-2.4878895,-1.1332207,-2.3827353
342,1.198687,0.38343593,-0.26176012,0.37812465
343,-1.2488426,-0.25563973,1.029157,-0.2457011
344,-0.73606735,-0.25563973,1.0291431,-0.24570867
345,0.74537003,0.3518017,-1.0763173,0.30503628
346,0.74229795,0.3439884,-1.0393646,0.30645317
347,-0.079815015,0.56087947,-1.664507,0.42579156
348,1.720929,-0.43785113,0.202911,-0.43423605
349,-1.2994609,-0.25563973,1.0291395,-0.24570033
350,-1.2504826,-0.25563973,1.029139,-0.24573451
351,-0.0047206,-1.423559,-1.3586096,-1.3069134
352,-1.3256905,-0.25563973,1.0291481,-0.24571875
353,-0.7004443,0.39171863,0.8201249,0.4869185
354,-0.05123197,0.5897446,0.7036487,0.68902075
355,0.79363626,0.53730345,-0.48969227,0.5035471
356,1.2147588,-0.7965501,-0.7428592,-0.7508952
357,-0.91282356,-1.9634422,-1.957076,-1.7624937
358,0.604093,-1.103507,-0.9900887,-1.0287797
359,-0.13411638,-2.1477206,-0.032969803,-2.2497501
360,0.33853993,1.1176063,0.2902903,1.2516997
361,1.3952392,0.07515138,-0.5999118,0.064391956
362,0.5765169,-1.4326236,-0.33562586,-1.4226263
363,0.40940237,-0.11986099,1.0139807,-0.0914375
364,-1.2942672,-0.25563973,1.029133,-0.24570225
365,1.0247295,-1.0153801,-0.31948793,-0.991166
366,0.017417233,0.7974738,-1.3216132,0.7000133
367,-1.2520145,-0.25563973,1.0291297,-0.24571697
368,-0.4077953,0.99902827,0.37885076,1.1333457
369,-0.3530169,1.7754132,-1.4259279,1.6314578
370,0.73296356,0.36995476,0.820568,0.485385
371,-0.12372936,-1.2190448,0.57721037,-1.3642867
372,-1.2605892,-0.25563973,1.0291553,-0.24571376
373,-0.7558403,1.8126166,-0.34987584,1.8979723
374,1.5933663,-0.0036730953,-0.35964322,0.00042271972
375,1.7515737,-0.28625786,-0.19848673,-0.2768644
376,-1.2870868,-0.25563973,1.0291374,-0.24573073
377,-0.562531,0.91103894,0.4554149,1.007329
378,1.7355663,-0.26534033,1.0292239,-0.24592187
379,0.7084743,0.35665613,-1.0778656,0.30602217
380,1.0357513,-0.8940743,-0.82894343,-0.8390962
381,-0.34615493,-2.1950865,-0.08081951,-2.2921765
382,-0.041149646,0.65626097,-1.5532328,0.53822863
383,0.3255979,0.3712834,0.8200947,0.4869165
384,0.41032404,-0.11930175,1.0139694,-0.09144916
385,-0.52716416,-3.0006137,-0.9337765,-3.0161142
386,1.0170816,0.26886785,-0.75373846,0.23315959
387,0.88206893,0.5847225,-0.56769377,0.5540587
388,0.9165421,0.4920442,-0.4825911,0.47103024
389,-0.96940535,1.2258275,-2.2062542,1.0219882
390,-0.14779522,-0.5741777,0.9942877,-0.61741775
391,0.8306273,0.34122065,-0.83611745,0.29435918
392,1.651754,-0.070624515,-0.12676665,-0.059465036
393,1.0058943,0.4855298,0.70663774,0.5973751
394,-0.35908127,0.42317575,-1.7915428,0.33415726
395,-1.2653556,-0.25563973,1.0291295,-0.24572656
396,-0.22346994,0.62277395,-1.5699357,0.5275586
397,-1.2917241,-0.25563973,1.029145,-0.24573132
398,0.28129002,-0.24864802,1.0203867,-0.23622996
399,1.7084405,-0.13203642,-0.06864307,-0.12031865
400,0.87313896,0.42012125,-0.8065763,0.38421127
401,-0.08539185,1.9562154,-0.93484473,1.8901527
402,-0.676417,-0.81056404,0.8806644,-0.8939489
403,-1.324464,-0.25563973,1.0291322,-0.24571943
404,-0.653655,0.6407113,0.6310667,0.7708214
405,1.6495532,-0.14740348,-0.42554808,-0.14317599
406,1.7275386,-0.26546475,1.0292137,-0.24587487
407,-1.29469,-0.25563973,1.0291544,-0.24570422
408,-0.9158375,-0.120740704,1.0139828,-0.09145094
409,-0.14955766,-0.57384664,0.9942908,-0.6174086
410,-0.27476764,-0.21105328,1.0182484,-0.19103031
411,-1.3005242,-0.23707548,1.0291383,-0.24572627
412,-0.9504028,-2.7685497,-0.68204224,-2.8032942
413,-0.74164736,2.0219781,-2.0732617,1.7667494
414,-1.264417,-0.25563973,1.02916,-0.24569666
415,0.29458234,0.3577163,-1.4373531,0.29103753
416,-0.68568134,1.0202401,-2.0301397,0.8508084
417,-1.0744216,3.004083,-1.5120574,2.914139
418,0.72711897,-0.43075353,1.011728,-0.45321134
419,1.7374132,-0.22743835,-0.20525278,-0.21839184
420,0.29778427,-1.8610233,-0.36192054,-1.827234
421,0.632003,0.2865659,-1.2616026,0.23598294
422,1.4804986,-0.74348426,0.6092704,-0.7889109
423,-1.2949373,-0.25563973,1.0291542,-0.24569678
424,-1.2426325,-0.25589994,1.0280845,-0.24595664
425,0.5562644,0.5956826,0.67313766,0.72660726
426,-0.704836,0.3872484,0.8201192,0.48692092
427,0.33876818,-0.064084545,0.9893632,-0.013956121
428,1.5440202,0.057821833,-0.112718135,0.07018342
429,-0.6345998,0.93043226,-1.9044882,0.72902966
430,0.16350107,-1.0404377,0.7439321,-1.1445023
431,-1.2134216,-2.4448645,-0.3205061,-2.5191066
432,1.7656896,-0.27201954,0.9146639,-0.26276943
433,-0.59683335,1.3438398,-1.8860449,1.1496147
434,-0.15011229,-0.57382715,0.99427843,-0.6174135
435,1.3896606,0.11039133,-0.4661874,0.10443728
436,0.9601085,-0.25921637,1.029123,-0.2457165
437,-0.77650917,2.4988415,-1.1010177,2.530515
438,1.4771168,-0.0039416873,-0.7822765,-0.018574419
439,-0.46065107,0.546727,-1.931531,0.44094804
440,0.9597239,-1.1436312,0.0015646438,-1.1621668
441,0.92393965,-0.87268794,-1.030638,-0.8090038
442,-0.80898637,-3.215319,-1.1773002,-3.2165415
443,-0.7312861,-0.25563973,1.0291965,-0.24572855
444,-0.33463773,0.19977717,0.903645,0.2941867
445,1.59561,0.057821833,0.17841686,0.08212143
446,-0.3211175,-2.1268141,-0.02699243,-2.2274895
447,-0.4332512,0.39652294,0.8201219,0.48692325
448,-0.068937495,0.7965912,0.5183788,0.93161637
449,-1.2658525,-0.25563973,1.0291467,-0.24571735
450,0.28585827,-1.8561848,-0.35694915,-1.8280886
451,1.3531445,-0.7100108,-0.6874009,-0.6727747
452,-0.104156755,-1.9461967,-0.92790407,-1.8642457
453,-1.2986441,-0.25563973,1.0291523,-0.24571106
454,0.21832262,-1.9612509,-0.11036816,-2.0245247
455,-0.37082267,-1.8248392,-1.469715,-1.6793894
456,0.8704485,0.057821833,0.9614733,0.1310166
457,0.93079096,0.55965537,-0.43546942,0.5444167
458,-1.2665869,-0.25563973,1.0291442,-0.24571462
459,-1.3212622,-0.25563973,1.0291466,-0.24569564
460,1.393771,-0.8190179,0.36551133,-0.8496129
461,0.2312178,0.90817934,0.4460282,1.0458534
462,-0.6687987,0.13508593,0.93903345,0.2042375
463,-1.2511832,-0.25563973,1.0291489,-0.2457156
464,-0.7027715,0.38928726,0.820134,0.4869064
465,0.63689727,0.2867387,-1.2604592,0.23605667
466,-0.24673171,2.328952,-0.9262846,2.3643079
467,-0.15427248,-0.25563973,1.0291495,-0.24572106
468,-0.92427117,1.9056872,-2.3760211,1.6142135
469,1.3304461,-0.7426338,-0.7803465,-0.69971275
470,0.27552992,0.12933339,0.93553144,0.21397509
471,0.6869716,0.99820656,-0.10740276,1.039743
472,1.6821091,-0.26344147,-0.7732185,-0.25511912
473,-1.247551,-0.25563973,1.0291395,-0.24572864
474,-0.43600303,-1.5612669,-1.6543093,-1.4137878
475,0.76519793,0.42138216,-0.7677519,0.37733057
476,-0.077697664,1.9376525,-0.72269803,1.9523777
477,1.5216386,-0.6961711,0.2837246,-0.71281904
478,-0.2882617,2.0280664,-1.3201668,1.9115951
479,-1.2508485,-0.19082093,1.0601177,-0.25725687
480,-1.3000274,-0.25563973,1.0291425,-0.24570742
481,0.7861951,0.4921674,-0.76720583,0.44758555
482,1.2340469,-0.93286216,-0.047907326,-0.93446696
483,-0.7559602,-2.1844423,-0.08073537,-2.2800086
484,-1.1290312,-0.25020465,1.0291444,-0.24571101
485,-0.8275102,1.2015787,0.23085725,1.3352594
486,1.7017124,-0.4435965,0.97669446,-0.46667093
487,-1.3236806,-0.25563973,1.0291463,-0.24573971
488,0.13214806,1.7697724,-0.5295427,1.7738484
489,-0.150568,-0.5739385,0.9943081,-0.6174215
490,0.7105791,0.34251454,-0.9978999,0.3119274
491,-1.2944591,-0.25563973,1.0291446,-0.24572287
492,1.4446075,-0.41236195,1.0050586,-0.43034112
493,0.35080054,-1.5432093,-0.5643624,-1.5056609
494,-0.6895682,-1.4535356,0.4913281,-1.5776044
495,1.4119973,0.22127447,0.17810671,0.2513266
496,-0.78871447,0.6196509,-1.9771876,0.49701768
497,-1.2471665,-0.2556398,1.0291371,-0.2457079
498,1.5537416,0.057821833,-0.083882645,0.07122193
499,-0.049788114,0.59063256,0.7036568,0.68902194
500,-0.70941937,-0.2560615,1.0291532,-0.24571055
501,1.6090361,-0.06804899,-0.47785157,-0.06416969
502,-1.0427333,3.0042672,-1.5120535,2.9141448
503,0.007860903,0.42135182,0.79391646,0.5421154
504,0.76850003,-0.9679195,-1.1066287,-0.8941085
505,0.6123065,0.29068246,-1.2636721,0.23670888
506,-1.324114,-0.25563973,1.0291483,-0.24570158
507,-1.3301636,-0.25563973,1.0291623,-0.2457009
508,-0.7347265,0.507663,-1.9956104,0.3990585
509,-1.3168951,-0.25563973,1.0291493,-0.24573578
510,1.5199116,0.1846035,0.36732906,0.22687654
511,-1.1672573,0.20040399,0.9187695,0.27636918
512,0.0055547515,-2.309078,-0.1943636,-2.394596
513,-0.43806395,0.4280973,-1.8002511,0.3377474
514,1.5529642,0.057821833,-0.08053164,0.071439564
515,0.44153967,1.3168718,0.14249927,1.4472064
516,1.7020072,-0.25563973,-0.35485065,-0.25314274
517,1.2430365,0.30990893,-0.2940214,0.3096024
518,-0.5860084,-0.12154315,1.0139703,-0.09143586
519,-0.69903547,0.057821903,0.96145326,0.1309996
520,1.1445012,-0.82377106,0.86911833,-0.90745604
521,-0.72605926,1.1713991,0.25582573,1.3063585
522,-1.3009207,-0.25563973,1.0291455,-0.24571079
523,0.47912532,0.7119866,0.586959,0.8448205
524,0.9010815,0.8057977,0.51085746,0.9455848
525,-1.0628737,-0.648864,0.94714695,-0.7082034
526,-0.024062574,-1.021146,0.71097785,-1.1105415
527,-0.709589,-0.2561594,1.0291519,-0.24570893
528,0.3092516,0.38185054,-1.4182268,0.28865194
529,0.32290587,0.14839594,0.8869695,0.22641411
530,-0.584599,-0.12055223,1.0139555,-0.09143048
531,0.4978755,0.68006134,-0.9248578,0.6145949
532,-0.2897517,0.42163938,-1.795161,0.33406815
533,-1.3111511,-0.25563973,1.0291235,-0.24572597
534,0.12550956,0.3727746,0.8112719,0.48486066
535,-0.44741306,-0.36341745,0.995387,-0.3746019
536,1.0790018,0.67968625,0.42486235,0.7830037
537,0.53867894,0.28568438,-1.3895446,0.23197283
538,0.28508952,-0.33109182,1.02015,-0.33435044
539,0.013134017,0.6999514,-1.350996,0.6062291
540,0.0051266854,1.4848642,0.038165092,1.5612447
541,0.18402676,0.6680797,-1.2633173,0.57979524
542,-1.3051491,-0.25563973,1.029146,-0.2457039
543,0.6084029,1.0879151,0.33153477,1.2278026
544,-1.251486,-0.19121443,1.0601057,-0.25727487
545,0.5739228,0.17685902,0.91960174,0.26892516
546,-0.54209477,-1.7393404,0.26789334,-1.8552707
547,-1.2645308,-0.25563973,1.029135,-0.24572366
548,-0.6333709,0.68830365,-1.9183636,0.56055707
549,0.08369661,1.3116682,0.14752364,1.4429548
550,-1.0851634,1.1573111,-2.2459333,0.9525174
551,0.4340437,-1.6597677,-0.32744917,-1.6626133
552,-1.0468776,2.0215735,-0.4766,2.0137987
553,1.7233342,-0.15578902,-0.0031644788,-0.14371753
554,1.6127603,-0.06865843,-0.50268185,-0.0648593
555,-0.7089888,2.6395268,-1.1748612,2.5954154
556,-0.9992024,1.2910309,-0.009931122,1.3783885
557,0.9551019,-0.99825704,-0.6271255,-0.9496938
558,-0.5013495,2.9632597,-1.5120388,2.914139
559,-1.2586105,-0.25563973,1.0291471,-0.2457392
560,-1.322937,-0.25563973,1.0291467,-0.24573681
561,-1.2867197,-0.25563973,1.029149,-0.24570428
562,-1.1691105,0.4018826,0.8201213,0.486925
563,0.71774465,0.3416435,-0.9997587,0.3115987
564,0.7419085,0.34971517,-1.0768319,0.30457807
565,-0.8399502,0.68474495,-2.1361008,0.5492418
566,-0.57714564,2.2520528,-0.84463644,2.2910092
567,1.0644214,-0.841536,-1.0014862,-0.78236413
568,1.5105877,0.18227166,0.39064804,0.22812031
569,-0.353192,-0.2352924,1.0222634,-0.22059876
570,1.0222249,-1.1011885,0.6935234,-1.2050604
571,0.21284097,0.4888994,-1.448307,0.38625857
572,-0.56378436,0.9128634,0.45539927,1.0073378
573,-1.2737347,-0.25563973,1.0291446,-0.24570905
574,1.6775564,-0.2650626,-0.8263884,-0.2560232
575,-1.1692047,0.40239382,0.8201226,0.48692453
576,-0.4638714,2.4759524,-1.0811127,2.5064692
577,0.65292054,1.0233601,0.38619572,1.1367723
578,-0.7125759,-0.25594682,1.0291578,-0.24570476
579,-1.2657326,-0.25563973,1.0291606,-0.24570271
580,1.5297569,-0.6100385,-0.44855708,-0.58749056
581,1.5811092,-0.004593927,0.98560303,0.057343017
582,1.6534657,-0.44701952,-0.35131094,-0.4325128
583,-1.2656482,-0.25563973,1.0291463,-0.24571511
584,-1.3267046,-0.25563973,1.0291371,-0.24572016
585,-1.1691775,0.4027155,0.8201174,0.48691973
586,1.1255397,-0.81036496,-0.7918649,-0.7624221
587,-1.2811381,-0.25563973,1.0291433,-0.24572672
588,-1.2741083,-0.25563973,1.0291452,-0.24571958
589,0.703565,-1.4601506,0.45273355,-1.578153
590,0.79562455,0.4188209,-0.8728688,0.36724725
591,1.207964,0.3712834,-0.19956872,0.3793159
592,-0.016694656,1.114599,-1.1721855,1.0165097
593,1.4964755,0.08747078,-0.10376815,0.09740542
594,0.07604998,-2.01657,0.05296199,-2.1214573
595,-1.3214326,-0.25563973,1.0291406,-0.2457039
596,-0.10085939,1.1244123,-1.1990862,1.0225488
597,-0.37249628,1.4265354,0.04657527,1.551146
598,1.5499315,0.057821833,-0.11768797,0.070360735
599,0.67220336,0.35548,-1.04782,0.3092945
600,-0.20024279,0.8921882,-1.612748,0.75744355
601,0.3939506,-1.8350554,0.14733942,-1.9383326
602,1.0653694,0.45966545,-0.34546804,0.45234677
603,-1.227616,-0.25762582,1.0271776,-0.24769652
604,-0.79189324,1.6251297,-0.17808293,1.7232664
605,-1.2608433,-2.8133574,-0.7397057,-2.840536
606,0.077618,0.8470655,-1.2533432,0.74282175
607,-0.19104047,-0.28315026,1.0101116,-0.27648318
608,-0.053239677,0.5885752,0.7036394,0.6890196
609,1.517218,0.008402847,-0.48908332,0.006672369
610,1.6590048,-0.5260479,-0.07669212,-0.51611626
611,0.053607985,1.4690483,-0.8794029,1.4056747
612,1.4818591,0.054787252,-0.33595166,0.057885833
613,0.13753328,-1.3646275,0.5394649,-1.484774
614,0.33037508,1.6251297,-0.1694845,1.7189051
615,1.3900119,0.28625652,0.3977715,0.33977523
616,-1.3282636,-0.25563973,1.0291529,-0.24572118
617,-0.71611524,2.657449,-1.1747934,2.595429
618,-1.1692027,0.40239322,0.8201293,0.48692077
619,0.4345858,0.82295656,-0.69331455,0.77983886
620,0.34412128,0.3712834,0.8201162,0.48691484
621,0.1352215,0.86787796,-1.1942703,0.7748503
622,1.4314145,-0.7146804,-0.3081465,-0.69408244
623,-0.5442216,0.68507737,-1.885874,0.5617022
624,0.4044051,1.2046927,-0.6204426,1.1778796
625,-1.1672719,0.20012571,0.91876745,0.27636898
626,-1.299079,-0.25563973,1.0291303,-0.24570332
627,-0.91642207,-0.12107728,1.0139812,-0.09143262
628,0.72566366,0.36413908,-1.1182505,0.29674733
629,-1.267281,-0.25563973,1.0291364,-0.24573562
630,0.7169246,0.5728311,-0.6663402,0.53405493
631,1.5402795,0.057821833,-0.09025802,0.07082132
632,-0.6417817,0.98641473,-1.9579085,0.82720983
633,0.8383658,0.32709783,0.85012865,0.41710612
634,-0.88725173,0.93723184,-2.1386921,0.7705553
635,-0.33695877,0.8343225,-1.6037451,0.719058
636,-0.584972,-1.9598479,-1.6326072,-1.790265
637,1.7313217,-0.26511455,1.0292017,-0.24588734
638,0.27891675,1.5864298,-0.120661296,1.690185
639,-0.05589068,0.78031814,-1.3377556,0.6840964
640,1.4713752,0.12840973,-0.09955945,0.14147888
641,0.15097955,0.9971297,0.38693967,1.1356645
642,-0.7631891,0.51118755,-2.013343,0.40476197
643,-1.3274835,-0.25563973,1.0291384,-0.24571559
644,-1.1441655,-3.1818204,-1.1370059,-3.1843271
645,1.2942578,0.04620738,0.96864235,0.11773273
646,-1.2971984,-0.25563973,1.0291406,-0.24572195
647,-0.24128045,-1.6286994,0.35989797,-1.7499906
648,0.286694,0.3712834,0.8201077,0.48692462
649,-0.18480115,1.9015602,-0.9646506,1.8595499
650,-1.3300958,-0.25563973,1.0291504,-0.24571306
651,-0.56374776,0.91288304,0.45544112,1.0073282
652,1.0105035,0.35476127,-0.43729293,0.32902053
653,1.2121768,0.17585167,-0.65108335,0.15409912
654,-1.2986652,-0.25563973,1.0291431,-0.24570182
655,-0.6683172,1.0377738,-1.9219398,0.7980983
656,1.6904035,-0.45457697,-0.4229425,-0.44019815
657,-0.56315976,0.9122321,0.4554329,1.0073441
658,-0.61188406,0.54724616,-1.9531002,0.44127893
659,-0.026421385,0.55854845,0.7018436,0.68757164
660,1.3231316,0.3712834,0.29063216,0.4225195
661,-1.2691396,-0.25563973,1.0291585,-0.24570695
662,-1.3148195,-0.25563973,1.029135,-0.24572414
663,1.7004552,-0.25563973,-0.5060428,-0.25302976
664,0.6528343,0.8369675,-0.34391952,0.83576155
665,-0.78499514,-0.11960623,1.0139732,-0.091454476
666,-0.2461188,-1.6955944,-1.3086436,-1.5699979
667,1.4585254,-0.3793952,1.0085958,-0.39133474
668,0.37966654,-0.030843917,0.9888542,0.026990937
669,0.67374605,0.2532584,-1.2023168,0.19521007
670,-0.77854806,1.3326306,0.08201385,1.4510555
671,0.5710439,-0.83266205,0.8688752,-0.91798645
672,-1.321675,-0.25563988,1.0291382,-0.24570636
673,-0.15300527,-0.573263,0.99427956,-0.61741287
674,0.9762914,0.26550102,-0.975321,0.21282278
675,1.179473,0.6013467,0.4605154,0.6948132
676,-1.1279551,-0.25024918,1.0291457,-0.24570759
677,-0.7843328,-0.12108819,1.0139756,-0.091428936
678,-0.6235556,2.95759,-1.5120894,2.9141603
679,0.18110596,0.99820656,0.38617527,1.1367728
680,1.0071039,-1.0968223,-0.17889228,-1.0924714
681,0.07671291,0.83447653,-1.1454335,0.7488267
682,0.5750641,-1.3007011,-0.59529614,-1.2519294
683,0.554546,-0.89882106,0.8378711,-0.9913588
684,-1.1778919,-0.25563973,1.0291936,-0.24572721
685,-0.7318895,-0.25563973,1.0291587,-0.2457144
686,-1.3040303,-0.25563973,1.0291318,-0.24570458
687,-1.1284883,-0.25041,1.0291404,-0.24573506
688,-1.3001244,-0.2371883,1.0291413,-0.24572924
689,0.33024314,0.46437946,-1.3502139,0.383193
690,1.3895798,0.1259677,-0.44527015,0.122854404
691,-1.2644031,-0.25563973,1.0291544,-0.24571627
692,-1.3045404,-0.23919964,1.0291376,-0.24573308
693,-1.3211974,-0.25563973,1.0291463,-0.2457278
694,-1.2830698,-0.25563973,1.0291429,-0.24572179
695,0.73180276,0.34068263,-1.0067456,0.31037924
696,-1.1130347,-1.3089337,0.57011384,-1.4263453
697,1.749568,-0.37988257,0.74586433,-0.3838434
698,1.4966304,0.07299126,-0.03853972,0.08262146
699,-1.2448412,-0.25563973,1.029141,-0.24572408
700,1.3338625,0.092463575,-0.35752475,0.08045738
701,0.9231844,-1.1014649,-0.31664187,-1.0820284
702,0.5287828,0.46644202,0.76445484,0.58994716
703,-0.5636142,0.91267675,0.45542002,1.0073276
704,1.6616094,-0.12985156,-0.337942,-0.12426822
705,0.72726214,0.9486187,0.06718552,1.0084047
706,0.025624815,-0.66272545,0.93632597,-0.7242638
707,-0.6347876,0.7111489,-1.9046094,0.5820276
708,-1.2691256,-0.25563973,1.0291537,-0.24571316
709,0.084816664,1.3116682,0.14753133,1.4429538
710,-0.5985645,0.8111218,-1.9394413,0.5961203
711,-0.55319345,-1.9395643,-1.6160395,-1.7721492
712,-1.3258694,-0.25563973,1.0291427,-0.24573469
713,-0.022903245,-0.6735292,0.9321841,-0.73662406
714,0.898005,-0.90659356,0.7617463,-0.989099
715,-1.2887536,-0.25563973,1.0291406,-0.24572417
716,0.5774428,-1.094224,-1.1478473,-1.0098373
717,0.7650294,-1.0197283,0.76481086,-1.1231565
718,-0.1273013,-0.25545827,1.0290995,-0.24550739
719,-1.3032635,-0.18722124,1.029152,-0.24570839
720,-1.2677026,-0.25563973,1.0291525,-0.24571678
721,-1.2628355,-0.22081171,1.0291363,-0.24572529
722,-0.15213919,0.46637985,0.76034564,0.588638
723,-0.03189299,0.9748053,-1.2300498,0.8972012
724,0.5575642,-1.1304383,-0.97839373,-1.0558352
725,0.15024458,0.99820656,0.38617167,1.1367649
726,-0.05774243,0.33495414,0.83374834,0.44396135
727,-0.7428362,-1.769743,0.24493206,-1.8852682
728,1.4681178,-0.28863358,0.9508098,-0.28050235
729,1.3181517,-0.5927425,0.964794,-0.6428214
730,0.6576044,0.58440924,-0.6806912,0.53942174
731,-1.0585715,2.305179,-0.89447165,2.342839
732,0.43079406,-1.7609934,0.24617629,-1.8747312
733,1.6969514,-0.08862113,0.79084367,-0.06589198
734,-0.42393786,2.442197,-1.0469568,2.4730203
735,-0.1527801,-0.57330346,0.99426746,-0.6174129
736,-0.28484026,-0.27070957,1.0181216,-0.26179147
737,1.5445726,0.057821833,-0.10014629,0.07060788
738,-1.2660047,-0.25563973,1.0291485,-0.2457153
739,0.08135383,0.6420518,-1.410852,0.5483914
740,-1.2496449,-0.25563973,1.0291388,-0.2457156
741,1.5478771,-0.6213361,-0.46093228,-0.5975167
742,-1.3290644,-0.25563973,1.029137,-0.24573563
743,1.5172986,0.07761789,-0.16481163,0.08831479
744,0.64764726,-0.8230261,0.8738524,-0.9077581
745,1.4743,-0.57973087,0.97429013,-0.62841064
746,-0.055352006,-1.8797679,-0.8923492,-1.8023951
747,0.7123939,0.34148917,-0.9934164,0.31177732
748,-0.7512702,2.1360722,-2.0390754,1.9046934
749,0.53426033,-1.0585696,-1.1370348,-0.9764703
750,0.4678871,-1.4652286,0.48630804,-1.5901991
751,1.5551318,-0.0075254785,0.9855667,0.057485368
752,-0.14693521,-0.57428783,0.9942868,-0.61741936
753,-0.43189603,1.5443842,-0.0748907,1.6563499
754,-0.77682114,0.6212035,-1.978877,0.49721688
755,-1.1273127,-0.2500738,1.0291554,-0.2457236
756,-0.51362526,0.95687234,-1.8893735,0.801688
757,1.0247383,-0.65217936,0.94230175,-0.7123961
758,-0.12570466,1.2046168,0.2539959,1.3230789
759,-1.316206,-0.25563973,1.0291252,-0.2457169
760,-1.2748603,-0.25563973,1.0291374,-0.24572223
761,-1.3297879,-0.25563973,1.0291481,-0.2457122
762,-0.8001773,-0.5713451,0.9820201,-0.6191041
763,-0.08559069,1.0015767,-1.3178308,0.88945824
764,0.94459265,-0.2590864,1.029171,-0.24571612
765,0.95095664,0.2759637,-0.9384577,0.22440322
766,1.7436264,-0.36946103,0.08704124,-0.36202267
767,-1.3004022,-0.25563973,1.0291419,-0.24574272
768,0.3885734,-1.4311557,-0.70465845,-1.3756291
769,1.2554361,0.1666466,0.92427295,0.2558348
770,0.6636188,0.5737381,-0.8349688,0.5181214
771,0.27075505,1.6011235,-0.30242142,1.6571106
772,0.88738215,0.5854488,-0.5701848,0.55379915
773,0.6355885,0.9304793,-0.2923435,0.94083565
774,-1.2627343,-0.22095512,1.0291672,-0.24570431
775,1.0077791,0.528541,-0.27085015,0.5311604
776,0.95476425,-0.2593788,1.029122,-0.24571033
777,-1.3015435,-0.25563973,1.0291523,-0.24570675
778,-1.0761162,-2.9137316,-0.84096617,-2.9351573
779,0.5073109,-0.18417291,1.0069441,-0.15749456
780,0.36762327,-1.2470418,-1.0696187,-1.160999
781,-0.28166336,-2.2871375,-1.0235806,-2.1977232
782,-0.9730179,0.9535286,0.41408643,1.0906019
783,1.7527341,-0.33870238,-0.21814297,-0.32895127
784,1.4466767,-0.26622614,1.0291643,-0.24571988
785,0.10674958,0.61648977,-1.3297929,0.51851445
786,0.8944912,0.80332726,0.51104045,0.94549096
787,-0.7997816,1.6251297,-0.17801616,1.7232653
788,-1.3222733,-0.25563973,1.0291344,-0.24571723
789,-0.11893953,2.0671299,-0.6105364,2.1299388
790,-1.3417113,1.2034749,-2.6130903,0.98412865
791,-1.3286762,-0.25563973,1.029143,-0.24571808
792,1.1986231,-1.0227,0.47254667,-1.087784
793,-1.2643007,-0.25563973,1.0291442,-0.24572656
794,0.6409289,1.0184449,0.3861897,1.1367692
795,0.9927987,-0.71733814,0.9169219,-0.7851695
796,0.07829026,-0.119772986,1.01399,-0.091440834
797,0.5072873,-1.607903,-0.037021093,-1.6539733
798,0.30314508,0.35634366,-1.4364418,0.29099423
799,-0.9341758,-0.255107,1.0259982,-0.2452783
800,-0.09814164,1.0013502,-1.3208774,0.8894855
