idx,motor_speed,pm,stator_yoke,stator_tooth,stator_winding
1,0.2935362,-0.6331047,-0.39753547,-0.29014707,-0.30772012
2,-1.22243,-0.15065576,-0.7776131,-1.226843,-1.3218563
3,-0.95190084,1.1360375,0.96701133,0.45456198,0.11089915
4,1.5039048,1.0466292,1.2912089,1.3025689,1.0491111
5,0.18643914,-0.47017303,-0.053766523,-0.123046994,-0.032704756
6,-0.45132223,0.6182605,2.2194326,1.9916204,2.0203998
7,-1.0081816,-0.58353126,0.11259055,0.080426835,0.018328104
8,1.6182984,0.8130191,1.1483983,1.269249,1.261606
9,1.9835948,1.266706,1.2923857,1.3008974,1.2420858
10,-1.2224287,-0.4079813,1.1554018,0.61742294,0.19622199
11,1.060864,-1.9131672,-0.931141,-1.0679089,-0.97692335
12,1.5433477,1.7923565,1.5861849,1.6854994,1.6326808
13,-0.08860146,0.030298231,-1.0162548,-0.88881254,-0.9612818
14,0.16817842,-0.86630934,-0.98363084,-0.79496586,-0.60086125
15,0.69642895,0.4444936,0.7845303,0.8077671,0.7440794
16,1.2383482,0.8680826,1.4982725,1.5350854,1.4541249
17,-1.2224292,-0.6498968,-0.73472506,-1.0679032,-1.1352037
18,-0.5460631,2.5141337,0.19799195,0.922454,1.1684716
19,-0.38260987,0.22996332,-0.057708886,0.015141915,-0.053082936
20,0.21241513,-0.88636595,1.333444,0.7756293,0.34066057
21,1.3448443,-1.3158876,-0.6895489,-0.4536089,-0.2880683
22,0.56317204,1.6221181,1.4741509,1.6113755,1.6379085
23,-0.04440782,0.2644652,1.5727644,1.0937625,0.718714
24,1.0352039,-0.729979,-0.39753547,-0.5314773,-0.60307634
25,-0.64615965,-1.2764896,-1.5746365,-1.7312883,-1.743679
26,-0.85306334,-1.8098016,-0.73472506,-0.8919251,-0.9156372
27,-0.1765795,0.6646708,1.1714823,1.4543841,1.5806936
28,0.53800887,-0.7648461,-0.057886653,0.022858335,0.26436746
29,-0.034472153,0.051876757,-0.15613568,-0.22745828,-0.36885843
30,-1.2224268,0.3888074,0.1164709,-0.19064672,-0.38822663
31,1.7255448,-0.17909513,-0.25798985,-0.040695533,0.017978428
32,1.394071,0.21051303,0.70273674,0.46123898,0.33346263
33,-0.15802874,-0.419821,-0.046816103,-0.29383245,-0.5031175
34,0.22440423,1.3463522,0.91252774,1.0065752,0.9413437
35,2.024121,0.62260395,-0.42960945,0.15493041,0.51213163
36,0.13238183,0.6517477,-0.057750423,0.027276801,-0.022845596
37,-0.14024802,0.8162987,-1.0268155,-0.97466916,-1.0488167
38,-1.1953619,-2.095237,-1.7447779,-1.8690261,-1.783072
39,-0.44905367,-0.47349787,-0.26272202,-0.34073776,-0.43029252
40,-1.2224307,-1.1226348,-1.2959561,-1.5509492,-1.5721393
41,0.5719909,0.27099094,0.25598225,0.12647295,-0.09561874
42,1.6434501,0.06160719,-0.4061476,-0.13439825,-0.0036753085
43,1.4830301,0.25348654,-0.6052484,-0.20327103,0.017978428
44,0.3940267,0.5532566,0.55035746,0.32317474,0.17108805
45,0.66917855,-0.30816126,-0.5245882,-0.4330642,-0.4163732
46,0.35829946,1.1323154,1.2877377,1.2261782,1.0964866
47,-1.2224245,1.2015032,2.1477609,1.8839396,1.5162321
48,1.4314723,-1.4981871,-0.73472506,-0.5835818,-0.37904912
49,-0.052713457,0.11936734,1.2910073,1.0366365,0.9278725
50,-1.2224361,-1.8831811,-1.3681759,-1.6380159,-1.6597942
51,-0.9518886,-0.1731109,1.6256125,1.0414432,0.5170762
52,-0.14024445,-0.66030663,-0.39804828,-0.30060056,-0.2783323
53,-0.051089104,0.9674933,0.9512226,1.3439274,1.5097048
54,-1.2223316,0.015276888,-0.15526496,-0.43785724,-0.60133594
55,1.4830325,0.34340176,-0.608546,-0.18483461,0.017970007
56,0.2459941,1.1197674,1.8284644,1.6995169,1.7764833
57,1.1502521,-0.30888245,-0.77792436,-0.76913756,-0.84327227
58,1.9429532,2.740646,0.27697724,1.2631254,1.732807
59,-1.189964,-2.2542539,-1.7462937,-1.9857602,-1.8859512
60,-0.64260453,-1.7241789,-0.5640248,-0.7619508,-0.5689628
61,1.0073352,-0.5985675,-0.78508794,-0.7619508,-0.73020774
62,-1.2224284,-0.6048525,1.3341264,0.770885,0.32635787
63,0.008785407,-0.9405046,0.2656923,-0.09429606,-0.33383745
64,-0.3262157,0.5009567,-0.23739372,-0.0015693428,0.17164683
65,0.7495535,0.39429098,0.5217276,0.461578,0.63130414
66,0.10866099,0.027833913,0.27293387,1.1226001,1.9817852
67,-0.73544633,-1.7712511,-1.6633223,-1.8276078,-1.8292718
68,-1.2224283,0.3333422,-0.552896,-0.83605266,-1.004487
69,-1.2224307,0.25166988,-0.6053704,-0.9972847,-1.2256489
70,0.8229046,0.33095235,0.10545371,0.7910582,1.2616092
71,1.4830292,1.1124394,0.61345774,0.8072069,0.88316923
72,0.56316835,1.3714821,-0.22432522,0.3112762,0.5896109
73,-0.16188869,-1.5726362,-1.4399513,-1.5342582,-1.5427145
74,1.2094711,0.8598637,1.7954534,1.3079549,0.81008476
75,-1.2224276,1.042945,-0.634208,-0.45331955,-0.40078488
76,1.4887414,1.7428966,1.5434272,1.5652134,1.2637337
77,-0.14024848,0.022260247,-1.292387,-1.3375858,-1.4431683
78,0.34859788,0.25919545,0.3777959,0.42530572,0.47836998
79,-0.61609286,-1.7360383,-0.5706136,-0.7619526,-0.6029074
80,2.0241165,-0.49270722,-0.8710616,-0.5718579,-0.38487917
81,1.0647758,0.4988004,2.0498352,1.8227763,1.6423906
82,1.3477559,1.7251121,0.079370245,0.8840425,1.261606
83,-0.6813282,1.2455808,1.5924633,1.1085544,0.608584
84,0.55927336,-1.9456769,-1.2783307,-1.2727501,-1.2243869
85,0.73696965,-0.8076231,-0.89574444,-0.9672698,-0.97692376
86,0.44305733,1.5799282,2.2194297,1.9916233,1.8765532
87,1.5479634,0.16861096,-0.73846626,-0.29715684,0.018556671
88,0.2748934,-1.4111534,-1.0200243,-0.8083357,-0.56761146
89,-0.64616275,-1.8855283,-1.6619363,-1.8250198,-1.8178036
90,0.94193506,-0.02098329,0.94898546,0.6431839,0.3268827
91,-1.222428,-0.75999695,-0.44591692,-0.79967815,-0.977352
92,2.0241177,-2.0594492,-1.5726331,-1.5042924,-1.3543057
93,-1.195382,-2.1654406,-1.7462937,-1.875403,-1.7828764
94,-1.2224295,1.1350847,-1.2986699,-1.3697382,-1.3298639
95,-0.82865816,0.8232559,1.1687727,0.97422093,0.652763
96,0.12231498,-1.6296315,-0.73472506,-0.83604765,-0.97686195
97,-0.95190185,-0.2225407,1.6212012,1.031979,0.5148033
98,-1.0554135,-1.5085921,0.12381741,0.39028773,0.97265244
99,0.22861028,0.2658557,-0.39753547,-0.2957332,-0.3179426
100,-1.2224271,-1.895591,-1.3769901,-1.6387173,-1.6598344
101,0.16404119,-0.009123185,0.23662381,0.34339082,0.4344947
102,-0.68404794,-1.3941361,-0.7652155,-0.38351595,0.33231804
103,-0.16189225,-1.5863669,-1.4428248,-1.5348307,-1.5497537
104,-0.5343742,-0.14570935,0.25708863,0.15578638,0.14355867
105,-0.15149528,0.7321722,1.4194555,0.99810237,0.5156368
106,0.29985473,0.4037216,0.20466775,0.15590607,0.22687638
107,0.8251411,-0.0104781035,0.53258634,0.46185774,0.50198877
108,-1.2224324,-1.3592255,-1.409146,-1.6798079,-1.668671
109,1.1094244,-0.008499297,0.13545138,0.010570902,-0.21580224
110,2.024118,-0.25430083,-0.81684875,-0.499931,-0.35137668
111,-1.2224302,-0.5758481,-0.73475873,-1.0679032,-1.1347325
112,-1.2224317,0.13708459,-0.06355648,-0.453608,-0.6941226
113,-0.19000165,1.1620145,0.9073144,0.8600049,0.80271685
114,-0.34906924,0.7007011,0.7851204,0.96041214,1.2074696
115,1.0731143,-0.014434755,0.13515668,0.009397694,-0.22214258
116,0.6910725,-0.0342269,-0.48523918,-0.29578716,-0.23015723
117,2.0241165,-0.5953003,-0.8918172,-0.592074,-0.4142384
118,0.6713922,0.6590926,1.6678524,1.3030269,0.8908063
119,-1.2224307,-1.1835617,-1.3232332,-1.5636574,-1.5933026
120,-1.2224295,0.05164133,-0.5884196,-0.9119695,-1.0549763
121,0.9419408,0.9373915,1.7300907,1.3786796,0.98842007
122,0.01958411,0.60921717,0.20762147,0.3404396,0.3299336
123,-1.2224334,1.166664,1.2048335,0.90968764,0.5475479
124,-1.2224241,0.4775349,-0.18650976,-0.51861143,-0.72605735
125,1.6302023,1.8463293,1.5460182,1.6856602,1.6933196
126,1.356818,0.20418431,0.3200615,0.3132382,0.19783619
127,1.2962626,0.29727206,0.13890946,0.15590607,0.16959612
128,-0.36060137,0.4174889,0.12418633,0.09349843,0.28266326
129,0.9419393,0.0048223916,-0.8070595,-0.53007376,-0.4096862
130,0.58052653,-0.62007105,-0.25116837,-0.110920146,-0.018606797
131,1.5371087,-2.4279442,-1.7490411,-1.83182,-1.7240036
132,-0.7588388,0.560392,0.727087,0.6334349,0.5699042
133,-1.2224284,0.09765308,1.6518865,1.0516337,0.5483875
134,-1.2224293,-0.22274537,-0.40075475,-0.97411346,-1.225649
135,-0.8072898,0.6226164,0.9324959,0.9950779,0.89710164
136,-0.1626461,-0.27179128,-0.6255285,-0.5216129,-0.49563855
137,0.4950541,0.18624556,0.74120915,0.641418,0.60640925
138,1.8888464,-0.032256264,-0.61097926,-0.1308061,0.26502758
139,0.03071426,0.7557588,1.5905312,1.368852,1.2510449
140,1.8919868,-1.0007843,-0.49195436,-0.24959902,-0.032470383
141,-0.54606557,0.87393755,-0.79914886,-0.60363764,-0.45043358
142,1.4830327,-0.15542608,-0.5132338,-0.11646538,0.14987896
143,0.32040083,0.8487971,0.9002479,1.0579175,1.1148611
144,0.93366,0.7494191,1.7097151,1.5785131,1.5158427
145,-0.64143157,-2.176879,-1.3782237,-1.5753496,-1.4976336
146,-1.2224315,-0.30007017,-0.41711912,-0.18694097,-0.04033198
147,1.9429584,2.2703815,0.24155305,1.1836748,1.6926951
148,1.0857806,-0.8972985,-0.39983365,-0.38307688,-0.23072705
149,-0.95189106,0.47010973,0.027901195,0.30900016,0.48710227
150,-0.5460651,0.37073317,-0.90202194,-0.7620542,-0.5935705
151,1.3457636,1.7519664,1.5496835,1.6123285,1.3179
152,0.13030542,-1.6154649,-0.9847258,-1.0831954,-1.1146554
153,-1.2224354,0.3786993,1.4111739,0.9233364,0.48468968
154,1.575479,0.056805395,0.35872802,0.45070475,0.51372844
155,1.4698318,0.639355,0.15747593,0.46185845,0.6486793
156,0.9512937,-0.8270056,-0.932172,-1.0724938,-1.0346806
157,-0.30527928,-1.302168,-1.4402206,-1.5321153,-1.542436
158,-0.95189184,-1.3853903,-1.7462937,-1.9089239,-1.8855085
159,1.6182997,2.142553,1.6052727,1.9170914,2.0077384
160,1.8164072,0.8360311,0.33331388,0.46185845,0.64349985
161,0.117021315,0.025234582,-1.0269017,-0.8980421,-0.97419417
162,0.71575326,-0.050649527,-0.22186327,-0.35075328,-0.5888985
163,1.3272841,0.33490324,0.92385715,0.90554714,0.78300524
164,1.066388,1.2642945,-0.021716362,0.7697797,1.186831
165,0.9646577,0.019553052,0.14845255,0.012851764,-0.23073025
166,1.0231053,0.0975666,-0.49758047,0.07822296,0.56579405
167,1.1071492,0.6082586,0.61559963,0.8319715,0.9665215
168,-0.41078654,-0.53725713,0.4023592,0.9377582,1.6475018
169,1.8888477,1.994077,0.18988359,1.0976458,1.6801844
170,-0.3052803,-0.6935127,-1.4101391,-1.4522185,-1.5086287
171,-1.2224331,-0.23793729,-0.7348239,-0.76194954,-0.7260633
172,-0.7195415,-0.11008339,-1.0240624,-1.0679032,-0.9935278
173,-0.7111063,-0.04405391,0.19954894,0.80018306,1.5263475
174,1.8454574,1.6312805,2.1295798,1.8825538,1.6265707
175,1.8539258,-0.51917857,-0.8087661,-0.5137589,-0.1315232
176,1.6182995,1.7982051,1.2910466,1.2246499,1.0003148
177,-1.2224315,1.4252118,2.2999976,2.2239444,1.8881376
178,-0.8916634,0.353702,0.02228826,0.060308307,0.01718585
179,-1.2224231,-0.15815562,-0.95105857,-1.067862,-1.0021287
180,1.1073165,1.0963138,1.3396807,1.1908373,0.9554364
181,-1.2224298,0.2456429,1.6011846,1.0048602,0.51515645
182,1.1455333,1.8260416,2.2130172,1.9395303,1.494021
183,-0.41078725,-0.6249975,0.23189144,0.7094741,1.2643198
184,-1.1899704,-2.3931136,-0.05803981,0.76496714,1.8539166
185,-0.52872473,0.118150316,-0.057711642,-0.0010549029,-0.059306808
186,0.29038948,0.75798005,1.5887654,1.8133974,2.076026
187,-1.22243,0.25032026,1.6052525,1.0082265,0.5162351
188,0.022310602,0.15191133,0.3629324,0.15590571,0.017842509
189,-1.1412861,-0.29210475,0.44198933,-0.004744759,-0.3299762
190,-0.95153034,0.87614965,1.722953,1.2923427,0.77829766
191,2.007895,0.35394514,-0.668893,-0.18391845,0.017978428
192,-1.2196815,0.25068638,0.35574812,0.39086184,0.3329744
193,-0.004973876,0.14096004,0.88468117,0.66956925,0.43201473
194,-0.004974536,0.18710656,0.8868589,0.688048,0.45130265
195,-0.95189935,-0.13374642,-1.4389883,-1.5313975,-1.5001111
196,1.483029,1.1308653,-0.45743987,0.007293849,0.1977508
197,-0.49197674,0.3088979,1.2910446,0.77242225,0.3260082
198,1.3477572,-1.4868113,-1.4091152,-1.3365049,-1.2432573
199,0.077602826,0.13603188,-0.24323286,-0.13196771,-0.030306112
200,-1.2224284,-0.87254196,-1.3724132,-1.6033627,-1.6196272
201,-1.2224306,-0.47336504,-1.258848,-1.5075202,-1.5339471
202,-0.41981682,-0.5478279,0.6529089,0.5788217,0.41918072
203,-1.2132329,1.7843528,1.3710865,1.7795184,1.8787277
204,1.0897943,0.2898296,0.16998929,0.39931864,0.6133743
205,1.3477567,1.7113972,0.07664704,0.8837806,1.261606
206,0.049405776,0.011577527,-0.14551634,-0.024454772,0.29713908
207,0.07116606,-1.7227877,-0.7730461,-0.7705987,-0.5480553
208,0.40257806,1.0986187,1.5561,1.1298879,0.57682014
209,0.4571239,-0.7516428,-1.2384629,-1.2503852,-1.3214096
210,-1.1899635,-2.2111583,-0.24382463,-0.04623755,0.14358132
211,0.57955635,1.7284931,2.323519,2.2281575,1.9939039
212,1.4329885,0.2362512,-0.39752916,-0.004245502,0.018030126
213,0.9419406,1.2030699,1.8850887,1.4247613,0.9120186
214,0.13029565,-0.5054562,-0.73561686,-0.45198432,-0.22978286
215,-0.64211017,0.40258336,0.5355337,0.6193853,0.7510204
216,-0.42420378,1.2477362,2.248519,1.9916204,2.0191958
217,-1.2224334,0.7332792,0.78499645,0.312737,-0.044781048
218,-0.68133485,-0.035526566,1.4821943,0.923107,0.475283
219,0.23314832,0.76482624,0.14787339,0.13352863,-0.10168869
220,-1.222428,0.03943865,0.4486872,0.30941743,0.14028467
221,0.55531305,1.3279911,1.3521062,1.227859,0.9893686
222,1.9429519,2.8039744,0.28861,1.2790633,1.732306
223,-0.24302559,1.682179,2.225827,1.9404558,1.5477389
224,-1.2224289,0.87187105,0.45585594,0.34873563,0.17647085
225,-0.41079235,-0.28186452,-0.023426307,-0.27982488,-0.5001691
226,0.7217593,0.15789028,0.60360205,0.3872579,0.16466989
227,-0.14024432,0.15380582,0.23148118,0.053360153,-0.22480406
228,-0.30527487,-0.22641808,-1.4525878,-1.5287974,-1.567526
229,1.4830272,1.757021,1.3046868,1.4002569,1.261606
230,0.18441175,-0.6276024,-1.3181639,-1.3599204,-1.4749683
231,-0.9518764,-1.415555,0.12110524,-0.33415848,-0.5344139
232,-0.00497665,0.4356088,-0.81716174,-0.63573617,-0.59625286
233,-0.95188606,-0.74835235,1.2956642,1.1471809,1.1165026
234,-0.14024413,-1.4956579,-1.1542131,-1.1014322,-0.98406786
235,0.017564373,-0.88681424,-0.91163987,-1.067848,-1.0361183
236,-1.1228286,0.2265448,1.2951063,0.9375428,0.6137237
237,-0.64616823,-1.952211,-1.6655177,-1.8279421,-1.8187337
238,1.7871195,0.3347144,0.9473007,0.93608344,0.9167555
239,0.8200078,0.9684451,1.11524,1.3621179,1.5874469
240,1.5014794,-0.72976565,0.4869645,-0.15821593,-0.3912609
241,-1.1682941,0.0289731,-0.99004143,-1.0535065,-0.9358652
242,-0.7569345,-0.10437759,1.7462673,1.4582474,1.261606
243,0.6713885,0.88253504,0.13585298,1.0070354,1.7555516
244,-0.43784577,-1.1699361,-0.8252272,-0.6480188,-0.3654347
245,1.3522768,0.3457205,-0.024146035,0.005568689,-0.1414753
246,1.1959342,1.7650716,2.0478425,1.6849968,1.2039119
247,-0.004971894,0.09881437,-0.9132461,-0.7668849,-0.7110595
248,-0.54607004,0.082689874,-0.94245416,-0.79561424,-0.6376336
249,-0.65048075,0.8091167,0.30122495,0.155895,0.016166449
250,1.7947512,0.9032139,1.3227718,1.2168168,1.0722657
251,1.4830359,0.46620739,1.8101819,1.3776815,0.983637
252,-0.30527487,-1.3968538,-1.4589165,-1.5517029,-1.5684512
253,-0.7354473,-1.3469661,-0.44238994,-0.29721418,-0.20910642
254,-0.55779606,0.45654374,1.6618142,1.3463703,0.9633567
255,-0.1402428,-1.0126951,-1.0541687,-0.93819696,-0.83267385
256,-1.2224329,-2.0223324,-1.2419908,-1.4217176,-1.3785026
257,0.26557323,-1.5306606,-1.4396358,-1.5329549,-1.6582897
258,-0.11522027,0.06565441,-0.23097071,-0.11660238,0.021300055
259,-0.29257914,0.30109802,1.4550915,1.457092,1.5889955
260,-1.2224315,-1.8799483,-1.3708156,-1.6410748,-1.6602705
261,1.2650971,0.4387179,-0.26061383,0.14675689,0.39760947
262,-1.222429,-0.9004744,-1.5551302,-1.7157961,-1.7048806
263,0.13030277,0.26064456,0.19617137,0.01772358,-0.2551236
264,-1.2224332,-0.7680873,-0.04658833,-0.13134395,-0.22530243
265,-0.4548844,0.60620844,0.4440113,0.43736684,0.38220778
266,1.6182945,1.6640543,1.492187,1.688426,1.8897389
267,0.005950325,-0.10630667,0.53955173,0.22807197,-0.0366935
268,-1.1953642,-1.7456872,-1.4119565,-1.5004967,-1.3866858
269,-0.7597057,0.41852048,1.1255724,0.96283215,0.8282243
270,1.0913863,0.084326826,1.5844253,1.0786397,0.7705618
271,1.6182971,1.9798912,1.3720291,1.4185652,1.2373071
272,1.0504587,-0.1480115,-0.39753547,-0.5296085,-0.7265427
273,0.44291782,0.7265416,0.95324945,0.9509522,0.6885995
274,1.6182963,2.1521046,1.6072582,1.9183074,2.0076952
275,-1.2224287,-0.4857097,-1.2696205,-1.5086702,-1.5344627
276,0.9419409,1.1709781,1.8808416,1.4161284,0.89758056
277,-0.024969785,0.086540826,0.30376723,0.77017623,1.1138786
278,-1.1414545,0.7305439,1.295828,1.6824514,2.0170014
279,0.8527173,0.98476416,2.138209,1.7956246,1.2616183
280,-0.7757375,1.6377535,2.2049253,1.8527514,1.2723963
281,-0.37807858,0.6388572,0.2727443,0.46185738,0.8685825
282,1.4830272,1.8656552,1.3230411,1.4181757,1.261606
283,-0.30527955,-1.1766235,-1.4346205,-1.5231403,-1.5339491
284,-1.2224318,-0.6925912,1.3144885,0.7702012,0.2925657
285,-1.2224281,-0.78825015,-0.39754668,-0.76416165,-0.9771674
286,1.9429593,2.6551194,0.2774865,1.2438813,1.7246239
287,0.8638911,1.4717677,1.4890554,1.2495438,0.8694918
288,-0.1402504,-1.2279238,-1.0719346,-1.0659631,-0.86621535
289,0.94194233,0.16508289,-0.23949169,-0.2951298,-0.47371167
290,-0.95188546,-1.5248355,-1.7462937,-1.9239178,-1.897393
291,1.2987732,-1.487626,-0.73135775,-0.56705093,-0.4276534
292,-1.222432,-0.97090137,-1.4055175,-1.6198351,-1.6505297
293,-0.95188177,-1.9836711,-0.42434534,-0.8031365,-1.006209
294,-1.0151318,-0.14340623,-0.1479037,-0.45360819,-0.7033452
295,-0.9518941,-0.31067026,1.5876507,0.9984957,0.4785486
296,1.9852341,-1.8348837,-1.3974662,-1.1434711,-0.71472675
297,-0.6653347,-2.2510433,-1.3700325,-1.5971047,-1.5579016
298,0.122504815,0.69706637,0.9499036,1.0185263,0.9960958
299,1.888854,0.6887682,-0.39753547,0.29837447,0.6634801
300,-0.9518769,-1.9482155,-1.7472572,-1.9857602,-1.970465
301,0.21437596,1.3021982,1.7114991,1.3059599,0.76537246
302,0.7785195,0.32209828,0.33097222,0.46185917,0.49352014
303,0.1302963,-0.7163282,-0.816017,-0.59020305,-0.3637077
304,-1.2224293,-0.5984875,-0.5877404,-0.90063965,-1.0189949
305,-0.3830928,0.62473434,0.93864465,1.0393819,1.2184522
306,1.0884806,1.0455284,2.062302,1.9098263,1.6365156
307,-0.651096,0.70067084,1.1215864,1.2889278,1.2616394
308,-0.0049746684,0.6141804,-0.7656193,-0.5425688,-0.5065289
309,0.08004516,0.15092638,0.022698717,0.35473707,0.65906936
310,-0.14024755,0.20710795,0.31734365,0.17990075,-0.040150173
311,0.2655723,-0.80268145,-0.9336146,-0.90702355,-0.9837162
312,-1.2224329,-0.79022,-0.73472506,-1.0679032,-1.144139
313,-0.4780722,1.2959958,1.1926312,1.3315326,1.261606
314,-1.222428,-0.78295684,-0.8902884,-0.7619474,-0.5661201
315,-0.4378438,-1.0954672,-0.8161934,-0.61255866,-0.3553731
316,0.85138685,0.9466064,1.9578104,1.7700616,1.6573392
317,-1.2224305,0.26725098,-1.2233105,-1.3907087,-1.4183005
318,1.3037231,0.19526346,1.2940594,0.86578417,0.60925543
319,-1.2224272,0.34940857,1.2910434,0.7702012,0.2967133
320,0.96246415,0.8824005,0.82980543,1.0463514,0.95279676
321,0.46968776,-0.38537866,-0.48613903,-0.38196728,-0.15482889
322,1.6693336,-0.8742087,-0.030453699,-0.13098669,-0.17453735
323,-0.81661266,-2.1295042,-0.73472506,-0.30180734,0.39014894
324,-0.410791,-1.7193528,-1.5761836,-1.7404176,-1.7759519
325,0.28251675,1.7353057,0.4587181,1.1097233,1.4690597
326,-0.03835046,-0.113706596,-1.1281767,-1.067943,-1.0973574
327,-0.681341,1.6133015,2.0029752,1.8400308,1.3707829
328,-1.2224313,0.4556097,-0.73472506,-0.4327682,-0.2853072
329,1.7925923,-2.233476,-1.4094807,-1.6100199,-1.5436894
330,-1.220455,1.3582726,1.291047,1.3735734,1.2611065
331,1.6234465,0.49962246,0.28676817,0.46138617,0.5469322
332,2.0241244,-0.23101111,-0.81391174,-0.46732908,-0.34529656
333,-0.0049712337,-0.3381739,-0.98744875,-0.84498656,-0.78794354
334,0.35618606,1.0720272,0.837674,1.0755817,1.2541966
335,0.7927927,-0.48284104,-0.6223748,-0.5112683,-0.52356076
336,1.8898497,1.6103413,2.1151338,1.8621706,1.5835844
337,0.44915208,0.33141455,0.46589786,0.46185774,0.43314508
338,-0.41078883,-0.6925446,0.051297292,0.45216948,1.0961901
339,0.9952868,-0.9408661,-0.7729563,-0.7619508,-0.59874374
340,-0.95186853,0.53390193,0.34671745,0.46185845,0.62775135
341,-0.0059842067,0.5249566,0.3272966,0.65387136,0.9268293
342,0.69523144,-1.3075336,-1.1535217,-1.0857091,-0.96286094
343,-1.2224314,-2.0047417,-1.0704514,-1.1782194,-1.1391149
344,-0.9501554,0.9985877,1.5027735,0.99864715,0.47883117
345,1.4830279,0.3884312,-0.56344074,-0.16894503,0.019273447
346,1.4830288,0.5661303,0.4061167,0.46185845,0.5439309
347,1.5655205,0.1699923,-0.22165419,-0.17958161,-0.15039667
348,0.8252156,0.7613414,0.554151,0.5768815,0.39981905
349,-1.2224325,0.79723763,0.714067,0.77020764,0.53334653
350,-1.2224287,-0.3486714,0.4585313,-0.13128929,-0.4573648
351,0.9717434,-0.29541564,-0.512291,-0.4510458,-0.40135485
352,-1.2224311,0.09700012,-1.2230878,-1.4076833,-1.4407597
353,-0.9518894,-0.83759755,-1.5684698,-1.6948534,-1.66049
354,-0.6001751,-1.2933644,-1.4225845,-1.5018183,-1.4608874
355,0.6567999,-0.18124834,0.4731979,0.39840373,0.33392993
356,1.5008134,0.12676029,0.020455668,0.2522785,0.46098784
357,0.5537817,1.3877839,0.951221,1.153364,1.1880894
358,1.2694685,0.40266553,0.28730914,0.44110224,0.47890204
359,-0.30013826,1.2671245,1.1203498,1.2275343,1.174939
360,-0.2750573,0.09200086,0.30310556,0.7723383,1.2189572
361,1.5019029,1.1835126,-0.058648903,0.22636718,0.2686478
362,0.40409592,0.1336896,-0.39756912,-0.27618253,-0.17777649
363,-0.4107924,-1.659677,-1.5740864,-1.7301407,-1.7616144
364,-1.2224323,-0.86836666,-0.73472506,-1.0679032,-1.1562551
365,0.77029324,0.33476245,0.6095099,0.691249,0.6175826
366,0.8757292,0.9582414,1.7837527,1.2844242,0.84654623
367,-1.2224334,-1.6568488,-1.3674941,-1.616584,-1.6393706
368,-0.7420536,0.42044044,1.1263545,0.9581772,0.82539433
369,0.014457553,0.48955473,1.2914214,1.6840712,2.025907
370,-0.16774228,0.8431396,1.5589509,1.1852816,0.7025221
371,-0.53789306,-1.3211825,-1.1580406,-1.1403208,-0.9880408
372,-1.22243,-0.8741085,-0.98472637,-1.2331005,-1.322614
373,-0.9152681,-1.2962239,-0.73472506,-0.76194936,-0.5262013
374,1.2124823,-0.6693161,-1.075268,-0.95836395,-0.9768361
375,1.2401681,0.32600787,-0.051189594,0.082298644,0.015438635
376,-1.2224299,0.3788252,1.0666051,0.46185845,0.101153545
377,-0.8571928,-1.7466321,-0.79919904,-0.7619501,-0.5625317
378,0.26557282,-1.1237446,-1.3323525,-1.4003971,-1.5031039
379,1.4830264,0.75495553,-0.525882,-0.084225364,0.13376455
380,1.5500315,0.46672964,0.95038515,0.6986376,0.4387178
381,-0.45092207,0.23977351,0.9512344,0.83670115,0.69948477
382,1.2556605,-0.1555611,-0.11630592,0.09337625,0.29700896
383,-0.4107895,-0.5714266,-0.9155092,-1.0679032,-1.1409256
384,-0.4107891,-1.772925,-1.5834929,-1.7529552,-1.7812126
385,-0.2868847,-0.769405,-0.73472506,-0.42904672,0.0111350715
386,1.2426736,-0.3878562,-0.36512858,-0.30210584,-0.22785617
387,0.67139417,-1.835736,-1.254495,-1.1825666,-1.0317739
388,0.753833,0.5160098,0.31882128,0.28983906,0.09854986
389,0.5631728,1.3791556,0.22371338,1.0433184,1.6263192
390,-0.6461669,-1.9208283,-1.6446697,-1.8205552,-1.8160744
391,1.3231553,1.3780165,1.9753658,1.688789,1.590231
392,1.1108387,0.9775798,0.39862707,0.43154436,0.26896465
393,0.020601045,1.0857782,1.2912655,1.1499068,0.9116146
394,2.0241249,1.4496801,-0.048878234,0.77412564,1.2599422
395,-1.2224292,1.2240741,0.7894081,0.38571993,0.005475209
396,1.3285755,2.0263917,1.8781674,1.9916204,2.0077076
397,-1.2224311,0.6853415,0.7865355,0.62692755,0.40203008
398,-0.45740846,-0.48540074,-0.26455522,-0.3735206,-0.45392016
399,1.0563344,-0.056385353,0.31784248,0.097779,-0.18028173
400,1.0688592,-0.51731795,-0.6878545,-0.30151442,-0.0844332
401,-0.14024927,-0.4712918,-0.39753547,0.15305234,0.7176153
402,-0.88745606,-2.2032137,-1.3099173,-1.6554079,-1.6603996
403,-1.2224302,0.0029043644,1.6291047,1.0366789,0.52036935
404,-0.90669906,1.0216919,1.4055011,1.4971651,1.2666638
405,1.5278865,1.029058,0.9512438,1.1132448,1.0124277
406,0.26557335,-0.88672173,-1.0968077,-1.1070642,-1.2256477
407,-1.222429,-0.9122298,-0.73472506,-1.0679032,-1.1614763
408,-1.0601082,-2.1118698,-1.7552797,-1.9858023,-1.9718252
409,-0.6461683,-1.7290246,-1.6293756,-1.7993745,-1.7940103
410,-0.7336348,0.064386934,-0.057413984,-0.34397122,-0.5920801
411,-1.2224307,-1.4048449,-1.7571659,-1.9857603,-1.9718252
412,-0.7619414,0.4536518,1.474751,1.5428084,1.8210725
413,-0.004967799,-0.16385517,0.19743444,0.9956945,1.7557558
414,-1.2224321,0.9536678,0.697225,0.2604381,-0.104020536
415,1.8888509,0.97601676,-0.37451795,0.3412416,0.71645564
416,0.806662,-0.26373792,-0.050362773,0.6167913,1.195657
417,-1.1899711,-2.4429264,-0.2811572,0.45070368,1.5487903
418,-0.18365994,0.058951166,1.6653109,1.3572857,1.0118004
419,1.1891338,-0.38918877,-0.73472506,-0.41374677,-0.24456449
420,0.13029855,-0.8978818,-1.0305717,-0.83561337,-0.6222447
421,1.8888462,0.72078943,-0.4159864,0.14162214,0.46082
422,0.45641556,1.4598315,1.7605143,1.3657796,0.8532958
423,-1.2224307,-0.7497344,-0.73472506,-1.0679032,-1.1409386
424,-1.1939049,0.3357902,0.58553994,0.6937458,0.5545629
425,-0.20568351,1.7214322,2.287521,1.9915751,1.5889286
426,-0.9518921,-0.19542359,-1.4548162,-1.564823,-1.5277647
427,-0.41710395,0.3755801,-0.043252897,-0.14531706,-0.29294503
428,0.9419408,0.05446792,-0.27945808,-0.30480826,-0.49289417
429,1.0105731,1.1887597,2.131318,1.6856731,1.2615926
430,-0.4148225,-1.9157839,-0.73472506,-1.0679032,-1.0941015
431,-1.0734065,-1.5782082,-0.39753547,-0.3226445,-0.111088105
432,0.41346514,1.1577542,1.5137982,1.1044357,0.5762585
433,0.4082354,0.020105109,-0.098554455,-0.11775559,-0.15867591
434,-0.6461632,-1.6600903,-1.6298698,-1.7962044,-1.7844421
435,1.2927529,0.5117519,1.39759,1.0623102,0.88588095
436,-0.14024511,-1.8533635,-1.5628934,-1.7093287,-1.7632431
437,-0.8390729,-0.091521956,0.117171146,0.76296765,1.3300933
438,1.8347433,0.16301303,-0.7668215,-0.4389622,-0.29321367
439,1.7535797,-0.1746616,-0.5613074,0.06859043,0.61161923
440,0.51655495,1.4389527,1.743431,1.3589884,0.8848148
441,1.7774286,0.246194,-0.4328701,-0.10989091,0.017814917
442,-0.4411123,0.8882704,0.43301243,0.6739066,0.94690454
443,-0.9518868,0.21161954,0.60566163,0.1558689,-0.1835987
444,-0.7600152,-0.8655091,0.4561713,0.1415171,-0.035146676
445,0.67139685,-1.2789047,-0.8767988,-0.95808333,-1.0600225
446,-0.4526035,0.62303734,0.19486894,0.36566177,0.5273045
447,-0.8166104,-1.9862642,-1.3689159,-1.4484762,-1.3930006
448,-0.56329477,0.3947061,-0.19502799,-0.10345809,-0.018298363
449,-1.2224325,-0.5432462,-0.4321602,-0.792459,-0.97692335
450,0.13029973,-0.32255438,-0.73472506,-0.3955108,-0.1622107
451,1.5442924,-0.25937575,-0.435949,-0.22402172,-0.1060181
452,0.24888387,0.54573774,0.74961513,1.000378,1.1698598
453,-1.2224313,-0.5660093,-0.47809938,-0.8276176,-0.9930299
454,0.008424103,1.4544626,1.120971,1.3921947,1.481817
455,0.5223526,-0.09583728,-0.14208306,-0.12201651,-0.09131692
456,-0.1402494,0.23711316,0.470281,0.39699474,0.10694555
457,0.6194457,-0.87606424,-1.0332427,-0.9112669,-0.8200168
458,-1.2224324,-1.3238062,-0.9429364,-1.2536436,-1.3388113
459,-1.2224299,-0.30837193,0.28444028,-0.1513444,-0.4259878
460,0.51308125,0.7963026,0.48977235,0.47546968,0.39937788
461,-0.36606055,0.5967807,0.49788326,0.447208,0.29619226
462,-0.9383652,-1.1608118,-1.5674552,-1.7288182,-1.72226
463,-1.2224282,0.36262286,-0.5428964,-0.8359199,-0.99547213
464,-0.9518847,-0.49530655,-1.5289916,-1.6786867,-1.6099778
465,1.888844,0.68969643,-0.42226648,0.13541028,0.45870683
466,-0.359325,-1.7987679,-0.90683603,-0.8714636,-0.5462513
467,-0.681339,-0.17308111,-0.5614859,-0.7619508,-0.84625465
468,0.10865544,-1.1527036,-1.0707737,-0.7622135,-0.10577676
469,1.6667044,-0.88636166,-0.034728564,-0.14197928,-0.18064854
470,-0.42070535,1.5460755,2.2815528,2.2211604,2.0452929
471,0.13029815,-0.6976159,-0.71811366,-0.7079698,-0.67373925
472,2.0241168,-0.5651245,-0.890089,-0.58588856,-0.41026127
473,-1.2224342,0.26959902,1.1232665,0.8393584,0.5474056
474,0.9539065,0.4751633,0.33768523,0.46185845,0.647842
475,1.1563257,2.0790203,1.8184587,1.9903883,1.9108647
476,-0.19393174,0.73880076,0.7834164,0.9165851,1.1581593
477,0.6411847,0.13693516,0.4376119,0.31131762,0.18406351
478,-0.11152651,-0.8418278,-0.21877941,-0.14370443,0.07814293
479,-1.2224269,2.3911898,-0.22561172,0.030305745,0.117828764
480,-1.2224313,-0.17581521,-0.5276567,-0.6042071,-0.7025421
481,0.9419355,0.24596193,-0.76316774,-0.45377752,-0.36768174
482,0.6485167,-0.23449449,-1.3049947,-1.4461479,-1.5270915
483,-0.7545866,0.9073599,-0.39753547,-0.16286017,-0.011252287
484,-1.1413081,-0.20611063,0.45314434,0.007876524,-0.311339
485,-0.9968306,-0.17385226,-0.5261796,-0.45405743,-0.462007
486,0.32579595,0.29529876,0.29077905,0.15593143,-0.01773406
487,-1.2224288,-0.26110184,0.29617897,-0.13785893,-0.41670805
488,-0.14024451,-0.26468685,-0.39757916,0.04045575,0.46243387
489,-0.646166,-1.621366,-1.6178303,-1.7894871,-1.7816952
490,1.4830285,1.7844431,1.3084611,1.4078906,1.261606
491,-1.2224293,-0.83856326,-0.73472726,-1.0679032,-1.1587912
492,0.21115896,1.2176243,1.660863,1.200582,0.64607126
493,0.42671767,0.89407444,0.748684,1.0051498,1.0134149
494,-0.8216787,-0.6582863,0.5316564,0.4662162,0.59324384
495,0.6307708,1.4034976,1.5353802,1.3179393,0.97213286
496,1.5290282,2.1995025,0.2121869,1.1065617,1.5784166
497,-1.2224225,-1.0589516,-0.80028456,-0.84018546,-0.88401425
498,0.94194025,-0.08270297,0.9511344,0.6525106,0.33197564
499,-0.6001753,-1.4164516,-1.4330218,-1.5202506,-1.4721576
500,-0.95188886,-1.9754301,-1.7466867,-1.9857602,-1.9712845
501,1.6182984,1.8231798,1.2910466,1.2413881,1.0128901
502,-1.1412696,-2.4237275,-0.7364051,-0.10397182,0.9313251
503,-0.56187713,0.67009914,1.3407882,1.6835524,1.5277438
504,1.7235662,0.083284214,0.6556989,0.40848997,0.27405438
505,1.8888464,0.86466837,-0.39829674,0.15590642,0.48727915
506,-1.2224287,-0.09228302,0.4109725,0.012931967,-0.25693122
507,-1.2224264,0.5845605,0.72774255,0.26064637,-0.10301391
508,1.8888518,1.4749383,-0.067023225,0.76954997,1.2600728
509,-1.2224295,0.2418453,1.1707854,0.63637793,0.2649297
510,0.45712125,-0.9737414,-1.2812536,-1.301735,-1.358763
511,-1.1899537,-0.39577886,-1.480377,-1.609044,-1.5565331
512,-0.13017298,0.9440695,1.2797967,1.0011297,0.88494897
513,2.0241306,1.9859158,0.110909544,0.997559,1.4674172
514,0.94193906,-0.0032067047,0.94843066,0.63840884,0.32531407
515,-0.15212297,-0.1806898,1.4800477,1.0706484,0.75569624
516,1.4830343,0.7283693,1.882133,1.4769987,1.0799876
517,0.8066625,-0.33191174,-0.9894001,-0.83664083,-0.8162674
518,-0.8977737,-1.5881857,-0.5477522,-0.44850934,-0.34819418
519,-0.9518832,-1.4170933,0.027571255,0.36167166,0.6727343
520,0.07816229,-0.2176887,-0.4789124,-0.2896653,-0.04845119
521,-0.93392843,0.065946534,-0.74626946,-0.91502184,-1.0036331
522,-1.2224318,1.2860723,-1.1335729,-1.1422887,-1.0864271
523,-0.25898513,0.64602435,0.10426564,0.46184883,0.7181195
524,-0.0049787634,-0.60215247,0.70354193,0.44657817,0.26863006
525,-1.0878676,0.09592916,0.45900434,0.46092495,0.47449654
526,-0.4608903,1.274369,2.2169952,1.9624957,1.611451
527,-0.95188516,-1.8998986,-1.746346,-1.9857602,-1.9660642
528,1.8183761,0.94627297,0.5309902,0.8398114,0.99714684
529,-0.3885963,0.6993183,2.059735,1.6856681,1.2363013
530,-0.8977703,-1.6024582,-0.86249596,-0.8749779,-0.79519725
531,0.81432664,-0.15382397,0.8901035,0.62954587,0.51334566
532,2.0241342,0.8199085,-0.39753565,0.35985076,0.85373753
533,-1.2224281,0.20132408,0.54786325,0.3900262,0.17651586
534,-0.51323164,-1.4021508,-0.14260888,-0.4511662,-0.62974226
535,-0.7937077,0.33254415,-0.43488082,-0.2655047,-0.24398248
536,0.12286902,-0.8514124,-1.124183,-1.0679032,-0.9956821
537,2.024116,0.067999095,-0.7600957,-0.30934516,-0.0392452
538,-0.41219416,0.4184143,1.4704306,1.0617818,0.6136328
539,1.0221134,1.4312437,0.831828,1.3042755,1.5546604
540,-0.4378469,-0.8954084,-0.8002204,-0.59863454,-0.32739922
541,1.0038816,0.72592515,-0.024183832,0.3125269,0.40225834
542,-1.2224269,0.98389024,0.72620195,0.77998203,0.64135414
543,-0.11051922,-0.4063511,1.2910451,0.76711744,0.34692368
544,-1.2224307,0.7522899,-1.5981522,-1.7538481,-1.7701468
545,-0.27204815,0.4487621,1.8877853,1.6111261,1.2392913
546,-0.70237017,-1.0641248,-0.82049996,-0.91521794,-0.97692335
547,-1.222429,-0.68145895,-0.43815583,-0.7946956,-0.9772685
548,1.3477633,1.4391791,0.009670373,0.7894813,1.261606
549,-0.41079262,-1.0366255,-0.8153618,-0.8802734,-0.81077945
550,0.5734229,0.00747121,-0.14403337,-0.024697881,0.07694898
551,0.23436208,-1.0866364,-0.59807414,-0.48156372,-0.4248598
552,-1.1412883,-2.2882576,-0.7377101,-0.483734,0.0054049254
553,1.0435944,0.83037597,0.53700984,0.46185845,0.3788815
554,1.6183,1.3278009,0.9572214,0.95047736,0.7346815
555,-0.7625013,-0.8375603,0.018602211,0.76949173,1.6684824
556,-1.0680722,-0.764558,-0.86092144,-0.60783744,-0.43008283
557,1.0675815,-0.012517208,0.88608044,0.6514628,0.62066
558,-0.41079202,-1.661668,-1.3263466,-1.0712801,-0.28192517
559,-1.2224296,-0.5951929,-1.2975365,-1.5351852,-1.5663482
560,-1.222431,-1.6815624,-0.9477928,-1.0679032,-1.0123005
561,-1.2224286,-0.3148669,-1.2293624,-1.407254,-1.4058316
562,-1.1953797,-1.8331373,-1.5750606,-1.7519224,-1.6661985
563,1.4830301,1.7419342,1.3046565,1.39293,1.261606
564,1.4830282,0.3367026,-0.61883897,-0.18646225,0.017978428
565,1.4830377,0.42187798,-0.00970796,0.21188283,0.46361217
566,-0.6813345,-0.50814563,-0.3976164,-0.1751235,0.24351123
567,1.8124983,-0.48257175,0.13139129,0.01394352,-0.025144624
568,0.45712218,-0.006059722,-0.9967836,-0.9125159,-1.0043248
569,-0.77171844,-0.5577602,0.5097501,0.31185636,0.06282285
570,0.08497687,-1.1055633,-0.7511288,-0.91029364,-0.97692335
571,1.563739,0.29347828,-0.6826759,-0.22088435,-0.06796505
572,-0.857189,-1.7265551,-1.4086858,-1.4360943,-1.2852075
573,-1.2224299,-0.0070084054,-0.745094,-0.79551905,-0.94648445
574,2.0241191,-1.7149229,-1.3291577,-1.1571642,-0.9917864
575,-1.1953734,-1.9738868,-1.68072,-1.835852,-1.7628773
576,-0.494858,0.296437,-0.39227372,0.31369692,1.0088769
577,-0.14024742,-1.5893589,-1.2290075,-1.1820258,-1.059787
578,-0.95189434,-0.36451364,-1.1669048,-1.2135845,-1.2093891
579,-1.2224302,-0.29044905,-0.26905528,-0.6137103,-0.8388957
580,1.3819774,-0.27044094,0.66802794,0.39479873,0.29034072
581,0.18441148,-0.68925864,-1.3263115,-1.3699203,-1.4858575
582,1.3536457,0.22502027,0.11619018,0.13304493,0.017995855
583,-1.2224319,-1.2899569,-0.9381836,-1.2537942,-1.3392541
584,-1.2224306,0.05043271,-0.048632156,-0.35846522,-0.5384102
585,-1.1953739,-2.1325505,-1.7462858,-1.8698527,-1.7827717
586,1.7876252,1.8554591,2.2165346,1.9916204,1.8726101
587,-1.2224319,-0.803972,-0.058529407,-0.17157261,-0.2569565
588,-1.2224314,-0.02878969,-0.77964985,-0.89296466,-0.97722596
589,0.047705334,0.5465464,0.44799936,0.49832654,0.57621664
590,1.1567442,0.21841192,-0.48037708,-0.22459725,-0.06985661
591,0.6713988,-1.0694511,-0.05138134,0.08225185,0.20657866
592,0.3901838,0.61413044,-0.058153793,0.18219215,0.46087515
593,0.8773615,-0.20195025,-0.39753547,-0.22245446,-0.13899156
594,-0.23253106,-0.8471713,-1.0971323,-1.2097367,-1.2243097
595,-1.2224299,0.52492726,1.3291816,1.0008281,0.6121734
596,0.4242283,1.8184727,2.1268241,1.9916204,1.9874642
597,-0.6799489,0.37542444,-0.22614247,-0.026603809,0.13779134
598,0.9419413,-0.17063048,-0.3960025,-0.37993845,-0.52842873
599,1.4830227,1.6834815,-0.12795033,0.43461886,0.6219297
600,0.8455813,-0.7756566,-0.3992023,-0.22394615,-0.036882855
601,0.0010715956,1.307578,1.0266988,1.1458045,0.9838316
602,0.6713683,-1.2655575,-0.3975388,-0.453508,-0.45399714
603,-1.2106309,-0.62839806,-0.48519173,-0.43172216,-0.2504474
604,-0.9518834,-0.8899678,0.87839377,0.6102429,0.5691767
605,-1.0663277,-1.40956,0.42049965,0.7727045,1.261606
606,0.7622003,0.19751638,1.5436736,1.0440454,0.7503434
607,-0.66937184,0.9382227,1.3300422,1.1014987,0.7599554
608,-0.60017097,-1.1540122,-1.410577,-1.4705616,-1.4380038
609,1.3663615,-0.07917826,-0.4352017,-0.2666102,-0.22503321
610,1.0610281,0.9580992,0.77817357,0.99171793,0.89086556
611,0.06415755,0.16810454,-0.02191657,0.08050115,0.018566836
612,1.2248546,1.2342412,0.61413103,0.80446684,0.73813933
613,-0.32584378,1.4385054,1.1225369,1.1801709,1.0103933
614,-0.14024782,-1.120546,0.48677728,0.13258372,-0.024611399
615,0.42568344,1.4273149,1.2941921,1.5925251,1.2600563
616,-1.2224303,0.70744497,0.29815054,0.22080122,0.08897096
617,-0.7625021,-1.248406,-1.4337366,-1.3067133,-0.68090624
618,-1.1953696,-1.9666319,-1.6673768,-1.8325051,-1.7610424
619,0.53259313,1.8057264,1.9795287,1.8442348,1.5518435
620,-0.41079083,-1.826532,-1.2025688,-1.4222322,-1.4783016
621,0.6724837,0.10486538,0.20308991,0.46143013,0.75646764
622,1.198735,1.5521711,1.5999672,1.5339322,1.2581937
623,1.3477641,0.94031084,-0.057590175,0.6568119,1.1661656
624,0.17396325,-2.0996737,-1.0779371,-1.3359267,-1.2315986
625,-1.1899571,-0.32539755,-1.4149679,-1.5289947,-1.4799483
626,-1.2224315,-0.6297866,-0.29055697,-0.7629384,-0.97713524
627,-1.0601029,-1.9857494,-1.6705828,-1.8424473,-1.8183205
628,1.4631239,-0.41665903,-0.73473984,-0.43013975,-0.07310737
629,-1.2224312,1.2555457,0.8014049,0.38795882,0.017765544
630,0.7348822,0.2296438,-0.22652732,-0.08969468,0.13490884
631,0.94194317,0.6765912,-0.048419937,-0.028177138,-0.22756632
632,0.8229006,0.24780309,0.122398816,0.84333134,1.4135449
633,-0.16188869,-1.5492538,-1.439672,-1.5267417,-1.5419409
634,0.94193363,0.94533557,-0.047651783,0.6550338,1.1582037
635,0.88509434,1.7213265,0.5385552,1.112905,1.261606
636,0.47779405,0.38281453,1.2887716,1.0146205,0.9689573
637,0.26557308,-0.92938536,-1.1541247,-1.1870887,-1.2846423
638,-0.16527992,0.34429398,2.029258,1.9912614,2.28143
639,0.88290614,1.7781043,1.3803312,1.8430873,2.0752838
640,0.8594712,0.1740979,-0.5535606,-0.45360819,-0.5866869
641,-0.41079208,-0.29829988,-0.03335919,-0.2864183,-0.4882203
642,1.8888509,1.4494706,-0.057732705,0.77187884,1.261606
643,-1.222431,0.6984818,0.762173,0.3112719,-0.07517783
644,-0.8543967,1.0024108,0.57218516,0.96682763,1.261606
645,0.060579654,0.16672704,-0.55332553,-0.5696496,-0.7253752
646,-1.22243,0.10820463,-0.5232818,-0.872784,-1.0399173
647,-0.51393235,0.6806012,0.32178998,0.2347379,0.11906047
648,-0.4107924,0.06277209,1.5343002,1.0327424,0.569242
649,-0.13915123,0.47454062,0.84935343,0.8370866,1.0642354
650,-1.2224296,0.5553519,-0.041284468,-0.27847126,-0.4376042
651,-0.8571912,-1.7297708,-1.4091069,-1.4316494,-1.2853507
652,0.778092,0.2285123,-0.1725725,-0.053807676,0.013301956
653,1.390593,0.6387597,1.4575366,1.2467043,1.0173635
654,-1.2224327,-0.5980618,-0.47879726,-0.8307932,-0.99257743
655,0.845074,1.1216543,0.42270195,1.1538386,1.6449366
656,1.693771,1.9026666,2.264399,1.9916204,1.7583576
657,-0.8571939,-1.7196993,-1.0417893,-1.0679032,-0.881949
658,1.7535776,0.96476233,-0.05411221,0.77066207,1.261606
659,-0.57347256,-0.009342277,-0.39753547,-0.41068247,-0.4847719
660,0.40084141,-0.0062543117,0.11910866,-0.071225934,-0.2938176
661,-1.2224298,1.1103902,1.5529652,1.042546,0.5739066
662,-1.222428,0.38475177,1.3040742,0.79861975,0.39084074
663,1.7528784,1.0719806,1.9327455,1.5700134,1.1683505
664,0.3570536,0.9095926,1.3502305,1.1508249,0.97153634
665,-0.9951651,-1.2266353,-1.610625,-1.7947466,-1.7823836
666,0.63200647,0.983083,1.7805694,1.6417545,1.532989
667,0.18219373,-0.8707248,1.3353772,0.7772544,0.33810598
668,-0.39909673,0.59516156,-0.3975345,-0.14045846,-0.22473755
669,1.9044992,0.81270194,1.8775992,1.6711494,1.4636841
670,-0.95208365,0.957797,2.0342324,1.865004,1.9491556
671,-0.21760212,0.060298156,0.2960162,0.62235725,0.77272725
672,-1.2224308,0.53182435,0.24577948,0.31134334,0.28957167
673,-0.646165,-1.3551888,-1.588355,-1.7534856,-1.7624058
674,1.6063335,-0.11010741,0.29411882,0.32094303,0.29873264
675,0.16350605,-1.0075529,-1.2475001,-1.2329487,-1.1112577
676,-1.1412894,-0.28885463,0.44318962,-0.012838077,-0.32807913
677,-0.9951714,-1.562644,-1.7462939,-1.9394197,-1.8937168
678,-0.5731251,-1.2632473,0.22897768,1.0982546,2.2967565
679,-0.41079307,-1.7672237,-0.8037302,-0.8528139,-0.8087873
680,0.6174896,0.011812717,0.054366965,-0.15393142,-0.4231223
681,0.7250873,2.0886388,1.7691077,1.8788745,1.7624972
682,0.66042507,0.6026953,0.87951314,0.9642551,0.9682147
683,-0.19433956,0.7084981,1.040954,0.7702012,0.4137776
684,-1.1611263,0.18940079,-0.25775835,-0.24181652,-0.28923145
685,-0.9518935,-0.38473004,1.462764,0.83308434,0.30533612
686,-1.2224289,0.84187067,1.5685803,1.0639778,0.64368135
687,-1.1413006,-0.24249476,0.45083475,-0.00091968384,-0.32427654
688,-1.2224317,-1.3465712,-1.751843,-1.9857602,-1.9692017
689,1.4553435,0.038975958,-0.47915968,-0.18388648,-0.008465629
690,1.2119827,0.41320747,-0.0635488,-0.10888811,-0.22918895
691,-1.2224319,-0.40554556,-0.39753547,-0.6972298,-0.85010314
692,-1.2224314,-0.73775345,-1.3203348,-1.397808,-1.3368205
693,-1.2224308,0.67926264,-0.14057253,-0.30429184,-0.4746762
694,-1.2224312,0.4400344,-0.73584914,-0.5231776,-0.41915867
695,1.4830245,1.3667082,0.9219881,0.9592193,0.95287687
696,-1.0780498,-0.16749856,1.2911364,0.789363,0.39955825
697,0.44088435,0.10442047,0.13909332,-0.068125896,-0.36023676
698,0.8220845,-0.8264221,-0.30697253,-0.28461346,-0.31339043
699,-1.2224299,0.18972704,1.2394919,0.7014263,0.2749277
700,1.1320168,1.0410423,1.3363868,1.2685577,1.2336485
701,0.74048334,0.92705375,1.5874641,1.3750786,1.201375
702,-0.2885495,-0.504797,-0.5312522,-0.76230323,-0.97692335
703,-0.8571904,-1.7129972,-1.3244151,-1.3628496,-1.2257296
704,1.3526937,0.7145554,-0.057618327,0.24317114,0.3211441
705,0.12355808,0.9451645,0.8909603,0.7701955,0.47813937
706,-0.5185835,-0.2851877,1.2074593,0.69315314,0.27555183
707,1.2828265,1.5896385,0.0729547,0.8481631,1.261606
708,-1.2224298,-0.24897122,-1.4401184,-1.6798079,-1.6966715
709,-0.41079286,-0.92912734,-0.39753646,-0.2216669,-0.04536568
710,1.3076328,0.46822485,1.3562245,1.2805792,1.2609816
711,0.4593229,0.44001132,-0.23760457,0.010482126,0.20116594
712,-1.2224277,0.38121167,-0.43977442,-0.7619508,-0.902868
713,-0.5488775,0.14094082,-0.01745193,-0.27473584,-0.51989526
714,0.0042385226,-0.33150405,-0.05723917,0.09068687,0.016379623
715,-1.2224307,-0.7679881,-1.4730945,-1.7066356,-1.7231045
716,1.4207681,-0.92113644,-0.5989793,-0.41972357,-0.23012558
717,-0.06735731,0.3278812,0.1187295,-0.06902688,-0.32367623
718,-0.68133575,-2.2713697,-1.3221703,-1.6032944,-1.6288959
719,-1.2224287,-0.4250468,-1.745073,-1.8528233,-1.8453629
720,-1.222433,-1.3910592,-0.9434036,-1.2569311,-1.34504
721,-1.2224308,0.6341789,-1.2801996,-1.3665491,-1.3308524
722,-0.6540549,-0.53561205,-0.46554193,-0.37596422,-0.37263632
723,0.5631701,1.4223483,1.2946004,1.3823268,1.2620882
724,1.2376573,0.792309,0.6044761,0.80202717,0.9000013
725,-0.41078824,-0.29029217,-0.013988337,-0.21700229,-0.36059648
726,-0.614537,-0.94370496,-0.7577365,-0.7613458,-0.56247205
727,-0.7923145,1.5821711,2.086815,1.6856681,1.2616057
728,0.17787525,-0.22515349,-0.5565705,-0.53008074,-0.5392883
729,0.12484411,0.01569994,-0.41157648,-0.274111,-0.25527054
730,0.7488381,0.22551131,0.7927752,0.8072348,0.91339695
731,-1.1555566,0.7332893,1.293025,1.6792029,2.009898
732,-0.024961859,1.0787591,1.2191092,1.1718787,0.98811716
733,0.3937942,-0.77958536,0.78526413,0.24030493,-0.1687102
734,-0.4759345,-0.6641254,-0.39664072,0.007155593,0.5144301
735,-0.64616394,-1.4029648,-1.5958242,-1.753905,-1.76714
736,-0.7222906,0.20112325,0.11037742,0.35215703,0.5109938
737,0.9419422,0.37701046,-0.19961841,-0.2237186,-0.40624073
738,-1.222429,-1.373837,-0.9454173,-1.2565515,-1.3454231
739,1.143816,0.3936236,-0.5553052,-0.10846727,0.16330428
740,-1.2224314,0.14485376,0.7861626,0.31112865,-0.06330048
741,1.426194,-0.10119113,1.3387578,1.14047,0.90234387
742,-1.2224294,1.1081843,1.0838443,0.7702012,0.3809909
743,0.9823794,0.015131067,0.12089715,-0.011901904,-0.23267291
744,-0.15149818,0.9696895,1.5979218,1.2411095,0.79673374
745,0.20271726,-0.29595327,0.11360735,0.13768774,0.018723086
746,0.27575672,0.73459905,0.38127604,0.7556751,0.92635673
747,1.4830256,1.8698703,1.325862,1.4204335,1.261606
748,-0.050519608,0.16835774,1.6736547,1.4038368,1.2597337
749,1.5608017,0.84891623,1.2910466,1.2244624,1.0633357
750,-0.1231006,0.3999999,0.45907757,0.38422054,0.2686867
751,0.18440819,0.3114809,-1.0060182,-0.943134,-1.0608104
752,-0.6461613,-2.0025206,-1.6653724,-1.8298353,-1.8282402
753,-0.69439054,0.8256088,0.95122296,1.2276744,1.261606
754,1.529031,2.0193255,0.2598431,1.1596122,1.6684217
755,-1.1412878,-0.30451235,0.44425285,-0.0016095334,-0.32467866
756,0.8569891,-0.3772513,-0.73472506,-0.24346541,0.20825908
757,-0.007913584,-0.11096841,0.28373966,-0.012928997,-0.32989386
758,-0.5460647,1.3923738,-0.56190854,-0.2935763,-0.10561527
759,-1.2224336,0.4704917,0.15480137,-0.015861304,-0.2575391
760,-1.2224286,-1.8225003,-0.70505774,-0.7965987,-0.8498157
761,-1.2224276,0.40976733,-0.55909085,-0.6070088,-0.6938235
762,-0.9555596,-0.3335477,1.1646614,0.627616,0.2121749
763,0.56316715,1.283653,-0.28480878,0.23022154,0.52006817
764,-0.14024478,-0.87948155,-1.44056,-1.545848,-1.6372501
765,1.4525001,-0.18183523,0.12702784,0.1424338,0.26722845
766,0.96017057,0.73502904,0.5750562,0.44850373,0.26864865
767,-1.2224323,0.31540442,1.6682445,1.1264277,0.65847224
768,0.5960939,0.7118172,0.61376405,1.0356115,1.2535286
769,0.08599988,0.483595,2.299981,1.9916204,1.6990038
770,0.8771689,-0.0891386,-0.56311554,-0.38084266,-0.30787084
771,-0.12207336,-0.21221209,-0.39753625,-0.02417951,0.3075268
772,0.67139447,-2.0477984,-1.4092726,-1.3670057,-1.2352552
773,0.24963395,0.14950228,0.15912248,0.035934575,-0.093417875
774,-1.2224321,0.6383892,-1.2778178,-1.3651611,-1.3276972
775,0.5599084,-0.6130461,-0.3937128,-0.16988121,-0.15746918
776,-0.14024505,-1.5115321,-1.5137396,-1.6798079,-1.723592
777,-1.2224299,0.24329197,1.5746626,1.0019007,0.51537544
778,-0.85219187,0.3613501,1.4477679,1.0615724,0.8686719
779,-0.31851095,0.99393535,0.9415586,1.0010436,0.761912
780,1.0883062,0.40483484,0.2882848,0.43501076,0.47469693
781,0.060948618,-0.4409827,-0.44684964,-0.25446746,-0.059746806
782,-1.0902543,1.276853,1.669964,1.5364577,1.261606
783,1.2595761,0.0710121,0.1560916,0.047188483,-0.13163531
784,0.13029802,-0.18791099,-0.7570863,-0.69954294,-0.7172667
785,1.2060087,1.4422075,2.2063892,1.9536412,1.6740621
786,-0.0049782353,-0.3513601,0.7944785,0.48323986,0.3286723
787,-0.9518857,0.6972307,0.6859255,0.8390769,0.9549453
788,-1.2224302,0.1239486,1.6475729,1.0575556,0.5490799
789,-0.3228153,0.33906794,1.1854068,1.5584056,1.959765
790,0.67138904,0.44305748,-0.39755455,0.38457245,1.0803208
791,-1.2224319,1.6494542,0.551532,0.7444553,0.5445138
792,0.3219524,0.4597278,0.16069561,-0.007613297,-0.28865469
793,-1.22243,-1.1377003,-0.9317273,-1.2381101,-1.3345953
794,-0.14024492,-1.0257218,-1.0463474,-0.95395136,-0.84124583
795,-0.02461284,0.12801096,-0.48936993,-0.22264148,-0.110369295
796,-0.5731202,-1.7293758,-1.6159595,-1.7896663,-1.7875062
797,0.17266467,1.0696427,1.086241,1.3140428,1.2613649
798,1.8888535,0.8971254,-0.3941148,0.3262471,0.7051278
799,-1.0413071,0.90289485,1.4004122,1.1501164,0.9373555
800,0.56316847,1.4543157,-0.16500846,0.38818532,0.66965663
