id,y,x0,x1,x2,x3,x4,x5,x6,x7,x8,x9,x10,x11,x12,x13,x14,x15,x16,x17
2,3,-0.217391,-0.384615,0.222222,-0.676856,-0.78022,-0.735849,-0.51634,0.0857143,-0.666667,-0.285714,-0.578947,-0.64988,-0.383648,-0.657895,-0.181818,-0.317073,-0.133333,0.2
4,3,-0.130435,-0.384615,0.166667,-0.519651,-0.648352,-0.735849,-0.581699,0.142857,-0.666667,-0.285714,-0.684211,-0.70024,-0.773585,-0.894737,-0.454545,-0.512195,0.533333,0.733333
5,2,-0.478261,-0.153846,-0.166667,-0.117904,0.230769,0.886792,-0.51634,0.0857143,-0.666667,-0.257143,0.168421,-0.661871,-0.00628931,0.789474,-0.181818,-0.463415,-0.733333,-0.866667
6,2,0.478261,0.846154,0.833333,-0.406114,-0.934066,-0.849057,0.869281,-1,0.833333,0.457143,0.578947,0.853717,0.949686,-0.315789,-0.545455,-0.560976,-0.666667,-0.866667
10,1,-0.130435,-0.153846,0.611111,-0.187773,-0.67033,-0.660377,-0.0718954,-0.428571,-0.166667,-0.2,-0.242105,-0.230216,-0.459119,-0.868421,-0.636364,-0.317073,0.266667,0.533333
14,3,-0.304348,-0.307692,0.25,-0.650655,-0.758242,-0.698113,-0.477124,0.0285714,-0.666667,-0.257143,-0.547368,-0.613909,-0.345912,-0.657895,-0.272727,-0.365854,-0.266667,0.0666667
17,3,-0.304348,-0.769231,-0.694444,-0.956332,-0.89011,-0.849057,-0.921569,0.771429,-1,-0.685714,-0.926316,-0.947242,-0.798742,-0.447368,-0.818182,-0.317073,-0.666667,-0.733333
18,2,0.130435,-0.384615,0.0277778,-0.187773,-0.516484,-0.849057,-0.150327,-0.428571,-0.333333,-0.4,-0.242105,-0.278177,-0.471698,-0.657895,-0.636364,-0.512195,0.466667,0.2
19,1,0.347826,0.615385,0.666667,-0.283843,-0.692308,-0.698113,0.359477,-0.714286,0.166667,0.571429,0,0.203837,0.396226,-0.605263,-0.545455,-0.463415,-0.4,-0.0666667
21,2,-0.521739,0.0769231,-0.0277778,-0.572052,-0.626374,-0.849057,-0.45098,-0.0285714,-0.666667,-0.228571,-0.526316,-0.592326,-0.0566038,-0.578947,-1,-0.853659,-0.4,-0.266667
24,2,-0.391304,-0.538462,-0.166667,-0.615721,-0.692308,-0.811321,-0.594771,0.142857,-0.833333,-0.485714,-0.642105,-0.705036,-0.597484,-0.736842,-0.909091,-0.902439,0.0666667,0.2
25,1,0.130435,0.538462,0.805556,0.00436681,-0.582418,-0.660377,0.202614,-0.657143,0,0.342857,-0.0421053,0.0527578,0.446541,-0.763158,-1,-0.707317,0,0.333333
26,3,-0.478261,-0.0769231,0.111111,-0.563319,-0.626374,-0.735849,-0.542484,0.0857143,-0.666667,-0.142857,-0.589474,-0.664269,-0.18239,-0.684211,-0.909091,-0.804878,-0.2,0.2
27,1,-0.565217,-0.769231,-0.611111,-0.868996,-0.78022,-0.849057,-0.79085,0.542857,-0.833333,-0.8,-0.863158,-0.870504,-0.622642,-0.394737,-0.454545,-0.853659,-0.8,-0.866667
34,0,0.217391,0.153846,0.861111,0.0305677,-0.538462,-0.698113,0.254902,-0.657143,0.166667,0.0285714,0.0736842,0.0959233,0.194969,-0.710526,-0.545455,0.853659,-0.0666667,0.4
39,1,0.434783,0.538462,0.611111,-0.371179,-0.846154,-0.698113,0.359477,-0.714286,0.166667,0.514286,0.105263,0.215827,0.371069,-0.605263,-0.909091,-0.560976,-0.266667,0.0666667
40,2,-0.652174,-0.0769231,-0.222222,-0.432314,-0.428571,-0.849057,-0.490196,0.0285714,-0.666667,-0.2,-0.547368,-0.635492,-0.0314465,-0.578947,-0.363636,-1,-0.533333,-0.466667
43,3,-0.0869565,0.230769,0.305556,-0.71179,-0.846154,-0.660377,-0.398693,-0.0285714,-0.5,0.257143,-0.494737,-0.563549,-0.0314465,-0.578947,-0.545455,-0.756098,-0.533333,-0.133333
47,3,-0.217391,-0.230769,-0.166667,-0.746725,-0.824176,-0.773585,-0.764706,0.428571,-0.833333,-0.2,-0.694737,-0.834532,-0.408805,-0.710526,-0.909091,-0.609756,-0.0666667,-0.133333
48,2,-0.478261,-0.307692,-0.277778,-0.842795,-0.846154,-0.849057,-0.529412,0.142857,-0.666667,-0.342857,-0.557895,-0.681055,-0.18239,-0.236842,-0.454545,-0.317073,-0.733333,-0.933333
49,3,-0.304348,0.0769231,0.138889,-0.624454,-0.626374,-0.660377,-0.424837,0.0285714,-0.5,0.285714,-0.578947,-0.597122,-0.00628931,-0.552632,-0.454545,-0.365854,-0.466667,-0.2
50,1,-0.217391,-0.0769231,0.0833333,-0.371179,-0.736264,-0.735849,-0.333333,-0.2,-0.5,-0.142857,-0.431579,-0.472422,-0.119497,-0.921053,-1,-0.512195,0.533333,0.8
53,0,0.0869565,0.692308,0.694444,0.0829694,-0.494505,-0.735849,0.281046,-0.714286,0.166667,0.428571,0.115789,0.143885,0.710692,-0.657895,-0.909091,-0.707317,-0.2,0.0666667
54,2,0.217391,-0.307692,-0.388889,-0.379913,-0.56044,-0.849057,-0.51634,-0.0285714,-0.666667,-0.4,-0.589474,-0.623501,-0.295597,-0.842105,-0.363636,-0.463415,0.733333,0.866667
55,2,0.217391,0.769231,0.777778,-0.292576,-0.868132,-0.849057,0.895425,-1,0.833333,0.428571,0.526316,0.851319,0.522013,-0.368421,-0.545455,0.268293,-0.733333,-0.8
56,3,-0.0869565,-0.769231,-0.277778,-0.58952,-0.692308,-0.773585,-0.72549,0.371429,-0.833333,-0.514286,-0.747368,-0.805755,-0.874214,-0.921053,-0.181818,-0.853659,0.666667,0.8
57,1,0.0434783,-0.153846,0.555556,-0.20524,-0.648352,-0.735849,-0.0457516,-0.428571,-0.166667,-0.257143,-0.242105,-0.213429,-0.295597,-0.815789,-0.636364,-0.609756,0,0.2
58,3,-0.304348,0.0769231,0.222222,-0.746725,-0.824176,-0.660377,-0.411765,0.0285714,-0.5,0.2,-0.589474,-0.592326,-0.157233,-0.605263,-0.545455,-0.560976,-0.6,-0.266667
59,0,0.478261,0.538462,0.75,0.0218341,-0.582418,-0.660377,0.267974,-0.657143,0.166667,0.285714,-0.0315789,0.1247,0.295597,-0.815789,-1,-0.95122,0,0.333333
60,3,-0.478261,-0.538462,-0.222222,-0.868996,-0.89011,-0.886792,-0.79085,0.542857,-0.833333,-0.514286,-0.810526,-0.863309,-0.584906,-0.578947,-0.272727,-0.609756,-0.6,-0.6
62,0,-0.826087,-0.615385,-0.361111,-0.729258,-0.736264,-0.886792,-0.764706,0.485714,-0.833333,-0.657143,-0.842105,-0.848921,-0.622642,-0.473684,0.181818,0.0243902,-0.533333,-0.6
64,2,-0.565217,-0.307692,-0.277778,-0.545852,-0.56044,-0.811321,-0.503268,0.0857143,-0.666667,-0.257143,-0.536842,-0.642686,-0.371069,-0.5,-0.636364,-0.902439,-0.6,-0.533333
66,0,-0.304348,-0.384615,-0.0277778,-0.659389,-0.802198,-0.811321,-0.555556,0.142857,-0.666667,-0.457143,-0.578947,-0.681055,-0.408805,-0.552632,0.636364,-0.756098,-0.466667,-0.533333
67,2,-0.652174,-0.230769,-0.222222,-0.816594,-0.78022,-0.773585,-0.51634,0.142857,-0.666667,-0.2,-0.589474,-0.666667,-0.207547,-0.368421,-0.454545,-0.121951,-0.8,-0.8
68,0,0.0869565,0.692308,0.694444,0.00436681,-0.516484,-0.660377,0.477124,-0.771429,0.333333,0.714286,0.0631579,0.352518,0.345912,-0.605263,-0.454545,-0.317073,-0.266667,-0.0666667
74,0,-1,-0.692308,-0.638889,-0.938865,-0.846154,-0.849057,-0.816993,0.657143,-0.833333,-0.714286,-0.947368,-0.896882,-0.522013,-0.394737,-0.909091,-0.268293,-1,-0.8
75,3,-0.304348,-0.307692,0.361111,-0.624454,-0.692308,-0.660377,-0.490196,0.0285714,-0.666667,-0.228571,-0.578947,-0.630695,-0.320755,-0.657895,0,0.121951,-0.266667,0.2
80,2,-0.304348,-0.153846,-0.222222,-0.921397,-0.934066,-0.811321,-0.503268,0.0857143,-0.666667,-0.171429,-0.568421,-0.654676,0.00628931,-0.236842,-0.454545,-0.756098,-0.8,-0.933333
82,2,0.130435,0.384615,0.444444,-0.135371,-0.604396,-0.886792,0.267974,-0.714286,0.166667,0.171429,0.0736842,0.167866,0.320755,-0.5,-0.545455,-0.463415,0,-0.466667
84,0,-0.73913,-0.461538,0.111111,-0.746725,-0.824176,-0.811321,-0.542484,0.2,-0.666667,-0.514286,-0.557895,-0.695444,-0.559748,-0.552632,-0.272727,0.463415,-0.666667,-0.2
85,2,-0.304348,-0.461538,0,-0.266376,-0.362637,-0.811321,-0.503268,0.0285714,-0.666667,-0.485714,-0.536842,-0.621103,-0.509434,-0.657895,-0.727273,-0.609756,0.133333,0.0666667
87,3,-0.304348,-0.384615,0.222222,-0.676856,-0.758242,-0.735849,-0.51634,0.0857143,-0.666667,-0.228571,-0.557895,-0.64988,-0.333333,-0.657895,-0.636364,-0.121951,-0.2,0.266667
88,3,-0.434783,-0.692308,-0.444444,-0.90393,-0.846154,-0.886792,-0.908497,0.714286,-1,-0.6,-0.884211,-0.940048,-0.748428,-0.657895,-0.818182,-0.609756,-0.333333,-0.4
89,2,-0.217391,-0.307692,0.222222,-0.0829694,-0.384615,-0.849057,-0.228758,-0.314286,-0.5,-0.428571,-0.378947,-0.371703,-0.345912,-0.736842,-0.727273,-0.414634,0.333333,0.333333
91,1,0.347826,0.692308,0.861111,0.0305677,-0.538462,-0.660377,0.385621,-0.714286,0.166667,0.571429,0.0736842,0.244604,0.509434,-0.684211,-0.727273,-0.512195,-0.2,0.2
92,0,-0.0869565,-0.615385,0.222222,-0.528384,-0.824176,-0.735849,-0.254902,-0.257143,-0.5,-0.657143,-0.305263,-0.410072,-0.421384,-0.736842,-0.181818,-0.268293,-0.0666667,-0.0666667
93,1,0.347826,0.461538,0.666667,-0.240175,-0.736264,-0.735849,0.111111,-0.6,0,0.142857,-0.0736842,-0.0431655,0.572327,-0.710526,-0.0909091,-0.512195,0,0.133333
95,2,-0.521739,-0.0769231,-0.277778,-0.563319,-0.604396,-0.849057,-0.568627,0.142857,-0.666667,-0.257143,-0.6,-0.693046,-0.144654,-0.631579,-0.818182,-0.853659,-0.466667,-0.533333
99,0,-0.0434783,0,0.805556,0.00436681,-0.538462,-0.735849,0.163399,-0.6,0,-0.142857,-0.0210526,0.00239808,0.157233,-0.736842,-0.545455,0.853659,0,0.4
100,2,-0.391304,-0.153846,-0.305556,-0.825328,-0.802198,-0.849057,-0.51634,0.142857,-0.666667,-0.257143,-0.578947,-0.671463,-0.220126,-0.263158,-0.636364,-0.414634,-0.8,-0.933333
101,2,-0.608696,-0.0769231,-0.277778,0.292576,0.736264,0.886792,-0.529412,0.0857143,-0.666667,-0.257143,0.126316,-0.659472,-0.0440252,0.578947,-0.909091,-0.95122,-0.666667,-0.733333
102,3,-0.0434783,-0.307692,0.25,-0.388646,-0.582418,-0.735849,-0.464052,0.0285714,-0.666667,-0.257143,-0.6,-0.609113,-0.484277,-0.842105,0,-0.756098,0.333333,0.533333
104,3,-0.173913,-0.615385,-0.444444,-0.772926,-0.67033,-0.886792,-0.973856,0.828571,-1,-0.6,-0.947368,-0.976019,-0.647799,-0.657895,0.272727,-0.756098,-0.0666667,-0.133333
105,2,0.26087,-0.0769231,0.194444,-0.179039,-0.604396,-0.886792,0.0718954,-0.6,-0.166667,-0.2,0,-0.059952,-0.27044,-0.473684,-1,0.317073,0.133333,-0.333333
106,1,0.521739,0.538462,0.75,-0.144105,-0.626374,-0.698113,0.411765,-0.771429,0.333333,0.428571,-0.0105263,0.263789,0.320755,-0.631579,0,-0.512195,-0.2,0.2
114,0,-0.347826,-0.846154,-0.722222,-0.851528,-0.758242,-0.886792,-0.973856,0.885714,-1,-0.885714,-0.978947,-0.980815,-0.63522,-0.605263,0.909091,-0.804878,-0.6,-0.6
115,3,-0.130435,-0.230769,0.25,-0.746725,-0.846154,-0.698113,-0.437908,0.0285714,-0.666667,0,-0.536842,-0.59952,-0.295597,-0.578947,0.0909091,-0.365854,-0.466667,0
116,3,-0.0434783,0.0769231,0.333333,-0.49345,-0.626374,-0.660377,-0.385621,-0.0285714,-0.5,0.114286,-0.515789,-0.551559,-0.0440252,-0.684211,0.0909091,-0.365854,-0.133333,0.133333
118,1,0.565217,0.538462,0.916667,0.0218341,-0.516484,-0.622642,0.424837,-0.714286,0.333333,0.457143,0.0105263,0.266187,0.295597,-0.657895,0.181818,0.365854,-0.2,0.333333
120,2,-0.130435,0.230769,0.0833333,-0.336245,-0.604396,-0.811321,-0.202614,-0.371429,-0.333333,0.142857,-0.378947,-0.330935,0.0691824,-0.710526,-0.545455,-0.512195,0.4,0.4
122,3,-0.26087,0.153846,0.0555556,-0.668122,-0.736264,-0.660377,-0.372549,-0.0285714,-0.5,0.2,-0.547368,-0.553957,-0.0440252,-0.552632,-0.0909091,-0.463415,-0.533333,-0.266667
125,3,-0.478261,-0.0769231,-0.138889,-0.598253,-0.648352,-0.773585,-0.594771,0.142857,-0.666667,-0.171429,-0.568421,-0.705036,-0.119497,-0.657895,-0.818182,-0.853659,-0.266667,0
128,2,-0.478261,-0.384615,-0.277778,-0.554585,-0.604396,-0.245283,-0.51634,0.0857143,-0.666667,-0.4,-0.547368,-0.64988,-0.421384,-0.578947,-0.454545,-0.219512,-0.466667,-0.333333
129,3,0.0434783,-0.0769231,0.333333,-0.39738,-0.56044,-0.698113,-0.411765,-0.0285714,-0.5,0.114286,-0.547368,-0.565947,-0.396226,-0.789474,-0.272727,-0.414634,0.0666667,0.266667
130,2,0.173913,0.153846,0.527778,-0.0829694,-0.538462,-0.811321,0.137255,-0.657143,0,-0.0857143,-0.0947368,0.00959233,0.144654,-0.631579,-0.363636,-0.463415,0.0666667,-0.133333
132,1,-0.434783,-0.769231,0.0277778,-0.467249,-0.714286,-0.811321,-0.503268,0.0857143,-0.666667,-0.714286,-0.536842,-0.647482,-0.72327,-0.815789,-1,0.560976,0.333333,0.466667
133,1,0.0434783,-0.307692,0.694444,-0.283843,-0.736264,-0.735849,-0.0326797,-0.428571,-0.166667,-0.428571,-0.178947,-0.215827,-0.257862,-0.789474,-0.363636,1,0.2,0.666667
134,3,0.0869565,-0.538462,-0.222222,-0.851528,-0.956044,-0.811321,-0.712418,0.428571,-0.833333,-0.314286,-0.642105,-0.815348,-0.685535,-0.578947,-0.636364,-0.95122,-0.333333,-0.666667
135,0,0.26087,0.615385,0.666667,-0.484716,-0.868132,-0.698113,0.320261,-0.714286,0.166667,0.571429,-0.0631579,0.16307,0.157233,-0.552632,0.0909091,0.317073,-0.266667,-0.0666667
138,3,-0.391304,-0.307692,-0.333333,-0.598253,-0.626374,-0.698113,-0.72549,0.371429,-0.833333,-0.314286,-0.715789,-0.808153,-0.371069,-0.789474,-0.363636,-0.95122,0.133333,0.333333
139,1,-0.347826,-0.692308,-0.361111,-0.772926,-0.758242,-0.886792,-0.830065,0.6,-0.833333,-0.657143,-0.884211,-0.889688,-0.54717,-0.605263,0.272727,-0.0243902,-0.466667,-0.533333
140,3,-0.217391,-0.307692,0.111111,-0.49345,-0.582418,-0.773585,-0.529412,0.0285714,-0.666667,-0.228571,-0.568421,-0.647482,-0.522013,-0.710526,-0.727273,-0.756098,-0.133333,0.2
141,1,-0.26087,-0.692308,0.111111,-0.414847,-0.758242,-0.735849,-0.411765,-0.0857143,-0.5,-0.6,-0.557895,-0.546763,-0.924528,-0.973684,-0.727273,-0.121951,0.666667,0.866667
142,2,-0.652174,-0.307692,-0.361111,-0.816594,-0.824176,-0.773585,-0.51634,0.142857,-0.666667,-0.228571,-0.621053,-0.673861,-0.207547,-0.289474,-0.363636,-0.658537,-0.8,-0.933333
144,2,-0.695652,-0.230769,-0.222222,-0.860262,-0.846154,-0.773585,-0.503268,0.0857143,-0.666667,-0.228571,-0.568421,-0.652278,-0.157233,-0.315789,-0.636364,-0.609756,-0.8,-0.866667
146,0,0.304348,0.615385,0.861111,-0.00436681,-0.626374,-0.622642,0.437908,-0.771429,0.333333,0.6,-0.0421053,0.304556,0.132075,-0.789474,-1,-0.121951,-0.133333,0.266667
149,1,-0.26087,-0.230769,-0.111111,-0.406114,-0.736264,-0.773585,-0.45098,-0.0857143,-0.666667,-0.257143,-0.536842,-0.577938,-0.383648,-0.947368,0.363636,-0.560976,0.8,0.866667
150,3,-0.130435,-0.769231,-0.333333,-0.467249,-0.516484,-0.773585,-0.686275,0.314286,-0.833333,-0.485714,-0.673684,-0.772182,-0.773585,-0.789474,-0.818182,0.414634,0.133333,0.533333
151,1,0.347826,0.307692,0.555556,-0.0655022,-0.604396,-0.698113,-0.0196078,-0.485714,-0.166667,0.0857143,-0.189474,-0.177458,0.081761,-0.842105,-0.727273,-0.658537,0.266667,0.666667
152,2,-0.0869565,-0.153846,0.222222,-0.0218341,-0.406593,-0.849057,-0.0588235,-0.485714,-0.166667,-0.228571,-0.178947,-0.182254,-0.433962,-0.631579,-0.636364,0.0731707,0.333333,0.0666667
155,3,-0.304348,-0.461538,0.0833333,-0.563319,-0.626374,-0.735849,-0.581699,0.142857,-0.666667,-0.4,-0.6,-0.695444,-0.496855,-0.684211,-0.272727,-0.658537,-0.2,0.0666667
156,2,0.608696,0.769231,0.75,0.0393013,-0.626374,-0.886792,0.803922,-1,0.666667,0.457143,0.578947,0.784173,0.63522,-0.315789,-0.636364,-0.707317,-0.466667,-0.866667
158,3,-0.130435,-0.307692,-0.166667,-0.764192,-0.802198,-0.811321,-0.803922,0.542857,-0.833333,-0.228571,-0.726316,-0.865707,-0.459119,-0.605263,-0.545455,-0.804878,-0.133333,-0.4
159,1,-0.391304,-0.538462,-0.0555556,-0.580786,-0.758242,-0.849057,-0.490196,0.0285714,-0.666667,-0.485714,-0.536842,-0.633094,-0.610063,-0.710526,-0.909091,0.609756,-0.266667,0
160,0,-0.217391,-0.0769231,-0.0277778,-0.563319,-0.78022,-0.849057,-0.503268,0.0285714,-0.666667,-0.2,-0.578947,-0.63789,-0.106918,-0.815789,0.454545,-0.902439,0.133333,0.133333
162,0,0.478261,0.461538,0.694444,-0.00436681,-0.626374,-0.660377,0.176471,-0.6,0,0.314286,-0.0631579,0.0215827,0.0440252,-0.842105,0.545455,-0.902439,0.4,0.666667
164,1,-0.478261,-0.461538,-0.111111,-0.694323,-0.736264,-0.886792,-0.738562,0.371429,-0.833333,-0.514286,-0.694737,-0.817746,-0.484277,-0.763158,-0.727273,-0.560976,0,-0.0666667
166,0,0.304348,0.615385,0.416667,-0.344978,-0.78022,-0.660377,0.411765,-0.714286,0.333333,0.485714,-0.0526316,0.254197,0.119497,-0.657895,-0.909091,0.560976,-0.333333,0.133333
167,1,-0.173913,-0.769231,0.0555556,-0.467249,-0.78022,-0.773585,-0.464052,-0.0285714,-0.666667,-0.714286,-0.589474,-0.604317,-0.811321,-0.973684,-0.636364,-0.0731707,0.8,1
168,1,0.608696,0.384615,0.777778,-0.240175,-0.78022,-0.622642,0.320261,-0.714286,0.166667,0.257143,0.0105263,0.17506,0.0188679,-0.763158,0.636364,-0.902439,0,0.2
169,2,-0.608696,-0.0769231,-0.222222,-0.694323,-0.626374,-0.849057,-0.542484,0.142857,-0.666667,-0.285714,-0.589474,-0.673861,-0.0566038,-0.447368,-1,-0.95122,-0.666667,-0.8
170,3,0.0869565,-0.615385,-0.166667,-0.816594,-0.89011,-0.773585,-0.764706,0.542857,-0.833333,-0.4,-0.715789,-0.858513,-0.710692,-0.605263,-1,-0.365854,-0.333333,-0.733333
172,2,0.434783,0.615385,0.75,-0.502183,-1,-0.924528,0.764706,-0.942857,0.666667,0.371429,0.431579,0.697842,0.672956,-0.315789,-0.636364,-0.463415,-0.666667,-0.866667
174,2,0,0.230769,0.611111,-0.275109,-0.736264,-0.849057,0.320261,-0.714286,0.166667,-0.0285714,0.0315789,0.189448,0.27044,-0.526316,-0.272727,0.365854,-0.2,-0.466667
175,3,-0.130435,0.153846,0.222222,-0.598253,-0.648352,-0.660377,-0.424837,0.0285714,-0.5,0.342857,-0.568421,-0.592326,-0.00628931,-0.631579,-0.272727,-0.268293,-0.4,-0.0666667
176,2,-0.347826,-0.461538,0.0555556,-0.283843,-0.428571,-0.849057,-0.398693,-0.142857,-0.5,-0.542857,-0.421053,-0.532374,-0.509434,-0.631579,-0.909091,-0.463415,0.133333,0.0666667
178,2,-0.304348,-0.153846,-0.111111,-0.510917,-0.582418,-0.811321,-0.581699,0.142857,-0.666667,-0.171429,-0.621053,-0.693046,-0.245283,-0.736842,0,-0.95122,0,0.133333
180,3,-0.304348,-0.153846,-0.166667,-0.71179,-0.758242,-0.849057,-0.686275,0.314286,-0.833333,-0.2,-0.6,-0.786571,-0.283019,-0.5,-0.0909091,-0.853659,-0.333333,-0.6
181,1,0.26087,0.615385,0.833333,0.0218341,-0.538462,-0.660377,0.24183,-0.657143,0.166667,0.314286,0.0315789,0.088729,0.622642,-0.684211,-1,0.268293,-0.133333,0.266667
184,1,-0.521739,-0.846154,-0.638889,-0.842795,-0.78022,-0.924528,-0.947712,0.885714,-1,-0.857143,-0.947368,-0.971223,-0.761006,-0.552632,-0.0909091,0.317073,-0.533333,-0.4
185,1,0.304348,0,0.833333,-0.0829694,-0.582418,-0.698113,0.189542,-0.6,0,-0.114286,-0.0842105,0.0263789,0.27044,-0.710526,-0.181818,-0.512195,0,0.2
187,2,-0.217391,-0.307692,0.138889,-0.222707,-0.516484,-0.886792,-0.254902,-0.314286,-0.5,-0.457143,-0.431579,-0.40048,-0.408805,-0.763158,-0.727273,0.121951,0.466667,0.533333
194,2,0.478261,0.692308,0.611111,-0.170306,-0.736264,-0.811321,0.673203,-0.942857,0.5,0.428571,0.347368,0.635492,0.710692,-0.447368,-0.727273,-0.95122,-0.333333,-0.8
199,2,-0.652174,0,-0.138889,-0.772926,-0.802198,-0.811321,-0.464052,0.0285714,-0.666667,-0.114286,-0.557895,-0.621103,0.0314465,-0.421053,-0.727273,-0.317073,-0.733333,-0.666667
201,3,-0.130435,0.0769231,0.25,-0.484716,-0.582418,-0.660377,-0.424837,0.0285714,-0.5,0.142857,-0.557895,-0.589928,-0.132075,-0.605263,-0.363636,-0.268293,-0.533333,-0.0666667
202,1,-0.26087,-0.769231,-0.0555556,-0.414847,-0.714286,-0.773585,-0.411765,-0.0857143,-0.666667,-0.714286,-0.505263,-0.561151,-0.823899,-0.947368,-0.454545,0.0243902,0.4,0.533333
203,0,0.652174,0.615385,0.75,-0.414847,-0.934066,-0.660377,0.424837,-0.771429,0.333333,0.542857,0.0210526,0.302158,0.157233,-0.736842,0.363636,-0.707317,-0.0666667,0.133333
207,0,-0.173913,0,0.0833333,-0.371179,-0.626374,-0.773585,-0.346405,-0.142857,-0.5,-0.114286,-0.442105,-0.491607,-0.132075,-0.789474,-0.818182,-0.512195,0,0.133333
209,2,-0.434783,0,-0.166667,-0.606987,-0.604396,-0.773585,-0.51634,0.0857143,-0.666667,-0.2,-0.578947,-0.647482,-0.0440252,-0.526316,-0.454545,-0.707317,-0.533333,-0.533333
211,0,-0.0869565,-0.538462,0.361111,-0.213974,-0.67033,-0.735849,-0.215686,-0.314286,-0.333333,-0.514286,-0.357895,-0.376499,-0.849057,-0.894737,-0.636364,0.121951,0.666667,0.866667
213,2,-0.26087,-0.384615,-0.138889,-0.432314,-0.538462,-0.811321,-0.503268,0.0285714,-0.666667,-0.428571,-0.526316,-0.635492,-0.396226,-0.684211,-0.727273,-0.121951,0.0666667,0.0666667
214,2,0.347826,0.230769,0.361111,-0.441048,-0.846154,-0.924528,0.30719,-0.714286,0.166667,0,0.136842,0.194245,0.119497,-0.5,-0.909091,0.121951,-0.0666667,-0.466667
217,1,-0.521739,-0.153846,0.0277778,-0.598253,-0.736264,-0.886792,-0.477124,0.0285714,-0.666667,-0.285714,-0.526316,-0.616307,-0.144654,-0.526316,-0.272727,-0.902439,-0.533333,-0.6
219,2,-0.565217,-0.153846,-0.222222,-0.650655,-0.692308,-0.773585,-0.542484,0.0857143,-0.666667,-0.285714,-0.578947,-0.661871,-0.106918,-0.605263,-0.909091,-0.95122,-0.4,-0.333333
220,3,-0.478261,-0.538462,-0.527778,-0.80786,-0.802198,-0.849057,-0.973856,0.828571,-1,-0.514286,-0.957895,-0.973621,-0.54717,-0.868421,0.545455,-0.658537,0.4,0.4
221,0,0.130435,0.692308,0.694444,-0.10917,-0.67033,-0.584906,0.437908,-0.771429,0.333333,0.771429,0,0.290168,0.308176,-0.684211,-0.818182,-0.853659,-0.333333,0
224,2,-0.652174,-0.153846,-0.111111,-0.694323,-0.714286,-0.849057,-0.464052,0.0285714,-0.666667,-0.2,-0.473684,-0.609113,-0.132075,-0.421053,-0.909091,-0.268293,-0.6,-0.666667
225,1,-0.434783,-0.384615,-0.277778,-0.746725,-0.802198,-0.849057,-0.686275,0.314286,-0.833333,-0.485714,-0.736842,-0.784173,-0.333333,-0.605263,-0.545455,-0.317073,-0.533333,-0.466667
226,3,-0.130435,-0.384615,0.0833333,-0.519651,-0.648352,-0.773585,-0.581699,0.142857,-0.666667,-0.0857143,-0.631579,-0.70024,-0.685535,-0.789474,-0.636364,-0.560976,0.266667,0.466667
227,1,0.478261,0.615385,0.611111,-0.0742358,-0.582418,-0.660377,0.385621,-0.714286,0.166667,0.457143,-0.0421053,0.247002,0.345912,-0.684211,0.272727,-1,-0.2,0.0666667
230,1,-0.434783,-0.384615,-0.333333,-0.615721,-0.692308,-0.886792,-0.503268,0.0857143,-0.666667,-0.428571,-0.631579,-0.642686,-0.194969,-0.447368,-0.545455,-0.609756,-0.6,-0.733333
231,3,-0.478261,-0.846154,-0.805556,-0.947598,-0.824176,-0.962264,-0.934641,0.771429,-1,-0.885714,-0.936842,-0.954436,-0.622642,-0.210526,-0.545455,-0.560976,-0.733333,-0.8
233,2,-0.652174,-0.153846,-0.222222,-0.860262,-0.868132,-0.849057,-0.490196,0.0857143,-0.666667,-0.171429,-0.578947,-0.642686,-0.132075,-0.289474,-0.636364,-0.756098,-0.8,-0.866667
237,2,0,-0.692308,-0.0555556,-0.170306,-0.406593,-0.886792,-0.30719,-0.257143,-0.5,-0.714286,-0.389474,-0.436451,-0.660377,-0.657895,-0.909091,-0.853659,0.333333,0.266667
239,0,0.173913,0.692308,0.694444,-0.257642,-0.78022,-0.698113,0.437908,-0.771429,0.333333,0.685714,0,0.311751,0.283019,-0.684211,-0.363636,-0.170732,-0.2,0.0666667
241,0,-0.304348,-0.769231,0.0277778,-0.406114,-0.67033,-0.773585,-0.411765,-0.0857143,-0.666667,-0.8,-0.536842,-0.561151,-0.786164,-0.894737,-0.545455,0.0731707,0.466667,0.6
243,2,-0.478261,-0.307692,-0.472222,-0.755459,-0.758242,-0.811321,-0.51634,0.142857,-0.666667,-0.257143,-0.621053,-0.673861,-0.207547,-0.368421,-0.272727,-0.804878,-0.8,-0.933333
244,1,0.217391,0.692308,0.888889,0.0829694,-0.516484,-0.622642,0.346405,-0.714286,0.166667,0.428571,0.0421053,0.199041,0.320755,-0.684211,-0.818182,-0.219512,-0.2,0.2
245,3,-0.478261,0.0769231,-0.0277778,-0.851528,-0.868132,-0.735849,-0.411765,0.0285714,-0.5,0.342857,-0.6,-0.582734,-0.157233,-0.526316,-0.909091,-0.658537,-0.6,-0.333333
247,2,-0.0434783,-0.769231,-0.0833333,-0.240175,-0.428571,-0.849057,-0.424837,-0.142857,-0.666667,-0.771429,-0.431579,-0.544365,-0.811321,-0.684211,-0.818182,-0.0731707,0.533333,0.533333
249,0,0.304348,0.692308,0.75,-0.0655022,-0.604396,-0.660377,0.30719,-0.714286,0.166667,0.342857,0.0421053,0.172662,0.761006,-0.657895,-0.545455,-0.219512,-0.2,0
250,1,-0.478261,-0.923077,-0.638889,-0.799127,-0.758242,-0.849057,-0.947712,0.828571,-1,-0.914286,-0.926316,-0.968825,-0.773585,-0.710526,-0.727273,-0.0243902,-0.4,-0.466667
251,3,-0.0434783,-0.615385,-0.277778,-0.80786,-0.89011,-0.773585,-0.72549,0.485714,-0.833333,-0.371429,-0.705263,-0.834532,-0.610063,-0.5,0,-0.609756,-0.466667,-0.866667
253,3,-0.521739,-0.153846,0.111111,-0.68559,-0.758242,-0.660377,-0.424837,0.0285714,-0.5,0.114286,-0.621053,-0.604317,-0.157233,-0.605263,-0.545455,-0.170732,-0.533333,-0.2
257,1,-0.217391,-0.769231,0.0277778,-0.537118,-0.802198,-0.811321,-0.437908,-0.0857143,-0.666667,-0.771429,-0.505263,-0.57554,-0.823899,-0.842105,-0.272727,-0.268293,0.266667,0.333333
260,0,0.0869565,0.923077,0.694444,-0.0917031,-0.604396,-0.622642,0.490196,-0.771429,0.333333,0.828571,0,0.352518,0.345912,-0.684211,-0.454545,-0.95122,-0.4,0
266,2,-0.695652,-0.0769231,-0.138889,-0.790393,-0.802198,-0.811321,-0.490196,0.0857143,-0.666667,-0.171429,-0.568421,-0.633094,-0.157233,-0.473684,-0.727273,-0.219512,-0.666667,-0.6
270,3,-0.565217,-0.692308,-0.388889,-0.921397,-0.868132,-0.849057,-0.869281,0.657143,-1,-0.685714,-0.863158,-0.918465,-0.672956,-0.473684,-1,-0.658537,-0.666667,-0.733333
271,2,-0.608696,-0.0769231,-0.222222,-0.598253,-0.516484,-0.886792,-0.529412,0.0857143,-0.666667,-0.257143,-0.589474,-0.669065,-0.0566038,-0.447368,-0.545455,-1,-0.666667,-0.8
272,1,-0.130435,0.0769231,0.333333,-0.161572,-0.582418,-0.811321,-0.202614,-0.314286,-0.333333,-0.0571429,-0.294737,-0.357314,0.207547,-0.815789,-1,-0.853659,0.266667,0.4
274,3,0,-0.0769231,0.111111,-0.49345,-0.648352,-0.735849,-0.555556,0.142857,-0.666667,-0.142857,-0.673684,-0.683453,-0.345912,-0.868421,-0.545455,-0.512195,0.533333,0.733333
275,2,0.478261,0.846154,0.833333,-0.344978,-0.912088,-0.773585,0.895425,-1,0.833333,0.542857,0.526316,0.846523,0.54717,-0.368421,-0.818182,-0.0243902,-0.666667,-0.8
276,2,-0.391304,-0.153846,-0.166667,-0.344978,-0.384615,-0.849057,-0.555556,0.0857143,-0.666667,-0.342857,-0.610526,-0.659472,-0.132075,-0.736842,-0.454545,-0.95122,0.2,0.333333
278,0,-0.434783,-0.384615,-0.277778,-0.781659,-0.824176,-0.811321,-0.699346,0.371429,-0.833333,-0.485714,-0.747368,-0.803357,-0.295597,-0.605263,-0.727273,-0.804878,-0.733333,-0.6
279,1,0.565217,0.615385,0.916667,0.0567686,-0.538462,-0.660377,0.333333,-0.714286,0.166667,0.457143,0.0105263,0.177458,0.295597,-0.763158,0,0.560976,-0.133333,0.4
283,2,-0.434783,0,-0.0833333,-0.816594,-0.78022,-0.849057,-0.490196,0.0857143,-0.666667,-0.171429,-0.578947,-0.640288,-0.00628931,-0.394737,-0.181818,-0.463415,-0.733333,-0.8
287,2,-0.565217,-0.384615,-0.166667,-0.554585,-0.604396,-0.811321,-0.581699,0.142857,-0.666667,-0.342857,-0.6,-0.70024,-0.522013,-0.684211,-0.636364,-0.414634,-0.2,-0.0666667
289,0,0,0.0769231,0.75,-0.0305677,-0.516484,-0.698113,0.150327,-0.6,0,-0.171429,-0.0526316,-0.00719424,0.144654,-0.631579,-0.454545,-0.707317,-0.266667,-0.133333
291,3,0.0869565,-0.615385,-0.277778,-0.772926,-0.824176,-0.811321,-0.764706,0.428571,-0.833333,-0.428571,-0.684211,-0.839329,-0.823899,-0.736842,-0.727273,-0.414634,0,-0.133333
292,3,-0.304348,-0.0769231,0.138889,0.240175,0.208791,0.54717,-0.437908,0.0285714,-0.5,0.2,-0.263158,-0.609113,-0.144654,-0.184211,-0.181818,-0.170732,-0.533333,-0.266667
294,3,-0.130435,-0.769231,-0.361111,-0.694323,-0.78022,-0.773585,-0.738562,0.371429,-0.833333,-0.485714,-0.705263,-0.817746,-0.849057,-0.789474,-0.727273,0.317073,0.133333,0.333333
295,2,0.565217,0.692308,0.722222,-0.432314,-0.912088,-0.849057,0.686275,-0.942857,0.5,0.342857,0.421053,0.645084,0.735849,-0.342105,-0.0909091,-0.463415,-0.466667,-0.866667
296,2,-0.26087,-0.615385,-0.0277778,-0.475983,-0.626374,-0.811321,-0.490196,-0.0285714,-0.666667,-0.628571,-0.6,-0.613909,-0.622642,-0.815789,-1,-1,0.266667,0.533333
297,2,0.0869565,0.461538,0.277778,-0.100437,-0.516484,-0.886792,0.0457516,-0.6,-0.166667,0.228571,-0.136842,-0.0743405,0.408805,-0.578947,-0.636364,-0.707317,0.2,-0.0666667
298,1,-0.608696,-0.692308,-0.277778,-0.80786,-0.846154,-0.811321,-0.738562,0.485714,-0.833333,-0.742857,-0.810526,-0.83693,-0.584906,-0.657895,0.545455,-0.658537,-0.533333,-0.6
299,1,-0.217391,-0.461538,0.611111,-0.231441,-0.626374,-0.735849,-0.150327,-0.314286,-0.333333,-0.514286,-0.326316,-0.326139,-0.295597,-0.815789,-0.181818,0.707317,0.266667,0.6
300,2,0.0869565,-0.461538,0.0277778,-0.414847,-0.692308,-0.849057,-0.215686,-0.371429,-0.333333,-0.4,-0.294737,-0.345324,-0.597484,-0.657895,-0.636364,-0.170732,0.533333,0.333333
304,3,-0.304348,-0.769231,-0.222222,-0.606987,-0.714286,-0.773585,-0.72549,0.371429,-0.833333,-0.542857,-0.757895,-0.805755,-0.874214,-0.921053,-0.454545,-0.121951,0.666667,0.866667
305,2,-0.478261,-0.0769231,-0.166667,-0.772926,-0.758242,-0.773585,-0.490196,0.0857143,-0.666667,-0.2,-0.568421,-0.640288,-0.0188679,-0.473684,-0.818182,-0.756098,-0.666667,-0.666667
306,2,-0.434783,-0.0769231,-0.0833333,-0.580786,-0.648352,-0.849057,-0.51634,0.0285714,-0.666667,-0.228571,-0.578947,-0.63789,-0.157233,-0.684211,-0.454545,-0.95122,-0.133333,0
308,0,0.478261,0.461538,0.75,-0.283843,-0.78022,-0.660377,0.333333,-0.714286,0.166667,0.257143,-0.0842105,0.179856,0.00628931,-0.815789,-0.454545,-0.756098,-0.133333,0.133333
314,0,0,0.461538,0.777778,0.0305677,-0.56044,-0.735849,0.124183,-0.6,0,0.285714,-0.0842105,-0.028777,0.471698,-0.789474,0.0909091,-0.0243902,0.0666667,0.333333
320,2,0.26087,0.384615,0.444444,-0.213974,-0.714286,-0.849057,0.411765,-0.771429,0.333333,0.257143,0.231579,0.311751,0.257862,-0.447368,-0.363636,-0.658537,-0.2,-0.666667
322,2,0.73913,0.846154,0.916667,-0.213974,-0.802198,-0.849057,0.934641,-1,0.833333,0.628571,0.663158,0.913669,0.91195,-0.315789,0,0.0243902,-0.6,-0.866667
327,0,0.434783,0.230769,0.555556,-0.152838,-0.692308,-0.698113,-0.0980392,-0.428571,-0.333333,0.142857,-0.294737,-0.256595,-0.106918,-0.921053,0.727273,-0.268293,0.733333,0.866667
328,0,-0.304348,-0.153846,0.166667,-0.720524,-0.846154,-0.849057,-0.51634,0.0857143,-0.666667,-0.257143,-0.578947,-0.645084,-0.257862,-0.763158,-0.0909091,-0.317073,-0.2,-0.2
329,3,-0.130435,-0.230769,0.333333,-0.423581,-0.582418,-0.735849,-0.503268,0.0857143,-0.666667,-0.171429,-0.642105,-0.640288,-0.572327,-0.842105,-0.818182,-0.170732,0.333333,0.666667
330,1,-0.304348,-0.615385,0.111111,-0.432314,-0.736264,-0.811321,-0.359477,-0.142857,-0.5,-0.628571,-0.410526,-0.508393,-0.647799,-0.763158,-0.545455,-0.268293,0.0666667,0.0666667
333,0,0.130435,0.846154,0.916667,0.0131004,-0.582418,-0.660377,0.424837,-0.771429,0.333333,0.657143,0.0947368,0.297362,0.597484,-0.710526,-0.0909091,0.219512,-0.2,0.266667
335,2,0.478261,0.846154,0.722222,-0.30131,-0.824176,-0.811321,0.594771,-0.885714,0.5,0.514286,0.189474,0.529976,0.509434,-0.526316,-0.363636,-0.463415,-0.266667,-0.6
336,1,0.565217,0.615385,0.75,-0.117904,-0.648352,-0.660377,0.437908,-0.771429,0.333333,0.628571,0.0421053,0.285372,0.308176,-0.684211,-0.454545,-0.317073,-0.266667,0.266667
337,3,-0.304348,-0.153846,0,-0.816594,-0.846154,-0.698113,-0.424837,0.0285714,-0.5,-0.0571429,-0.652632,-0.597122,-0.157233,-0.552632,0.0909091,-0.414634,-0.466667,-0.2
343,1,-0.565217,-0.692308,-0.611111,-0.764192,-0.692308,-0.924528,-0.699346,0.371429,-0.833333,-0.742857,-0.768421,-0.791367,-0.597484,-0.315789,-0.727273,-0.707317,-0.733333,-0.866667
349,3,-0.0434783,-0.153846,0.222222,-0.528384,-0.67033,-0.698113,-0.568627,0.142857,-0.666667,-0.142857,-0.652632,-0.693046,-0.283019,-0.868421,-0.0909091,-0.707317,0.533333,0.666667
350,0,-0.304348,-0.461538,-0.194444,-0.624454,-0.758242,-0.849057,-0.738562,0.371429,-0.833333,-0.457143,-0.736842,-0.817746,-0.471698,-0.947368,0.454545,-0.707317,0.8,0.866667
351,0,0.0434783,0,0.694444,-0.0742358,-0.582418,-0.773585,0.0457516,-0.485714,-0.166667,-0.0571429,-0.178947,-0.131894,-0.245283,-0.815789,-0.909091,0.560976,0,0.266667
353,3,-0.217391,0,0.0555556,-0.615721,-0.692308,-0.735849,-0.542484,0.0857143,-0.666667,-0.0285714,-0.6,-0.666667,0.132075,-0.710526,0.181818,-0.463415,-0.133333,0.266667
354,2,-0.652174,0.0769231,-0.194444,-0.633188,-0.626374,-0.849057,-0.490196,0.0285714,-0.666667,-0.171429,-0.568421,-0.625899,0.081761,-0.578947,-0.545455,-1,-0.533333,-0.533333
355,1,0.0869565,0.307692,0.388889,-0.231441,-0.648352,-0.735849,-0.150327,-0.371429,-0.333333,0.0571429,-0.315789,-0.309353,0.106918,-0.842105,-0.0909091,-0.95122,0.133333,0.333333
357,2,-0.217391,-0.0769231,0,-0.414847,-0.516484,-0.811321,-0.503268,0.0285714,-0.666667,-0.257143,-0.578947,-0.625899,-0.119497,-0.736842,0.0909091,-0.95122,0.266667,0.333333
360,0,0.173913,0.230769,0.555556,-0.10917,-0.648352,-0.735849,-0.0326797,-0.485714,-0.166667,0.0857143,-0.242105,-0.196643,-0.157233,-0.921053,-0.727273,-0.756098,0.4,0.6
363,1,-0.0434783,0.0769231,0.138889,-0.371179,-0.736264,-0.811321,-0.267974,-0.257143,-0.5,-0.0285714,-0.305263,-0.422062,-0.0440252,-0.789474,-0.636364,-0.804878,0,0.133333
368,1,-0.608696,-0.692308,-0.472222,-0.737991,-0.648352,-0.811321,-0.699346,0.428571,-0.833333,-0.714286,-0.778947,-0.808153,-0.572327,-0.394737,0,0.170732,-0.8,-0.733333
369,2,-0.521739,-0.0769231,-0.222222,-0.615721,-0.626374,-0.849057,-0.555556,0.142857,-0.666667,-0.314286,-0.6,-0.681055,-0.106918,-0.578947,-0.545455,-0.95122,-0.533333,-0.6
371,2,0,-0.384615,0.0277778,-0.362445,-0.626374,-0.886792,-0.150327,-0.428571,-0.333333,-0.542857,-0.210526,-0.278177,-0.509434,-0.605263,-1,-0.804878,0.333333,0.133333
374,2,0,0.0769231,0.0277778,-0.126638,-0.450549,-0.849057,-0.281046,-0.314286,-0.5,-0.0857143,-0.389474,-0.41247,-0.081761,-0.736842,-0.454545,-0.219512,0.533333,0.466667
375,3,-0.391304,-0.769231,-0.638889,-0.886463,-0.758242,-0.924528,-0.921569,0.771429,-1,-0.8,-0.915789,-0.94964,-0.63522,-0.315789,-0.181818,-0.268293,-0.733333,-0.866667
376,2,0.565217,0.461538,0.527778,-0.257642,-0.758242,-0.924528,0.503268,-0.828571,0.333333,0.142857,0.389474,0.419664,0.358491,-0.394737,-1,-0.0731707,-0.266667,-0.666667
378,1,-0.391304,-0.692308,-0.444444,-0.755459,-0.78022,-0.849057,-0.79085,0.485714,-0.833333,-0.685714,-0.747368,-0.858513,-0.710692,-0.684211,-0.909091,-0.317073,-0.333333,-0.266667
380,0,0.391304,0.769231,0.611111,-0.0829694,-0.626374,-0.660377,0.372549,-0.714286,0.166667,0.571429,0,0.227818,0.345912,-0.657895,-0.818182,-0.0731707,-0.2,0.2
384,0,0.173913,0.384615,0.916667,0.0480349,-0.56044,-0.735849,0.372549,-0.771429,0.166667,0.257143,0.136842,0.247002,0.220126,-0.657895,-0.454545,-0.121951,-0.133333,0.2
386,3,-0.0869565,0.230769,0.305556,-0.519651,-0.626374,-0.698113,-0.411765,-0.0285714,-0.5,0.142857,-0.484211,-0.570743,0.18239,-0.578947,-0.636364,-1,-0.533333,-0.133333
388,3,-0.26087,0.0769231,0.25,-0.641921,-0.758242,-0.735849,-0.477124,0.0285714,-0.666667,0.0571429,-0.526316,-0.613909,-0.0566038,-0.631579,-0.636364,-0.902439,-0.333333,0.0666667
389,3,-0.0869565,0.0769231,0.25,1,1,0.773585,-0.437908,-0.0285714,-0.666667,0.0571429,1,-0.592326,-0.0188679,1,0.0909091,-0.560976,-0.2,0
394,2,-0.434783,0.0769231,-0.0277778,-0.467249,-0.538462,-0.849057,-0.45098,-0.0285714,-0.666667,-0.2,-0.515789,-0.58753,0.0188679,-0.605263,-0.363636,-0.853659,-0.2,-0.133333
395,1,-0.26087,0.230769,0.194444,-0.275109,-0.648352,-0.811321,-0.163399,-0.371429,-0.333333,0.0285714,-0.210526,-0.321343,0.421384,-0.710526,-0.909091,-0.902439,-0.133333,-0.0666667
397,2,0.521739,0.846154,0.833333,-0.362445,-0.912088,-0.886792,0.882353,-1,0.833333,0.485714,0.631579,0.8753,0.91195,-0.263158,0,-0.902439,-0.6,-1
399,2,0.0869565,-0.615385,-0.166667,-0.283843,-0.538462,-0.849057,-0.320261,-0.257143,-0.5,-0.485714,-0.378947,-0.450839,-0.748428,-0.684211,-0.727273,-0.170732,0.6,0.466667
401,1,0.478261,0.538462,0.888889,-0.0480349,-0.626374,-0.622642,0.228758,-0.657143,0,0.285714,-0.0947368,0.0623501,0.169811,-0.842105,0.909091,0.0731707,0.2,0.6
404,3,0,-0.538462,0.0277778,-0.510917,-0.67033,-0.773585,-0.633987,0.2,-0.833333,-0.0857143,-0.673684,-0.736211,-0.811321,-0.921053,0.363636,-0.853659,0.666667,0.8
405,0,0.304348,0.153846,0.694444,-0.126638,-0.67033,-0.622642,0.150327,-0.6,0,0.142857,-0.105263,-0.0143885,-0.308176,-0.815789,-0.272727,0.0731707,0.0666667,0.4
406,2,-0.347826,-0.461538,-0.0833333,-0.39738,-0.538462,-0.811321,-0.503268,0.0285714,-0.666667,-0.457143,-0.536842,-0.623501,-0.471698,-0.736842,-0.818182,-0.0243902,0.333333,0.266667
409,2,-0.434783,-0.0769231,-0.138889,-0.554585,-0.582418,-0.811321,-0.555556,0.0857143,-0.666667,-0.257143,-0.610526,-0.669065,-0.157233,-0.657895,-0.545455,-0.707317,-0.133333,0
410,1,-0.434783,-0.615385,0.277778,-0.379913,-0.714286,-0.735849,-0.24183,-0.257143,-0.333333,-0.542857,-0.357895,-0.402878,-0.63522,-0.763158,-0.909091,0.365854,0,0.2
411,1,-0.304348,-0.0769231,0.0277778,-0.266376,-0.626374,-0.735849,-0.359477,-0.142857,-0.5,-0.0571429,-0.368421,-0.505995,-0.18239,-0.815789,-0.636364,-0.902439,0.2,0.333333
413,2,-0.695652,-0.230769,-0.138889,-0.746725,-0.714286,-0.811321,-0.503268,0.0857143,-0.666667,-0.2,-0.578947,-0.64988,-0.157233,-0.421053,-0.454545,-0.268293,-0.733333,-0.8
414,0,-0.347826,-0.769231,0.0555556,-0.510917,-0.67033,-0.849057,-0.633987,0.257143,-0.833333,-0.857143,-0.673684,-0.752998,-0.748428,-0.815789,-0.636364,0.707317,0.2,0.4
415,3,-0.478261,-0.0769231,0.166667,-0.746725,-0.802198,-0.660377,-0.385621,-0.0285714,-0.5,0.0857143,-0.578947,-0.573141,-0.194969,-0.552632,-0.0909091,0.0243902,-0.533333,-0.2
417,2,-0.304348,-0.153846,-0.166667,-0.528384,-0.626374,-0.849057,-0.620915,0.2,-0.833333,-0.285714,-0.642105,-0.724221,-0.194969,-0.815789,-0.181818,-0.463415,0.133333,0.2
421,3,0,-0.538462,-0.5,-0.886463,-0.912088,-0.849057,-0.72549,0.485714,-0.833333,-0.4,-0.747368,-0.829736,-0.484277,-0.289474,-0.454545,-1,-0.666667,-0.933333
423,1,-0.26087,-0.923077,-0.277778,-0.528384,-0.736264,-0.811321,-0.633987,0.2,-0.833333,-0.828571,-0.631579,-0.726619,-0.899371,-0.947368,-0.909091,-0.853659,0.666667,0.733333
424,2,-0.478261,-0.0769231,-0.166667,-0.860262,-0.846154,-0.811321,-0.51634,0.0857143,-0.666667,-0.228571,-0.589474,-0.659472,-0.0314465,-0.421053,-0.272727,-0.804878,-0.666667,-0.8
425,0,-0.217391,-0.384615,0.472222,-0.187773,-0.604396,-0.735849,-0.0718954,-0.428571,-0.333333,-0.457143,-0.242105,-0.232614,-0.446541,-0.815789,0,0.170732,0.133333,0.266667
426,0,-0.304348,-0.769231,-0.194444,-0.668122,-0.78022,-0.811321,-0.699346,0.371429,-0.833333,-0.771429,-0.747368,-0.803357,-0.761006,-0.815789,-0.727273,0.756098,0.133333,0.466667
429,1,0.695652,0.307692,0.777778,-0.187773,-0.758242,-0.660377,0.254902,-0.657143,0.166667,0.171429,-0.0210526,0.0911271,-0.0314465,-0.789474,0.363636,0.0731707,0,0.4
430,3,-0.521739,-0.692308,-0.166667,-0.641921,-0.67033,-0.735849,-0.686275,0.257143,-0.833333,-0.542857,-0.694737,-0.769784,-0.610063,-0.763158,0,-0.560976,0.2,0.4
431,1,0.347826,0.538462,0.888889,-0.10917,-0.692308,-0.660377,0.372549,-0.714286,0.166667,0.428571,0.0105263,0.223022,0.257862,-0.789474,-1,-0.560976,-0.2,0.333333
432,2,0.130435,0.0769231,0.416667,0.0655022,-0.406593,-0.886792,0.176471,-0.657143,0,-0.142857,0.0947368,0.0671463,-0.0314465,-0.473684,-0.636364,-0.463415,0.0666667,-0.333333
433,1,-0.521739,-0.615385,0.194444,-0.676856,-0.846154,-0.811321,-0.51634,0.0857143,-0.666667,-0.6,-0.505263,-0.657074,-0.496855,-0.605263,-0.454545,0.414634,-0.4,-0.333333
435,1,0.347826,0.384615,0.805556,-0.441048,-0.846154,-0.698113,0.254902,-0.657143,0.166667,0.257143,-0.0526316,0.0959233,0.408805,-0.657895,-0.181818,-0.0243902,-0.266667,0.0666667
437,3,-0.130435,-0.307692,-0.333333,-0.834061,-0.912088,-0.811321,-0.699346,0.428571,-0.833333,-0.257143,-0.642105,-0.81295,-0.421384,-0.5,0.454545,-0.414634,-0.4,-0.733333
440,1,0.0869565,0.0769231,0.916667,-0.144105,-0.736264,-0.660377,0.137255,-0.542857,0,0.0285714,-0.189474,-0.0359712,-0.295597,-0.947368,-0.909091,0.609756,0.2,0.8
441,1,0.217391,0.384615,0.611111,-0.213974,-0.714286,-0.698113,0.0849673,-0.542857,-0.166667,0.228571,-0.0631579,-0.0695444,0.383648,-0.789474,-1,-0.512195,0.0666667,0.333333
447,1,0.217391,0.461538,0.694444,-0.187773,-0.67033,-0.735849,-0.00653595,-0.485714,-0.166667,0.257143,-0.178947,-0.177458,0.18239,-0.789474,0.272727,-0.268293,0.133333,0.4
449,2,0.217391,0.538462,0.416667,-0.213974,-0.604396,-0.849057,0.202614,-0.657143,0,0.228571,0.0631579,0.0839329,0.320755,-0.5,-0.545455,-0.317073,0.0666667,-0.266667
450,3,-0.217391,-0.538462,0.166667,-0.475983,-0.538462,-0.698113,-0.594771,0.142857,-0.666667,-0.457143,-0.642105,-0.702638,-0.383648,-0.763158,0.181818,-0.560976,0,0.333333
451,2,-0.217391,0,-0.0277778,-0.292576,-0.384615,-0.811321,-0.45098,-0.0857143,-0.666667,-0.171429,-0.494737,-0.573141,0.0440252,-0.657895,-0.272727,-0.609756,0.0666667,0.2
452,0,-0.0869565,-0.692308,-0.0555556,-0.432314,-0.736264,-0.811321,-0.346405,-0.142857,-0.5,-0.571429,-0.494737,-0.496403,-0.735849,-0.894737,-0.454545,-0.707317,0.466667,0.533333
454,2,-0.0434783,-0.230769,-0.138889,-0.519651,-0.626374,-0.849057,-0.568627,0.0857143,-0.666667,-0.342857,-0.589474,-0.669065,-0.220126,-0.789474,-0.272727,-0.804878,0.266667,0.266667
457,3,-0.173913,-0.230769,-0.166667,-0.825328,-0.89011,-0.849057,-0.647059,0.314286,-0.833333,-0.257143,-0.642105,-0.764988,-0.207547,-0.473684,-0.636364,-0.219512,-0.533333,-0.733333
461,3,-0.26087,-0.384615,-0.388889,-0.624454,-0.714286,-0.849057,-0.79085,0.485714,-0.833333,-0.342857,-0.8,-0.851319,-0.396226,-0.947368,0.181818,-0.804878,0.666667,0.8
463,0,0.0434783,0.0769231,0.138889,-0.310044,-0.626374,-0.773585,-0.267974,-0.257143,-0.5,-0.0857143,-0.336842,-0.419664,-0.081761,-0.710526,0,-0.902439,0.0666667,0.133333
465,2,0.173913,0.230769,0.111111,-0.10917,-0.494505,-0.849057,-0.0718954,-0.485714,-0.333333,0.0857143,-0.2,-0.201439,0.119497,-0.631579,-0.727273,-0.365854,0.466667,0.2
468,0,0,0.615385,0.777778,-0.379913,-0.758242,-0.698113,0.346405,-0.714286,0.166667,0.628571,-0.0421053,0.194245,0.421384,-0.578947,0.181818,0.121951,-0.333333,-0.133333
471,3,-0.217391,-0.153846,-0.277778,-0.58952,-0.648352,-0.811321,-0.673203,0.257143,-0.833333,-0.2,-0.621053,-0.769784,-0.27044,-0.657895,-0.909091,-0.560976,-0.2,-0.133333
472,0,0.347826,0.692308,0.916667,0.100437,-0.56044,-0.622642,0.385621,-0.771429,0.166667,0.6,0.0526316,0.251799,0.471698,-0.789474,-0.272727,0.0731707,0,0.4
473,2,0.391304,0.307692,0.472222,-0.39738,-0.846154,-0.924528,0.437908,-0.771429,0.333333,0.171429,0.305263,0.321343,0.220126,-0.368421,-0.636364,-0.414634,-0.333333,-0.8
474,0,0.478261,0.769231,0.805556,-0.144105,-0.692308,-0.660377,0.424837,-0.771429,0.333333,0.742857,0.0947368,0.297362,0.295597,-0.657895,0.363636,-0.95122,-0.133333,0
477,0,0.217391,0.692308,0.694444,-0.310044,-0.78022,-0.584906,0.477124,-0.771429,0.333333,0.685714,0,0.335731,0.194969,-0.684211,-0.545455,-0.512195,-0.333333,0.133333
478,3,-0.304348,0,0.0555556,-0.598253,-0.648352,-0.660377,-0.372549,-0.0285714,-0.5,0.2,-0.578947,-0.561151,-0.157233,-0.631579,-0.545455,-0.560976,-0.4,-0.133333
481,1,0.347826,0.692308,0.666667,-0.152838,-0.582418,-0.698113,0.333333,-0.714286,0.166667,0.571429,-0.0105263,0.189448,0.408805,-0.605263,-0.909091,-0.95122,-0.4,-0.133333
482,0,0.347826,0.615385,0.416667,-0.0829694,-0.56044,-0.660377,0.385621,-0.714286,0.166667,0.485714,-0.0210526,0.230216,0.0943396,-0.605263,-0.636364,0.0243902,-0.266667,0
488,1,-0.130435,-0.0769231,0.138889,-0.362445,-0.626374,-0.811321,-0.372549,-0.142857,-0.5,-0.171429,-0.473684,-0.522782,-0.00628931,-0.710526,0,-0.463415,0.0666667,0.2
492,1,0.0434783,-0.0769231,0,-0.379913,-0.714286,-0.735849,-0.411765,-0.0857143,-0.5,-0.114286,-0.473684,-0.553957,-0.245283,-0.894737,0.454545,-0.414634,0.466667,0.666667
493,2,-0.478261,-0.230769,-0.277778,-0.772926,-0.78022,-0.849057,-0.490196,0.0857143,-0.666667,-0.285714,-0.547368,-0.642686,-0.257862,-0.289474,-0.636364,-0.560976,-0.733333,-0.866667
494,0,0.26087,0.615385,0.611111,-0.362445,-0.802198,-0.698113,0.398693,-0.714286,0.333333,0.514286,-0.0631579,0.251799,0.433962,-0.657895,-0.545455,-0.170732,-0.333333,0
495,2,0.434783,0.615385,0.805556,-0.475983,-0.978022,-0.886792,0.764706,-0.942857,0.666667,0.342857,0.463158,0.695444,0.685535,-0.342105,0.0909091,-0.95122,-0.666667,-0.933333
496,2,-0.0869565,-0.0769231,-0.111111,-0.344978,-0.516484,-0.849057,-0.424837,-0.142857,-0.666667,-0.257143,-0.463158,-0.546763,0.0314465,-0.736842,-0.545455,-0.756098,0.133333,0.133333
497,0,0.434783,0.692308,0.611111,0.0480349,-0.538462,-0.660377,0.346405,-0.714286,0.166667,0.485714,-0.0315789,0.18705,0.320755,-0.763158,-0.818182,0.414634,-0.133333,0.333333
499,3,-0.347826,-0.769231,-0.638889,-0.921397,-0.78022,-0.962264,-0.921569,0.771429,-1,-0.714286,-0.926316,-0.952038,-0.660377,-0.236842,-0.363636,-0.317073,-0.733333,-0.866667
503,0,-0.434783,-0.769231,-0.277778,-0.790393,-0.78022,-0.773585,-0.751634,0.485714,-0.833333,-0.742857,-0.810526,-0.83693,-0.622642,-0.552632,-0.545455,0.317073,-0.533333,-0.6
504,1,-0.217391,-0.538462,-0.111111,-0.746725,-0.824176,-0.811321,-0.555556,0.142857,-0.666667,-0.6,-0.578947,-0.688249,-0.496855,-0.526316,-0.181818,-0.121951,-0.466667,-0.466667
505,0,0.0434783,0,0.5,-0.0829694,-0.56044,-0.698113,0.0849673,-0.542857,-0.166667,-0.171429,-0.0105263,-0.0671463,0.0691824,-0.710526,-1,-0.317073,-0.2,0.0666667
506,1,0.826087,0.538462,0.666667,-0.117904,-0.626374,-0.660377,0.411765,-0.771429,0.333333,0.371429,0.0421053,0.261391,0.320755,-0.684211,0.909091,-0.463415,-0.133333,0.2
507,1,0.217391,0.384615,1,-0.152838,-0.736264,-0.660377,0.333333,-0.657143,0.166667,0.257143,-0.0210526,0.158273,0.0691824,-0.842105,-1,0.756098,-0.0666667,0.666667
508,0,-0.130435,-0.846154,0.0555556,-0.49345,-0.714286,-0.773585,-0.503268,0.0857143,-0.666667,-0.8,-0.557895,-0.647482,-0.647799,-0.789474,-0.818182,0.609756,0,0.133333
510,0,0.217391,0.692308,0.805556,-0.318777,-0.736264,-0.698113,0.346405,-0.714286,0.166667,0.685714,-0.0421053,0.184652,0.433962,-0.605263,0.0909091,0.268293,-0.333333,-0.0666667
511,2,-0.434783,-0.230769,-0.166667,-0.80786,-0.802198,-0.849057,-0.529412,0.142857,-0.666667,-0.228571,-0.621053,-0.681055,-0.220126,-0.289474,-0.454545,-0.560976,-0.8,-0.933333
515,3,-0.304348,-0.615385,-0.0555556,-0.703057,-0.736264,-0.811321,-0.686275,0.314286,-0.833333,-0.571429,-0.610526,-0.77458,-0.761006,-0.657895,-0.363636,-0.658537,-0.133333,-0.2
516,0,-0.869565,-0.615385,-0.5,-0.816594,-0.758242,-0.886792,-0.72549,0.428571,-0.833333,-0.742857,-0.768421,-0.820144,-0.54717,-0.263158,-1,0.0243902,-0.933333,-0.8
518,1,0.478261,0.615385,0.888889,0.0829694,-0.538462,-0.622642,0.385621,-0.714286,0.333333,0.485714,-0.0210526,0.23741,0.446541,-0.789474,0.181818,0.219512,-0.0666667,0.533333
525,0,0.391304,0.461538,0.861111,-0.100437,-0.714286,-0.660377,0.385621,-0.714286,0.166667,0.4,-0.0421053,0.239808,0.106918,-0.815789,-1,-0.0243902,0,0.466667
526,1,-0.173913,-0.0769231,0,-0.49345,-0.78022,-0.811321,-0.385621,-0.142857,-0.5,-0.171429,-0.431579,-0.527578,-0.144654,-0.736842,-0.272727,-0.512195,-0.0666667,-0.0666667
527,1,0.0434783,-0.153846,0.527778,-0.144105,-0.582418,-0.735849,-0.00653595,-0.485714,-0.166667,-0.257143,-0.0947368,-0.179856,-0.169811,-0.657895,0.363636,-0.463415,-0.0666667,0.0666667
529,2,-0.0434783,0.0769231,-0.0833333,-0.20524,-0.494505,-0.811321,-0.281046,-0.314286,-0.5,-0.0285714,-0.431579,-0.410072,-0.0440252,-0.736842,-0.181818,-0.0731707,0.6,0.666667
534,3,-0.304348,-0.384615,-0.361111,-0.737991,-0.736264,-0.849057,-0.856209,0.657143,-1,-0.457143,-0.810526,-0.906475,-0.484277,-0.552632,0.0909091,-0.853659,-0.333333,-0.533333
535,3,-0.26087,-0.538462,-0.527778,-0.912664,-0.978022,-0.811321,-0.699346,0.428571,-0.833333,-0.4,-0.736842,-0.815348,-0.471698,-0.315789,0.0909091,-0.609756,-0.533333,-0.933333
537,1,0.26087,0.692308,0.694444,-0.0480349,-0.56044,-0.622642,0.437908,-0.771429,0.333333,0.685714,0.0105263,0.282974,0.308176,-0.684211,-0.818182,0.0243902,-0.266667,0.2
539,0,0.217391,0.230769,0.75,-0.0567686,-0.56044,-0.698113,0.163399,-0.6,0,0.0857143,-0.105263,0,-0.18239,-0.736842,-0.636364,-0.463415,-0.133333,0
540,2,0.565217,0.692308,0.555556,-0.240175,-0.78022,-0.849057,0.686275,-0.885714,0.5,0.485714,0.442105,0.613909,0.672956,-0.315789,-0.272727,-0.560976,-0.466667,-0.8
544,1,0,-0.692308,-0.0555556,-0.275109,-0.538462,-0.773585,-0.385621,-0.0857143,-0.5,-0.542857,-0.442105,-0.534772,-0.685535,-0.736842,-0.727273,-0.219512,-0.0666667,0.0666667
547,3,-0.173913,-0.461538,-0.277778,-0.938865,-0.978022,-0.811321,-0.647059,0.371429,-0.666667,-0.371429,-0.694737,-0.776978,-0.509434,-0.315789,0.0909091,-0.0731707,-0.6,-0.866667
549,2,-0.0869565,-0.538462,-0.0277778,-0.30131,-0.450549,-0.773585,-0.437908,-0.0857143,-0.666667,-0.571429,-0.526316,-0.565947,-0.54717,-0.710526,-0.636364,-0.756098,0.0666667,0.266667
550,1,0.478261,0.384615,0.75,-0.318777,-0.802198,-0.660377,0.320261,-0.714286,0.166667,0.257143,0.0105263,0.172662,0.358491,-0.657895,-0.818182,-0.804878,-0.2,0.133333
551,3,-0.434783,-0.615385,-0.5,-0.868996,-0.802198,-0.924528,-0.921569,0.771429,-1,-0.685714,-0.894737,-0.942446,-0.459119,-0.5,-0.181818,-0.902439,-0.466667,-0.666667
553,1,-0.26087,-0.538462,0.361111,-0.327511,-0.67033,-0.773585,-0.176471,-0.314286,-0.333333,-0.6,-0.263158,-0.342926,-0.433962,-0.710526,0,-0.268293,-0.133333,-0.0666667
555,1,0.73913,0.153846,0.611111,-0.0917031,-0.67033,-0.735849,0.189542,-0.6,0,-0.0571429,-0.0947368,0.028777,-0.0691824,-0.868421,0.545455,0.414634,0.133333,0.533333
556,0,-0.391304,0.230769,0.277778,-0.248908,-0.626374,-0.735849,-0.150327,-0.371429,-0.333333,0,-0.294737,-0.311751,0.257862,-0.789474,0,-0.658537,0.0666667,0.2
558,1,-0.434783,-0.461538,-0.277778,-0.703057,-0.736264,-0.924528,-0.673203,0.314286,-0.833333,-0.571429,-0.663158,-0.772182,-0.471698,-0.605263,-0.454545,-0.317073,-0.333333,-0.4
559,2,-0.478261,-0.230769,-0.277778,-0.851528,-0.846154,-0.811321,-0.503268,0.142857,-0.666667,-0.171429,-0.589474,-0.664269,-0.169811,-0.263158,-1,-0.756098,-0.8,-0.933333
560,1,0.217391,0.769231,0.694444,0.10917,-0.450549,-0.698113,0.372549,-0.714286,0.166667,0.514286,0.0736842,0.232614,0.345912,-0.657895,-0.818182,-0.707317,-0.266667,0.0666667
561,0,0.391304,0.692308,0.555556,-0.327511,-0.802198,-0.735849,0.398693,-0.771429,0.333333,0.628571,0.0631579,0.268585,0.345912,-0.605263,-0.636364,-0.756098,-0.266667,-0.133333
563,1,0.73913,0.538462,0.472222,-0.187773,-0.67033,-0.660377,0.359477,-0.714286,0.166667,0.342857,-0.0421053,0.208633,0.0943396,-0.657895,-0.454545,0.219512,-0.2,0.2
564,0,-0.304348,-0.307692,-0.0277778,-0.68559,-0.824176,-0.849057,-0.568627,0.142857,-0.666667,-0.4,-0.578947,-0.693046,-0.283019,-0.684211,0.363636,0.268293,0,0.133333
565,2,0.0869565,-0.846154,-0.166667,-0.318777,-0.538462,-0.886792,-0.437908,-0.142857,-0.666667,-0.828571,-0.431579,-0.551559,-0.899371,-0.684211,-0.727273,0.0731707,0.733333,0.6
566,1,0.217391,0.153846,0.25,-0.240175,-0.714286,-0.660377,-0.176471,-0.314286,-0.333333,0,-0.347368,-0.342926,-0.0188679,-0.921053,-0.545455,0.0731707,0.4,0.933333
569,2,-0.434783,-0.230769,-0.194444,-0.834061,-0.846154,-0.849057,-0.503268,0.142857,-0.666667,-0.257143,-0.536842,-0.661871,-0.144654,-0.263158,-0.727273,-0.658537,-0.733333,-0.933333
570,3,0.0434783,-0.846154,-0.277778,-0.58952,-0.626374,-0.773585,-0.79085,0.485714,-0.833333,-0.685714,-0.810526,-0.851319,-0.962264,-0.815789,-0.454545,-0.902439,0.266667,0.266667
572,1,-0.0869565,-0.230769,-0.194444,-0.502183,-0.736264,-0.811321,-0.477124,-0.0285714,-0.666667,-0.285714,-0.526316,-0.604317,-0.0188679,-0.789474,0.0909091,-0.463415,0.133333,0.133333
573,3,0,-0.0769231,0.305556,-0.432314,-0.56044,-0.698113,-0.45098,0.0285714,-0.666667,-0.114286,-0.610526,-0.59952,-0.18239,-0.789474,-0.181818,-0.609756,0.0666667,0.333333
574,3,-0.304348,0.0769231,0.111111,-0.764192,-0.846154,-0.660377,-0.372549,-0.0285714,-0.5,0.285714,-0.526316,-0.556355,-0.18239,-0.526316,-0.909091,-0.658537,-0.6,-0.2
575,0,0.347826,0.692308,0.805556,-0.0218341,-0.538462,-0.660377,0.215686,-0.657143,0,0.457143,-0.0421053,0.0527578,0.345912,-0.684211,-0.181818,-0.121951,-0.133333,0
578,0,0.130435,0.615385,0.666667,-0.170306,-0.67033,-0.735849,0.150327,-0.6,0,0.371429,-0.0315789,-0.00239808,0.660377,-0.710526,-0.818182,-0.658537,-0.133333,0.133333
581,2,-0.478261,-0.307692,-0.277778,-0.860262,-0.868132,-0.811321,-0.51634,0.0857143,-0.666667,-0.228571,-0.547368,-0.661871,-0.320755,-0.315789,-0.545455,-0.804878,-0.733333,-0.933333
583,1,0.521739,0.538462,0.777778,-0.327511,-0.802198,-0.660377,0.411765,-0.714286,0.333333,0.4,0.0105263,0.266187,0.320755,-0.657895,0.363636,-0.121951,-0.133333,0.2
584,1,0.347826,0.615385,0.694444,-0.187773,-0.626374,-0.660377,0.320261,-0.714286,0.166667,0.542857,-0.0736842,0.16307,0.421384,-0.605263,0.272727,-0.804878,-0.266667,0
586,3,-0.478261,-0.846154,-0.333333,-0.781659,-0.78022,-0.849057,-0.947712,0.771429,-1,-0.8,-0.915789,-0.961631,-0.823899,-0.842105,-0.909091,0.121951,0.333333,0.466667
589,0,-0.304348,-0.615385,0.0555556,-0.572052,-0.692308,-0.811321,-0.555556,0.142857,-0.666667,-0.742857,-0.621053,-0.688249,-0.584906,-0.736842,-1,-0.560976,-0.266667,-0.133333
597,0,-0.26087,-0.461538,0.194444,-0.353712,-0.692308,-0.773585,-0.137255,-0.371429,-0.333333,-0.6,-0.273684,-0.309353,-0.396226,-0.684211,-0.909091,-0.317073,-0.266667,-0.2
598,3,-0.347826,-0.307692,-0.277778,-0.746725,-0.78022,-0.849057,-0.856209,0.6,-1,-0.257143,-0.821053,-0.896882,-0.358491,-0.815789,-0.272727,-0.804878,0.133333,0.133333
599,2,0,-0.230769,0.166667,-0.502183,-0.824176,-0.886792,-0.0326797,-0.542857,-0.166667,-0.342857,-0.105263,-0.160671,-0.333333,-0.578947,-1,-0.707317,0.266667,0
603,0,0.173913,0.384615,0.916667,0.10917,-0.494505,-0.660377,0.411765,-0.771429,0.333333,0.285714,0.136842,0.290168,0.220126,-0.631579,0,-0.0731707,-0.133333,0.133333
604,1,-0.26087,-0.769231,0.25,-0.30131,-0.626374,-0.849057,-0.372549,-0.142857,-0.5,-0.8,-0.4,-0.517986,-0.622642,-0.815789,-0.181818,0.512195,0.266667,0.466667
605,0,-0.347826,-0.461538,0.0833333,-0.310044,-0.67033,-0.811321,-0.163399,-0.314286,-0.333333,-0.428571,-0.263158,-0.333333,-0.484277,-0.815789,-1,0.414634,-0.133333,0.2
606,1,0.0434783,0.538462,0.805556,0.0567686,-0.472527,-0.622642,0.424837,-0.771429,0.333333,0.4,0.0105263,0.268585,0.169811,-0.710526,-0.727273,-0.0243902,-0.333333,0.266667
607,3,-0.521739,-0.692308,-0.166667,-0.598253,-0.692308,-0.811321,-0.673203,0.314286,-0.833333,-0.371429,-0.726316,-0.77458,-0.849057,-0.868421,-1,0.121951,0.333333,0.6
608,3,-0.434783,-0.538462,-0.388889,-0.781659,-0.736264,-0.849057,-0.947712,0.771429,-1,-0.514286,-0.926316,-0.954436,-0.54717,-0.868421,-0.363636,-0.560976,0.533333,0.533333
609,0,-0.478261,-0.615385,-0.111111,-0.772926,-0.868132,-0.735849,-0.712418,0.428571,-0.833333,-0.6,-0.842105,-0.815348,-0.823899,-0.842105,-0.909091,0.170732,-0.2,0.133333
616,0,-0.347826,-0.923077,-0.194444,-0.580786,-0.78022,-0.886792,-0.660131,0.257143,-0.833333,-0.885714,-0.705263,-0.760192,-0.861635,-0.921053,-0.181818,0.414634,0.866667,0.933333
617,0,-0.173913,-0.307692,-0.194444,-0.572052,-0.758242,-0.773585,-0.633987,0.257143,-0.833333,-0.428571,-0.631579,-0.745803,-0.471698,-0.868421,-0.0909091,0.0243902,0.533333,0.666667
622,3,-0.26087,0.153846,0.138889,-0.650655,-0.714286,-0.735849,-0.503268,0.0285714,-0.666667,0.0857143,-0.547368,-0.642686,0.144654,-0.578947,-0.818182,-1,-0.4,-0.0666667
624,1,0.434783,0.461538,0.888889,-0.100437,-0.626374,-0.622642,0.424837,-0.714286,0.333333,0.428571,0.0421053,0.258993,0.144654,-0.631579,1,0.853659,-0.0666667,0.6
625,1,-0.521739,-0.769231,-0.0277778,-0.720524,-0.824176,-0.849057,-0.633987,0.257143,-0.833333,-0.8,-0.621053,-0.745803,-0.63522,-0.684211,-0.636364,0.756098,-0.133333,-0.0666667
626,1,0.347826,0.538462,0.694444,-0.248908,-0.648352,-0.698113,0.320261,-0.657143,0.166667,0.371429,-0.0736842,0.151079,0.169811,-0.605263,0.181818,0.0243902,-0.2,0.133333
627,2,-0.565217,-0.153846,-0.166667,-0.458515,-0.516484,-0.886792,-0.594771,0.142857,-0.833333,-0.285714,-0.621053,-0.707434,-0.232704,-0.736842,-0.363636,-0.707317,-0.2,-0.2
631,1,-0.434783,-0.461538,-0.361111,-0.729258,-0.802198,-0.886792,-0.72549,0.371429,-0.833333,-0.514286,-0.768421,-0.81295,-0.283019,-0.710526,-0.181818,-0.902439,-0.266667,-0.333333
632,0,0.304348,0.230769,0.861111,-0.344978,-0.846154,-0.622642,0.254902,-0.657143,0.166667,0.171429,-0.115789,0.103118,-0.0691824,-0.815789,-0.909091,-0.414634,0,0.266667
635,0,-0.652174,-0.615385,-0.638889,-0.834061,-0.758242,-0.849057,-0.712418,0.428571,-0.833333,-0.714286,-0.821053,-0.820144,-0.509434,-0.368421,-0.0909091,-0.707317,-0.933333,-0.8
638,2,-0.434783,-0.153846,-0.305556,-0.781659,-0.802198,-0.849057,-0.477124,0.0857143,-0.666667,-0.0857143,-0.6,-0.647482,-0.144654,-0.368421,-0.636364,-0.365854,-0.866667,-0.866667
639,2,0.0434783,0.230769,0,-0.135371,-0.428571,-0.811321,-0.137255,-0.428571,-0.333333,0.114286,-0.326316,-0.273381,-0.0314465,-0.657895,-1,-0.658537,0.4,0.266667
641,0,-0.217391,0.461538,0.611111,-0.196507,-0.67033,-0.735849,0.0588235,-0.542857,-0.166667,0.228571,-0.0947368,-0.0935252,0.698113,-0.736842,-0.727273,-0.95122,-0.0666667,0.2
642,2,-0.521739,-0.230769,0,-0.336245,-0.384615,-0.811321,-0.437908,-0.0285714,-0.666667,-0.285714,-0.473684,-0.580336,-0.194969,-0.526316,-0.545455,-0.414634,-0.4,-0.4
643,1,-0.0434783,0,0.777778,-0.0917031,-0.582418,-0.735849,0.0326797,-0.485714,-0.166667,-0.142857,-0.157895,-0.139089,-0.245283,-0.763158,-1,0.365854,-0.0666667,0.266667
644,2,-0.0434783,-0.230769,0.194444,-0.179039,-0.516484,-0.849057,-0.150327,-0.428571,-0.333333,-0.4,-0.378947,-0.280576,-0.320755,-0.763158,-0.454545,-0.804878,0.333333,0.133333
646,0,-0.434783,-0.153846,0.0277778,-0.554585,-0.714286,-0.811321,-0.477124,0.0285714,-0.666667,-0.342857,-0.536842,-0.613909,-0.345912,-0.657895,-0.181818,-1,-0.266667,-0.266667
650,1,-0.304348,-0.615385,0.0277778,-0.502183,-0.67033,-0.811321,-0.51634,0.0857143,-0.666667,-0.685714,-0.536842,-0.657074,-0.446541,-0.684211,-0.454545,0.0243902,-0.2,-0.2
652,1,-0.478261,-0.461538,-0.277778,-0.720524,-0.758242,-0.849057,-0.607843,0.257143,-0.666667,-0.457143,-0.642105,-0.733813,-0.308176,-0.526316,-0.818182,0.0731707,-0.6,-0.666667
654,0,0.0434783,-0.384615,0.444444,-0.187773,-0.648352,-0.698113,-0.124183,-0.371429,-0.333333,-0.371429,-0.294737,-0.28777,-0.660377,-0.894737,-0.636364,-0.853659,0.4,0.533333
656,3,-0.434783,-0.846154,-0.888889,-0.947598,-0.846154,-1,-0.908497,0.771429,-1,-0.914286,-0.905263,-0.942446,-0.647799,-0.184211,-0.454545,-0.95122,-0.733333,-0.866667
657,2,-0.521739,-0.307692,0,-0.545852,-0.626374,-0.811321,-0.490196,0.0285714,-0.666667,-0.285714,-0.484211,-0.628297,-0.396226,-0.578947,-1,-0.0243902,-0.266667,-0.2
659,3,-0.217391,-0.538462,0.0277778,-0.572052,-0.736264,-0.773585,-0.647059,0.257143,-0.833333,-0.4,-0.694737,-0.748201,-0.823899,-0.921053,-0.272727,-0.170732,0.666667,0.866667
660,1,0,0.307692,0.5,-0.0305677,-0.56044,-0.735849,-0.0196078,-0.485714,-0.166667,0.142857,-0.115789,-0.182254,0.320755,-0.789474,-0.272727,-0.707317,0.133333,0.333333
662,1,0.608696,0,0.666667,-0.187773,-0.692308,-0.735849,0.0588235,-0.542857,-0.166667,-0.114286,-0.168421,-0.0959233,-0.358491,-0.842105,0,-0.658537,0.2,0.466667
664,1,-0.304348,0.0769231,0.194444,-0.432314,-0.692308,-0.773585,-0.320261,-0.2,-0.5,-0.0857143,-0.378947,-0.477218,0.0188679,-0.657895,-0.363636,-0.512195,-0.266667,-0.2
666,3,-0.26087,0.0769231,0.25,-0.502183,-0.626374,-0.698113,-0.333333,-0.0857143,-0.5,0.2,-0.505263,-0.508393,-0.0440252,-0.631579,-0.181818,-1,-0.4,-0.0666667
667,0,0.26087,-0.230769,0.555556,-0.187773,-0.648352,-0.698113,-0.0457516,-0.428571,-0.166667,-0.314286,-0.242105,-0.211031,-0.622642,-0.842105,-0.272727,-0.414634,0.266667,0.533333
670,2,-0.478261,-0.153846,-0.277778,-0.816594,-0.758242,-0.849057,-0.529412,0.0857143,-0.666667,-0.228571,-0.578947,-0.666667,-0.0440252,-0.342105,-0.272727,-0.95122,-0.733333,-0.866667
671,0,-0.0434783,0.384615,0.555556,-0.196507,-0.648352,-0.735849,0.0196078,-0.485714,-0.166667,0.228571,-0.178947,-0.139089,0.584906,-0.763158,0.181818,-1,0,0.133333
673,2,0.0434783,0.0769231,0.333333,-0.310044,-0.714286,-0.811321,0.111111,-0.6,0,-0.142857,-0.115789,-0.0119904,0.157233,-0.605263,-0.272727,-1,0.0666667,-0.333333
677,2,-0.608696,-0.230769,-0.0833333,-0.528384,-0.538462,-0.811321,-0.490196,0.0285714,-0.666667,-0.228571,-0.463158,-0.633094,-0.194969,-0.447368,-0.818182,-0.170732,-0.533333,-0.533333
678,2,0.391304,0.384615,0.111111,-0.100437,-0.472527,-0.849057,0.0849673,-0.6,-0.166667,0.171429,-0.115789,-0.0527578,-0.00628931,-0.578947,-0.454545,-0.0243902,0.2,-0.133333
680,2,-0.304348,-0.384615,0,-0.310044,-0.428571,-0.811321,-0.411765,-0.0857143,-0.666667,-0.485714,-0.463158,-0.546763,-0.446541,-0.605263,-0.272727,-0.414634,0,-0.0666667
681,3,-0.0434783,0,0,-0.49345,-0.582418,-0.660377,-0.346405,-0.0857143,-0.5,0.0571429,-0.526316,-0.527578,-0.207547,-0.605263,-0.272727,-0.804878,-0.466667,-0.2
682,2,0,0,-0.166667,-0.213974,-0.494505,-0.849057,-0.281046,-0.257143,-0.5,-0.142857,-0.442105,-0.417266,-0.220126,-0.736842,0.545455,-0.512195,0.6,0.466667
684,2,0.608696,0.769231,0.916667,-0.170306,-0.78022,-0.886792,0.816993,-0.942857,0.666667,0.457143,0.494737,0.784173,1,-0.394737,0,-0.512195,-0.533333,-0.866667
685,2,0.130435,-0.615385,-0.0555556,-0.30131,-0.582418,-0.849057,-0.320261,-0.257143,-0.5,-0.628571,-0.336842,-0.448441,-0.647799,-0.684211,-0.818182,0.0731707,0.6,0.4
686,2,-0.478261,-0.307692,-0.277778,-0.860262,-0.868132,-0.811321,-0.51634,0.142857,-0.666667,-0.285714,-0.589474,-0.671463,-0.358491,-0.315789,-0.0909091,-0.658537,-0.733333,-0.933333
687,0,-0.347826,-0.461538,-0.194444,-0.633188,-0.736264,-0.811321,-0.764706,0.428571,-0.833333,-0.542857,-0.821053,-0.83693,-0.559748,-0.868421,-0.909091,-0.95122,0.133333,0.266667
694,3,-0.26087,0,-0.0277778,-0.746725,-0.824176,-0.660377,-0.372549,-0.0285714,-0.5,0.228571,-0.547368,-0.556355,-0.220126,-0.526316,-1,-0.219512,-0.6,-0.266667
695,1,0.173913,-0.230769,0.444444,-0.187773,-0.67033,-0.698113,-0.111111,-0.428571,-0.333333,-0.285714,-0.263158,-0.268585,-0.446541,-0.868421,-0.454545,-0.560976,0.266667,0.6
697,1,-0.304348,-0.615385,0.166667,-0.545852,-0.736264,-0.773585,-0.464052,-0.0285714,-0.666667,-0.685714,-0.484211,-0.59952,-0.647799,-0.710526,-0.909091,-0.95122,-0.266667,-0.266667
698,2,-0.173913,-0.692308,-0.0277778,-0.30131,-0.494505,-0.849057,-0.45098,-0.0857143,-0.666667,-0.628571,-0.431579,-0.570743,-0.773585,-0.684211,-1,-0.804878,0.466667,0.4
699,2,-0.565217,-0.307692,-0.138889,-0.580786,-0.626374,-0.811321,-0.51634,0.0857143,-0.666667,-0.314286,-0.557895,-0.647482,-0.383648,-0.605263,-0.818182,-0.902439,-0.466667,-0.4
700,0,-0.130435,0.0769231,0.194444,-0.467249,-0.714286,-0.811321,-0.281046,-0.2,-0.5,-0.171429,-0.294737,-0.441247,0.157233,-0.631579,0.0909091,-0.804878,-0.266667,-0.266667
701,0,0.434783,0.538462,0.611111,-0.231441,-0.758242,-0.660377,0.372549,-0.714286,0.166667,0.371429,0.0315789,0.220624,0.0314465,-0.684211,0,0.170732,-0.2,0.133333
702,1,0.521739,0.230769,0.75,-0.161572,-0.67033,-0.698113,0.228758,-0.657143,0,0.0571429,0.0210526,0.0815348,0.333333,-0.657895,-0.454545,-0.219512,-0.133333,0.133333
703,0,0,0.153846,0.194444,-0.362445,-0.736264,-0.773585,-0.228758,-0.257143,-0.333333,-0.0285714,-0.315789,-0.390887,0.0943396,-0.789474,0.363636,-1,0.266667,0.333333
707,3,-0.608696,-0.230769,-0.166667,0.275109,0.274725,1,-0.647059,0.257143,-0.833333,-0.228571,0.0631579,-0.748201,-0.207547,0.0526316,-0.636364,-0.560976,-0.0666667,0.2
710,0,-0.0434783,-0.307692,0.555556,-0.187773,-0.604396,-0.735849,-0.137255,-0.371429,-0.333333,-0.342857,-0.273684,-0.304556,-0.496855,-0.789474,-0.909091,0.414634,0.133333,0.266667
711,2,0.26087,0.615385,0.611111,-0.152838,-0.692308,-0.849057,0.477124,-0.828571,0.333333,0.342857,0.221053,0.395683,0.534591,-0.473684,-0.181818,-0.317073,-0.2,-0.6
712,1,0.173913,0.615385,0.722222,-0.10917,-0.604396,-0.698113,0.124183,-0.6,0,0.314286,-0.0105263,-0.0335731,0.647799,-0.657895,-0.636364,-0.463415,-0.266667,0
715,2,-0.0869565,-0.153846,-0.166667,-0.283843,-0.450549,-0.773585,-0.464052,-0.0857143,-0.666667,-0.257143,-0.568421,-0.57554,-0.132075,-0.789474,-0.363636,-0.902439,0.533333,0.666667
717,1,0.0434783,-0.384615,0.333333,-0.30131,-0.736264,-0.735849,-0.176471,-0.314286,-0.333333,-0.371429,-0.347368,-0.340528,-0.522013,-0.894737,-0.909091,-0.756098,0.333333,0.6
719,0,0.347826,0.461538,0.944444,-0.406114,-0.868132,-0.698113,0.398693,-0.771429,0.333333,0.371429,0.105263,0.263789,0.371069,-0.605263,-0.0909091,0.365854,-0.2,0.133333
721,0,-0.217391,-0.615385,0,-0.406114,-0.692308,-0.773585,-0.281046,-0.2,-0.5,-0.542857,-0.305263,-0.446043,-0.54717,-0.684211,-1,0.365854,-0.133333,0.133333
724,0,0.391304,0,0.666667,-0.20524,-0.692308,-0.735849,0.0588235,-0.542857,-0.166667,-0.0857143,-0.189474,-0.105516,-0.345912,-0.842105,-0.545455,-0.560976,0.2,0.4
725,3,-0.0869565,-0.0769231,0.25,-0.510917,-0.648352,-0.698113,-0.398693,-0.0285714,-0.5,0.114286,-0.536842,-0.561151,-0.333333,-0.763158,-0.909091,-0.707317,-0.133333,0.2
726,3,-0.217391,-0.692308,0,-0.703057,-0.824176,-0.773585,-0.738562,0.428571,-0.833333,-0.514286,-0.715789,-0.827338,-0.811321,-0.736842,-1,-0.414634,0,-0.266667
727,1,0.26087,0.153846,0.805556,-0.0393013,-0.626374,-0.698113,0.163399,-0.6,0,-0.0285714,-0.115789,-0.00239808,-0.132075,-0.868421,-1,0.219512,0.0666667,0.533333
733,3,-0.478261,-0.0769231,-0.0833333,-0.449782,-0.516484,-0.773585,-0.594771,0.142857,-0.833333,-0.142857,-0.547368,-0.705036,-0.157233,-0.684211,-0.818182,-1,-0.0666667,0.2
734,2,0.782609,0.846154,0.722222,-0.327511,-0.89011,-0.849057,0.895425,-1,0.833333,0.457143,0.652632,0.880096,0.91195,-0.315789,-0.818182,0.0243902,-0.6,-0.8
736,0,-0.434783,-0.692308,0.0277778,-0.650655,-0.846154,-0.811321,-0.45098,-0.0285714,-0.666667,-0.742857,-0.484211,-0.597122,-0.54717,-0.684211,0.272727,-0.365854,-0.333333,-0.333333
737,1,0.26087,0.384615,0.777778,-0.0131004,-0.56044,-0.698113,0.202614,-0.657143,0,0.257143,-0.0526316,0.0479616,0.081761,-0.763158,-0.727273,-0.0731707,-0.2,0.0666667
739,2,0.173913,0.307692,0.611111,-0.126638,-0.648352,-0.849057,0.385621,-0.771429,0.166667,0.0857143,0.0736842,0.282974,0.308176,-0.526316,-0.272727,-0.658537,-0.133333,-0.466667
740,3,0,-0.153846,0.25,-0.458515,-0.582418,-0.698113,-0.437908,-0.0285714,-0.666667,-0.0857143,-0.610526,-0.589928,-0.371069,-0.789474,-0.727273,-0.512195,0.0666667,0.4
741,1,0.565217,0.461538,0.777778,-0.170306,-0.714286,-0.622642,0.346405,-0.714286,0.166667,0.257143,-0.0526316,0.215827,0.295597,-0.789474,0,-0.658537,-0.133333,0.2
742,2,-0.391304,-0.538462,-0.0555556,-0.467249,-0.582418,-0.849057,-0.568627,0.0857143,-0.666667,-0.542857,-0.547368,-0.678657,-0.622642,-0.710526,-0.727273,0.0243902,0.266667,0.266667
743,0,-0.26087,-0.384615,0.0555556,-0.641921,-0.824176,-0.811321,-0.660131,0.257143,-0.833333,-0.428571,-0.673684,-0.760192,-0.383648,-0.789474,-1,-0.95122,0.0666667,0.0666667
747,3,-0.217391,-0.307692,-0.277778,-0.668122,-0.758242,-0.735849,-0.712418,0.371429,-0.833333,-0.314286,-0.652632,-0.798561,-0.308176,-0.736842,-0.454545,-0.756098,0,0.0666667
751,1,0,-0.461538,0.0555556,-0.423581,-0.758242,-0.811321,-0.189542,-0.314286,-0.333333,-0.4,-0.294737,-0.35012,-0.358491,-0.763158,-0.727273,0.414634,0,0.266667
753,2,0.173913,-0.769231,-0.0833333,-0.170306,-0.428571,-0.849057,-0.346405,-0.2,-0.5,-0.742857,-0.378947,-0.479616,-0.798742,-0.657895,-0.454545,-0.0731707,0.6,0.533333
754,1,-0.217391,-0.769231,-0.111111,-0.49345,-0.714286,-0.773585,-0.503268,0.0285714,-0.666667,-0.571429,-0.621053,-0.640288,-0.849057,-0.894737,-0.818182,0.0731707,0.333333,0.6
757,1,-0.0434783,0.538462,0.527778,-0.144105,-0.604396,-0.698113,0.0588235,-0.542857,-0.166667,0.2,-0.0526316,-0.100719,0.610063,-0.684211,-0.727273,-0.902439,-0.2,0
759,2,-0.652174,-0.0769231,-0.222222,-0.71179,-0.714286,-0.811321,-0.477124,0.0857143,-0.666667,-0.0571429,-0.610526,-0.642686,-0.119497,-0.421053,-0.727273,-0.365854,-0.8,-0.866667
760,3,-0.0869565,0.307692,0.222222,-0.703057,-0.78022,-0.698113,-0.424837,0.0285714,-0.5,0.485714,-0.568421,-0.59952,-0.0188679,-0.526316,-0.545455,-0.707317,-0.6,-0.333333
761,0,0.478261,-0.0769231,0.444444,-0.187773,-0.67033,-0.698113,-0.00653595,-0.485714,-0.166667,-0.142857,-0.242105,-0.179856,-0.371069,-0.868421,0.0909091,-0.0243902,0.266667,0.466667
762,1,0.826087,0.384615,0.666667,-0.152838,-0.714286,-0.622642,0.0980392,-0.542857,0,0.257143,-0.189474,-0.0671463,-0.0566038,-0.921053,1,-0.95122,0.466667,0.8
763,3,-0.26087,-0.153846,-0.194444,-0.580786,-0.626374,-0.811321,-0.699346,0.314286,-0.833333,-0.228571,-0.631579,-0.788969,-0.333333,-0.578947,-0.727273,-0.902439,-0.266667,-0.333333
764,0,0.26087,0.461538,0.611111,0.0567686,-0.472527,-0.698113,0.333333,-0.714286,0.166667,0.314286,0.0315789,0.194245,0.132075,-0.684211,-1,-0.219512,-0.266667,0
766,2,-0.521739,-0.230769,-0.166667,-0.834061,-0.846154,-0.773585,-0.490196,0.0857143,-0.666667,-0.2,-0.547368,-0.645084,-0.157233,-0.421053,-0.909091,-0.414634,-0.666667,-0.8
768,2,-0.347826,-0.538462,-0.166667,-0.458515,-0.582418,-0.811321,-0.529412,0.0285714,-0.666667,-0.542857,-0.610526,-0.645084,-0.572327,-0.736842,-0.545455,-0.365854,0.133333,0.333333
769,0,-0.217391,0,0.694444,-0.170306,-0.604396,-0.735849,0.0980392,-0.542857,0,-0.2,-0.0631579,-0.0647482,0.132075,-0.631579,-0.545455,-0.609756,-0.333333,-0.133333
772,0,0.0434783,0.153846,0.805556,-0.0567686,-0.626374,-0.660377,0.163399,-0.6,0,0.0571429,-0.136842,0.00239808,-0.333333,-0.868421,-0.818182,-0.658537,0.133333,0.4
775,3,-0.0869565,-0.692308,-0.111111,-0.633188,-0.714286,-0.735849,-0.72549,0.371429,-0.833333,-0.514286,-0.673684,-0.81295,-0.761006,-0.736842,-0.818182,-0.658537,0.0666667,-0.0666667
776,2,0.0434783,-0.615385,-0.0277778,-0.266376,-0.538462,-0.849057,-0.228758,-0.371429,-0.5,-0.685714,-0.273684,-0.36211,-0.647799,-0.605263,-0.818182,-0.707317,0.4,0.2
778,2,0.434783,0.538462,0.611111,-0.563319,-1,-0.924528,0.633987,-0.885714,0.5,0.314286,0.4,0.568345,0.421384,-0.394737,-0.636364,-0.170732,-0.4,-0.8
782,3,-0.347826,-0.307692,-0.333333,-0.58952,-0.67033,-0.773585,-0.764706,0.428571,-0.833333,-0.314286,-0.789474,-0.834532,-0.345912,-0.894737,-0.727273,-0.902439,0.8,0.933333
784,1,0.478261,0.615385,0.555556,-0.152838,-0.67033,-0.622642,0.385621,-0.714286,0.166667,0.485714,-0.0421053,0.223022,0.358491,-0.684211,-0.818182,0.0243902,-0.266667,0.133333
786,2,-0.478261,-0.230769,-0.277778,-0.834061,-0.802198,-0.849057,-0.529412,0.142857,-0.666667,-0.228571,-0.621053,-0.676259,-0.220126,-0.315789,-0.454545,-0.463415,-0.8,-0.933333
787,1,0.478261,0.692308,0.75,-0.0480349,-0.538462,-0.660377,0.398693,-0.771429,0.333333,0.542857,-0.0421053,0.258993,0.345912,-0.710526,-0.0909091,-0.658537,-0.266667,0.0666667
789,1,0.826087,0.461538,0.666667,-0.135371,-0.67033,-0.698113,0.372549,-0.714286,0.166667,0.342857,0.0421053,0.230216,0.320755,-0.657895,0.272727,-0.804878,-0.2,0.0666667
793,0,0.173913,0.384615,0.777778,-0.484716,-0.89011,-0.698113,0.228758,-0.657143,0,0.314286,-0.0842105,0.0719424,0.0566038,-0.736842,-0.545455,0.0243902,-0.2,0
794,2,0.0869565,0,0.333333,-0.240175,-0.648352,-0.849057,0.0457516,-0.542857,-0.166667,-0.171429,-0.105263,-0.0911271,-0.18239,-0.631579,-0.818182,0.268293,0.2,0.0666667
795,2,-0.391304,-0.384615,0,-0.467249,-0.56044,-0.811321,-0.529412,0.0857143,-0.666667,-0.371429,-0.568421,-0.657074,-0.459119,-0.657895,-0.363636,-0.365854,-0.2,-0.0666667
797,0,-0.478261,-0.615385,-0.361111,-0.772926,-0.824176,-0.811321,-0.869281,0.657143,-1,-0.657143,-0.926316,-0.916067,-0.559748,-0.868421,0.818182,-0.609756,0.266667,0.333333
800,2,-0.173913,-0.538462,0,-0.336245,-0.472527,-0.849057,-0.477124,-0.0285714,-0.666667,-0.628571,-0.484211,-0.601918,-0.572327,-0.657895,-0.454545,-0.317073,0.266667,0.266667
801,3,-0.347826,-0.384615,0.111111,-0.624454,-0.67033,-0.773585,-0.555556,0.0857143,-0.666667,-0.257143,-0.589474,-0.678657,-0.345912,-0.684211,-0.636364,-0.219512,-0.2,0.0666667
803,0,-0.304348,-0.153846,0.111111,-0.240175,-0.582418,-0.849057,-0.346405,-0.2,-0.5,-0.285714,-0.378947,-0.491607,-0.106918,-0.815789,0.181818,-0.463415,0.2,0.2
804,2,-0.130435,0.0769231,0.222222,-0.117904,-0.472527,-0.811321,-0.163399,-0.428571,-0.333333,-0.0285714,-0.368421,-0.29976,0.157233,-0.710526,-0.363636,-0.0731707,0.466667,0.333333
805,0,0.347826,0.461538,0.694444,-0.10917,-0.67033,-0.698113,0.124183,-0.6,0,0.228571,-0.189474,-0.0335731,0.194969,-0.868421,-0.818182,-0.756098,0.266667,0.533333
806,2,-0.652174,-0.230769,-0.222222,-0.615721,-0.626374,-0.811321,-0.503268,0.0857143,-0.666667,-0.257143,-0.526316,-0.64988,-0.220126,-0.447368,-0.909091,-0.902439,-0.6,-0.733333
808,1,0.304348,0.384615,0.805556,-0.388646,-0.802198,-0.660377,0.281046,-0.657143,0.166667,0.285714,-0.0315789,0.117506,0.421384,-0.631579,-0.272727,-0.560976,-0.266667,0
810,1,-0.73913,-0.615385,-0.583333,-0.860262,-0.824176,-0.886792,-0.607843,0.257143,-0.666667,-0.714286,-0.757895,-0.733813,-0.54717,-0.421053,-0.636364,-0.902439,-0.733333,-0.866667
811,0,0.0434783,0.692308,0.75,-0.187773,-0.648352,-0.660377,0.346405,-0.714286,0.166667,0.542857,-0.0631579,0.182254,0.383648,-0.578947,-0.545455,0.170732,-0.4,-0.133333
813,2,0.0869565,-0.615385,-0.111111,-0.231441,-0.516484,-0.886792,-0.294118,-0.314286,-0.5,-0.628571,-0.378947,-0.417266,-0.63522,-0.710526,-0.909091,-0.853659,0.6,0.4
816,2,-0.652174,-0.0769231,-0.222222,-0.563319,-0.516484,-0.245283,-0.490196,0.0857143,-0.666667,-0.171429,-0.410526,-0.63789,-0.0314465,-0.236842,-0.909091,-0.512195,-0.733333,-0.733333
819,0,-0.0434783,-0.230769,0.555556,-0.144105,-0.604396,-0.698113,0.00653595,-0.485714,-0.166667,-0.285714,-0.0842105,-0.160671,-0.283019,-0.684211,-0.454545,0.317073,-0.0666667,0.0666667
822,0,0.347826,0.769231,0.555556,0.10917,-0.406593,-0.660377,0.411765,-0.771429,0.333333,0.542857,-0.0210526,0.268585,0.371069,-0.631579,-0.454545,-0.219512,-0.333333,-0.0666667
824,0,0.391304,0.615385,0.805556,-0.0480349,-0.56044,-0.698113,0.150327,-0.6,0,0.285714,-0.115789,-0.00959233,0.320755,-0.763158,-0.0909091,-0.0243902,-0.0666667,0.133333
825,0,0.434783,0.692308,0.555556,-0.196507,-0.714286,-0.622642,0.424837,-0.771429,0.333333,0.571429,0,0.278177,0.320755,-0.657895,-0.181818,-0.365854,-0.333333,0
827,0,-0.0434783,0.230769,0.444444,-0.222707,-0.67033,-0.698113,-0.137255,-0.371429,-0.333333,0.0285714,-0.263158,-0.294964,-0.220126,-0.868421,-0.818182,-1,0.466667,0.666667
828,0,0.130435,0.846154,0.666667,-0.362445,-0.846154,-0.584906,0.464052,-0.771429,0.333333,1,-0.0210526,0.29976,0.308176,-0.657895,-0.636364,-0.658537,-0.4,0.133333
829,3,-0.304348,-0.307692,-0.277778,-0.816594,-0.868132,-0.811321,-0.751634,0.428571,-0.833333,-0.257143,-0.663158,-0.832134,-0.333333,-0.631579,-0.0909091,-0.170732,-0.2,-0.333333
830,3,-0.0434783,0.230769,0.166667,-0.694323,-0.802198,-0.660377,-0.385621,-0.0285714,-0.5,0.257143,-0.547368,-0.565947,-0.0440252,-0.578947,-0.363636,-0.512195,-0.6,-0.333333
831,2,0.0434783,-0.692308,-0.166667,-0.39738,-0.582418,-0.811321,-0.490196,-0.0285714,-0.666667,-0.685714,-0.610526,-0.611511,-0.874214,-0.842105,-1,-0.219512,0.666667,0.8
833,1,0.521739,0.230769,0.916667,-0.126638,-0.692308,-0.660377,0.30719,-0.714286,0.166667,0.171429,0.0421053,0.153477,0.333333,-0.684211,0.454545,-0.463415,-0.0666667,0.2
834,1,-0.173913,0,0.194444,-0.563319,-0.802198,-0.849057,-0.372549,-0.142857,-0.5,-0.142857,-0.421053,-0.52518,-0.0566038,-0.684211,-0.0909091,-0.756098,-0.333333,-0.333333
837,3,-0.391304,-0.0769231,-0.277778,-0.694323,-0.758242,-0.773585,-0.633987,0.2,-0.833333,-0.142857,-0.6,-0.736211,-0.169811,-0.631579,-0.727273,-0.414634,-0.2,0
840,3,-0.26087,-0.153846,-0.111111,-0.537118,-0.626374,-0.773585,-0.673203,0.257143,-0.833333,-0.257143,-0.694737,-0.76259,-0.220126,-0.842105,-0.181818,-0.804878,0.333333,0.466667
841,0,-0.130435,-0.923077,-0.277778,-0.68559,-0.802198,-0.811321,-0.764706,0.428571,-0.833333,-0.942857,-0.778947,-0.839329,-0.937107,-0.921053,-0.545455,0.414634,0.666667,0.733333
843,3,-0.304348,0,0.222222,-0.484716,-0.582418,-0.660377,-0.385621,-0.0285714,-0.5,0.171429,-0.547368,-0.558753,-0.157233,-0.657895,-0.909091,-0.0243902,-0.333333,0.0666667
844,1,0.434783,0.615385,0.694444,0.0305677,-0.56044,-0.622642,0.437908,-0.771429,0.333333,0.571429,0.0315789,0.28777,0.144654,-0.710526,-0.727273,-0.804878,-0.266667,0.333333
845,1,-0.434783,-0.769231,0.0555556,-0.633188,-0.758242,-0.811321,-0.699346,0.371429,-0.833333,-0.828571,-0.736842,-0.793765,-0.509434,-0.815789,-1,0.219512,-0.0666667,-0.0666667
