id,y,x0,x1,x2,x3,x4,x5,x6,x7,x8
1,3,-0.0434783,0.153846,0.194444,-0.353712,-0.450549,-0.698113,-0.346405,-0.0857143,-0.5
2,3,-0.217391,-0.384615,0.222222,-0.676856,-0.78022,-0.735849,-0.51634,0.0857143,-0.666667
3,1,0.347826,0.307692,0.833333,-0.0829694,-0.582418,-0.698113,0.24183,-0.657143,0
4,3,-0.130435,-0.384615,0.166667,-0.519651,-0.648352,-0.735849,-0.581699,0.142857,-0.666667
5,2,-0.478261,-0.153846,-0.166667,-0.117904,0.230769,0.886792,-0.51634,0.0857143,-0.666667
6,2,0.478261,0.846154,0.833333,-0.406114,-0.934066,-0.849057,0.869281,-1,0.833333
7,2,0.0434783,-0.230769,-0.0833333,-0.39738,-0.604396,-0.849057,-0.464052,-0.0857143,-0.666667
8,3,-0.26087,-0.230769,-0.277778,-0.537118,-0.604396,-0.735849,-0.673203,0.257143,-0.833333
9,3,-0.434783,-0.923077,-0.388889,-0.68559,-0.692308,-0.811321,-0.869281,0.6,-1
10,1,-0.130435,-0.153846,0.611111,-0.187773,-0.67033,-0.660377,-0.0718954,-0.428571,-0.166667
11,3,-0.434783,-0.769231,-0.166667,-0.659389,-0.692308,-0.735849,-0.72549,0.371429,-0.833333
12,1,-0.26087,-0.923077,-0.277778,-0.720524,-0.824176,-0.849057,-0.856209,0.6,-1
13,2,-0.347826,0,-0.0555556,-0.414847,-0.538462,-0.849057,-0.477124,-0.0285714,-0.666667
14,3,-0.304348,-0.307692,0.25,-0.650655,-0.758242,-0.698113,-0.477124,0.0285714,-0.666667
15,2,-0.0869565,0.230769,0.0833333,-0.135371,-0.472527,-0.886792,-0.189542,-0.371429,-0.333333
16,0,0,0.692308,0.75,-0.152838,-0.604396,-0.735849,0.202614,-0.657143,0
17,3,-0.304348,-0.769231,-0.694444,-0.956332,-0.89011,-0.849057,-0.921569,0.771429,-1
18,2,0.130435,-0.384615,0.0277778,-0.187773,-0.516484,-0.849057,-0.150327,-0.428571,-0.333333
19,1,0.347826,0.615385,0.666667,-0.283843,-0.692308,-0.698113,0.359477,-0.714286,0.166667
20,0,0.217391,0.769231,0.666667,-0.0305677,-0.516484,-0.698113,0.254902,-0.657143,0.166667
21,2,-0.521739,0.0769231,-0.0277778,-0.572052,-0.626374,-0.849057,-0.45098,-0.0285714,-0.666667
22,3,-0.521739,-0.692308,-0.638889,-0.851528,-0.736264,-0.886792,-0.856209,0.657143,-1
23,2,-0.0869565,-0.230769,-0.333333,-0.39738,-0.516484,-0.811321,-0.503268,-0.0285714,-0.666667
24,2,-0.391304,-0.538462,-0.166667,-0.615721,-0.692308,-0.811321,-0.594771,0.142857,-0.833333
25,1,0.130435,0.538462,0.805556,0.00436681,-0.582418,-0.660377,0.202614,-0.657143,0
26,3,-0.478261,-0.0769231,0.111111,-0.563319,-0.626374,-0.735849,-0.542484,0.0857143,-0.666667
27,1,-0.565217,-0.769231,-0.611111,-0.868996,-0.78022,-0.849057,-0.79085,0.542857,-0.833333
28,1,0.478261,0.615385,0.611111,-0.135371,-0.604396,-0.660377,0.385621,-0.714286,0.333333
29,2,0.26087,-0.0769231,0.25,-0.222707,-0.626374,-0.849057,0.0457516,-0.6,-0.166667
30,1,-0.695652,-0.615385,-0.361111,-0.781659,-0.824176,-0.811321,-0.555556,0.142857,-0.666667
31,3,-0.304348,-0.230769,0.25,-0.510917,-0.626374,-0.660377,-0.437908,-0.0285714,-0.666667
32,1,-0.347826,-0.307692,0.0277778,-0.58952,-0.758242,-0.773585,-0.633987,0.2,-0.833333
33,0,-0.130435,-0.846154,-0.277778,-0.563319,-0.736264,-0.849057,-0.607843,0.142857,-0.833333
34,0,0.217391,0.153846,0.861111,0.0305677,-0.538462,-0.698113,0.254902,-0.657143,0.166667
35,0,-0.391304,-0.615385,0.25,-0.362445,-0.692308,-0.773585,-0.320261,-0.2,-0.5
36,3,0.173913,0,0.388889,-0.406114,-0.56044,-0.735849,-0.411765,-0.0285714,-0.5
37,2,-0.608696,-0.153846,-0.111111,-0.877729,-0.89011,-0.811321,-0.477124,0.0285714,-0.666667
38,3,-0.26087,0.153846,0.277778,0.764192,0.736264,0.773585,-0.464052,0.0285714,-0.666667
39,1,0.434783,0.538462,0.611111,-0.371179,-0.846154,-0.698113,0.359477,-0.714286,0.166667
40,2,-0.652174,-0.0769231,-0.222222,-0.432314,-0.428571,-0.849057,-0.490196,0.0285714,-0.666667
41,0,-0.0434783,0.153846,0.777778,-0.0393013,-0.56044,-0.735849,0.215686,-0.657143,0
42,3,-0.347826,-0.692308,-0.694444,-0.991266,-0.89011,-0.886792,-0.908497,0.771429,-1
43,3,-0.0869565,0.230769,0.305556,-0.71179,-0.846154,-0.660377,-0.398693,-0.0285714,-0.5
44,1,-0.130435,-0.692308,0,-0.310044,-0.648352,-0.773585,-0.320261,-0.2,-0.5
45,1,1,0.615385,0.833333,0.0131004,-0.604396,-0.622642,0.320261,-0.714286,0.166667
46,3,-0.130435,0,0.166667,-0.641921,-0.758242,-0.660377,-0.385621,-0.0285714,-0.5
47,3,-0.217391,-0.230769,-0.166667,-0.746725,-0.824176,-0.773585,-0.764706,0.428571,-0.833333
48,2,-0.478261,-0.307692,-0.277778,-0.842795,-0.846154,-0.849057,-0.529412,0.142857,-0.666667
49,3,-0.304348,0.0769231,0.138889,-0.624454,-0.626374,-0.660377,-0.424837,0.0285714,-0.5
50,1,-0.217391,-0.0769231,0.0833333,-0.371179,-0.736264,-0.735849,-0.333333,-0.2,-0.5
51,1,-0.782609,-0.615385,-0.361111,-0.90393,-0.912088,-0.849057,-0.607843,0.2,-0.666667
52,1,-0.173913,-0.615385,-0.138889,-0.388646,-0.582418,-0.811321,-0.45098,-0.0285714,-0.666667
53,0,0.0869565,0.692308,0.694444,0.0829694,-0.494505,-0.735849,0.281046,-0.714286,0.166667
54,2,0.217391,-0.307692,-0.388889,-0.379913,-0.56044,-0.849057,-0.51634,-0.0285714,-0.666667
55,2,0.217391,0.769231,0.777778,-0.292576,-0.868132,-0.849057,0.895425,-1,0.833333
56,3,-0.0869565,-0.769231,-0.277778,-0.58952,-0.692308,-0.773585,-0.72549,0.371429,-0.833333
57,1,0.0434783,-0.153846,0.555556,-0.20524,-0.648352,-0.735849,-0.0457516,-0.428571,-0.166667
58,3,-0.304348,0.0769231,0.222222,-0.746725,-0.824176,-0.660377,-0.411765,0.0285714,-0.5
59,0,0.478261,0.538462,0.75,0.0218341,-0.582418,-0.660377,0.267974,-0.657143,0.166667
60,3,-0.478261,-0.538462,-0.222222,-0.868996,-0.89011,-0.886792,-0.79085,0.542857,-0.833333
61,0,0.304348,0.307692,0.611111,-0.0567686,-0.648352,-0.735849,0.0588235,-0.542857,-0.166667
62,0,-0.826087,-0.615385,-0.361111,-0.729258,-0.736264,-0.886792,-0.764706,0.485714,-0.833333
63,3,0,-0.461538,-0.166667,-0.860262,-0.934066,-0.773585,-0.673203,0.371429,-0.833333
64,2,-0.565217,-0.307692,-0.277778,-0.545852,-0.56044,-0.811321,-0.503268,0.0857143,-0.666667
65,2,-0.130435,-0.0769231,0.277778,-0.152838,-0.516484,-0.811321,-0.0588235,-0.485714,-0.166667
66,0,-0.304348,-0.384615,-0.0277778,-0.659389,-0.802198,-0.811321,-0.555556,0.142857,-0.666667
67,2,-0.652174,-0.230769,-0.222222,-0.816594,-0.78022,-0.773585,-0.51634,0.142857,-0.666667
68,0,0.0869565,0.692308,0.694444,0.00436681,-0.516484,-0.660377,0.477124,-0.771429,0.333333
69,3,-0.434783,-0.153846,0.0555556,-0.475983,-0.538462,-0.735849,-0.607843,0.142857,-0.833333
70,2,0.0869565,0.230769,0.222222,0.00436681,-0.406593,-0.811321,0.0196078,-0.542857,-0.166667
71,0,0,0.692308,0.611111,-0.502183,-0.846154,-0.698113,0.346405,-0.714286,0.166667
72,0,0.0434783,1,0.888889,0.0742358,-0.494505,-0.660377,0.464052,-0.771429,0.333333
73,0,-0.173913,-0.538462,0.416667,-0.240175,-0.67033,-0.773585,-0.163399,-0.371429,-0.333333
74,0,-1,-0.692308,-0.638889,-0.938865,-0.846154,-0.849057,-0.816993,0.657143,-0.833333
75,3,-0.304348,-0.307692,0.361111,-0.624454,-0.692308,-0.660377,-0.490196,0.0285714,-0.666667
76,0,0.217391,0.538462,0.75,-0.135371,-0.648352,-0.735849,0.0849673,-0.542857,-0.166667
77,1,-0.217391,-0.538462,0.194444,-0.423581,-0.714286,-0.773585,-0.215686,-0.314286,-0.333333
78,1,-0.434783,-0.461538,-0.388889,-0.68559,-0.67033,-0.811321,-0.503268,0.0857143,-0.666667
79,2,0.347826,0.461538,0.5,-0.0917031,-0.582418,-0.886792,0.254902,-0.714286,0.166667
80,2,-0.304348,-0.153846,-0.222222,-0.921397,-0.934066,-0.811321,-0.503268,0.0857143,-0.666667
81,2,-0.391304,0,-0.138889,-0.519651,-0.582418,-0.849057,-0.490196,0.0285714,-0.666667
82,2,0.130435,0.384615,0.444444,-0.135371,-0.604396,-0.886792,0.267974,-0.714286,0.166667
83,3,-0.0869565,-0.769231,-0.222222,-0.799127,-0.846154,-0.811321,-0.803922,0.485714,-0.833333
84,0,-0.73913,-0.461538,0.111111,-0.746725,-0.824176,-0.811321,-0.542484,0.2,-0.666667
85,2,-0.304348,-0.461538,0,-0.266376,-0.362637,-0.811321,-0.503268,0.0285714,-0.666667
86,2,0.608696,0.923077,0.833333,-0.336245,-0.912088,-0.849057,0.947712,-1,0.833333
87,3,-0.304348,-0.384615,0.222222,-0.676856,-0.758242,-0.735849,-0.51634,0.0857143,-0.666667
88,3,-0.434783,-0.692308,-0.444444,-0.90393,-0.846154,-0.886792,-0.908497,0.714286,-1
89,2,-0.217391,-0.307692,0.222222,-0.0829694,-0.384615,-0.849057,-0.228758,-0.314286,-0.5
90,0,-0.695652,-0.692308,-0.527778,-0.895197,-0.824176,-0.849057,-0.830065,0.6,-0.833333
91,1,0.347826,0.692308,0.861111,0.0305677,-0.538462,-0.660377,0.385621,-0.714286,0.166667
92,0,-0.0869565,-0.615385,0.222222,-0.528384,-0.824176,-0.735849,-0.254902,-0.257143,-0.5
93,1,0.347826,0.461538,0.666667,-0.240175,-0.736264,-0.735849,0.111111,-0.6,0
94,3,-0.0869565,0.153846,0.305556,-0.49345,-0.626374,-0.698113,-0.411765,-0.0285714,-0.5
95,2,-0.521739,-0.0769231,-0.277778,-0.563319,-0.604396,-0.849057,-0.568627,0.142857,-0.666667
96,0,0.0434783,0.307692,0.888889,-0.0655022,-0.604396,-0.698113,0.333333,-0.714286,0.166667
97,1,-0.304348,-0.307692,0.111111,-0.58952,-0.67033,-0.849057,-0.581699,0.142857,-0.666667
98,2,-0.434783,-0.230769,-0.222222,-0.580786,-0.67033,-0.811321,-0.503268,0.0285714,-0.666667
99,0,-0.0434783,0,0.805556,0.00436681,-0.538462,-0.735849,0.163399,-0.6,0
100,2,-0.391304,-0.153846,-0.305556,-0.825328,-0.802198,-0.849057,-0.51634,0.142857,-0.666667
101,2,-0.608696,-0.0769231,-0.277778,0.292576,0.736264,0.886792,-0.529412,0.0857143,-0.666667
102,3,-0.0434783,-0.307692,0.25,-0.388646,-0.582418,-0.735849,-0.464052,0.0285714,-0.666667
103,3,-0.0869565,-0.307692,-0.222222,-0.598253,-0.626374,-0.811321,-0.79085,0.485714,-0.833333
104,3,-0.173913,-0.615385,-0.444444,-0.772926,-0.67033,-0.886792,-0.973856,0.828571,-1
105,2,0.26087,-0.0769231,0.194444,-0.179039,-0.604396,-0.886792,0.0718954,-0.6,-0.166667
106,1,0.521739,0.538462,0.75,-0.144105,-0.626374,-0.698113,0.411765,-0.771429,0.333333
107,0,0.130435,0,0.805556,-0.0829694,-0.626374,-0.660377,0.111111,-0.542857,0
108,0,-0.478261,-0.538462,0.0277778,-0.58952,-0.736264,-0.773585,-0.503268,0.0857143,-0.666667
109,2,-0.695652,-0.153846,-0.222222,-0.729258,-0.736264,-0.773585,-0.503268,0.0857143,-0.666667
110,2,0.130435,0.153846,0.0833333,-0.170306,-0.538462,-0.849057,-0.0457516,-0.485714,-0.166667
111,3,-0.304348,-0.461538,0.0277778,-0.519651,-0.604396,-0.735849,-0.581699,0.142857,-0.666667
112,3,-0.0869565,0.153846,0.194444,-0.49345,-0.626374,-0.698113,-0.424837,-0.0285714,-0.666667
113,0,-0.826087,-0.615385,-0.0277778,-0.650655,-0.736264,-0.849057,-0.542484,0.142857,-0.666667
114,0,-0.347826,-0.846154,-0.722222,-0.851528,-0.758242,-0.886792,-0.973856,0.885714,-1
115,3,-0.130435,-0.230769,0.25,-0.746725,-0.846154,-0.698113,-0.437908,0.0285714,-0.666667
116,3,-0.0434783,0.0769231,0.333333,-0.49345,-0.626374,-0.660377,-0.385621,-0.0285714,-0.5
117,0,0.173913,-0.0769231,0.666667,-0.0829694,-0.604396,-0.773585,0.163399,-0.657143,0
118,1,0.565217,0.538462,0.916667,0.0218341,-0.516484,-0.622642,0.424837,-0.714286,0.333333
119,2,-0.478261,-0.230769,-0.333333,-0.790393,-0.802198,-0.773585,-0.503268,0.142857,-0.666667
120,2,-0.130435,0.230769,0.0833333,-0.336245,-0.604396,-0.811321,-0.202614,-0.371429,-0.333333
121,1,-0.304348,-0.692308,-0.611111,-0.868996,-0.868132,-0.886792,-0.712418,0.371429,-0.833333
122,3,-0.26087,0.153846,0.0555556,-0.668122,-0.736264,-0.660377,-0.372549,-0.0285714,-0.5
123,3,-0.173913,-0.461538,0.166667,-0.484716,-0.648352,-0.735849,-0.555556,0.0857143,-0.666667
124,1,-0.26087,-0.769231,-0.527778,-0.772926,-0.78022,-0.849057,-0.882353,0.714286,-1
125,3,-0.478261,-0.0769231,-0.138889,-0.598253,-0.648352,-0.773585,-0.594771,0.142857,-0.666667
126,3,-0.26087,0,0.111111,-0.659389,-0.67033,-0.660377,-0.385621,-0.0285714,-0.5
127,2,-0.304348,-0.307692,-0.166667,-0.615721,-0.67033,-0.811321,-0.542484,0.0857143,-0.666667
128,2,-0.478261,-0.384615,-0.277778,-0.554585,-0.604396,-0.245283,-0.51634,0.0857143,-0.666667
129,3,0.0434783,-0.0769231,0.333333,-0.39738,-0.56044,-0.698113,-0.411765,-0.0285714,-0.5
130,2,0.173913,0.153846,0.527778,-0.0829694,-0.538462,-0.811321,0.137255,-0.657143,0
131,1,0.173913,0,0.777778,-0.30131,-0.714286,-0.735849,0.111111,-0.542857,0
132,1,-0.434783,-0.769231,0.0277778,-0.467249,-0.714286,-0.811321,-0.503268,0.0857143,-0.666667
133,1,0.0434783,-0.307692,0.694444,-0.283843,-0.736264,-0.735849,-0.0326797,-0.428571,-0.166667
134,3,0.0869565,-0.538462,-0.222222,-0.851528,-0.956044,-0.811321,-0.712418,0.428571,-0.833333
135,0,0.26087,0.615385,0.666667,-0.484716,-0.868132,-0.698113,0.320261,-0.714286,0.166667
136,3,-0.304348,0.0769231,0.194444,0.90393,0.89011,0.735849,-0.398693,-0.0285714,-0.5
137,3,-0.434783,0.153846,-0.0277778,-0.720524,-0.758242,-0.698113,-0.359477,-0.0285714,-0.5
138,3,-0.391304,-0.307692,-0.333333,-0.598253,-0.626374,-0.698113,-0.72549,0.371429,-0.833333
139,1,-0.347826,-0.692308,-0.361111,-0.772926,-0.758242,-0.886792,-0.830065,0.6,-0.833333
140,3,-0.217391,-0.307692,0.111111,-0.49345,-0.582418,-0.773585,-0.529412,0.0285714,-0.666667
141,1,-0.26087,-0.692308,0.111111,-0.414847,-0.758242,-0.735849,-0.411765,-0.0857143,-0.5
142,2,-0.652174,-0.307692,-0.361111,-0.816594,-0.824176,-0.773585,-0.51634,0.142857,-0.666667
143,0,0.434783,0.230769,0.861111,-0.213974,-0.78022,-0.660377,0.333333,-0.714286,0.166667
144,2,-0.695652,-0.230769,-0.222222,-0.860262,-0.846154,-0.773585,-0.503268,0.0857143,-0.666667
145,0,-0.0434783,-0.0769231,0.111111,-0.283843,-0.67033,-0.811321,-0.320261,-0.2,-0.5
146,0,0.304348,0.615385,0.861111,-0.00436681,-0.626374,-0.622642,0.437908,-0.771429,0.333333
147,3,0.173913,0,0.25,-0.475983,-0.626374,-0.660377,-0.333333,-0.0857143,-0.5
148,2,-0.217391,-0.461538,0,-0.414847,-0.56044,-0.811321,-0.51634,0.0285714,-0.666667
149,1,-0.26087,-0.230769,-0.111111,-0.406114,-0.736264,-0.773585,-0.45098,-0.0857143,-0.666667
150,3,-0.130435,-0.769231,-0.333333,-0.467249,-0.516484,-0.773585,-0.686275,0.314286,-0.833333
151,1,0.347826,0.307692,0.555556,-0.0655022,-0.604396,-0.698113,-0.0196078,-0.485714,-0.166667
152,2,-0.0869565,-0.153846,0.222222,-0.0218341,-0.406593,-0.849057,-0.0588235,-0.485714,-0.166667
153,0,-0.130435,-0.846154,-0.111111,-0.406114,-0.67033,-0.811321,-0.51634,0.0285714,-0.666667
154,1,0.434783,0.230769,0.833333,-0.0655022,-0.626374,-0.735849,0.254902,-0.657143,0.166667
155,3,-0.304348,-0.461538,0.0833333,-0.563319,-0.626374,-0.735849,-0.581699,0.142857,-0.666667
156,2,0.608696,0.769231,0.75,0.0393013,-0.626374,-0.886792,0.803922,-1,0.666667
157,0,-0.478261,-0.769231,0.0555556,-0.606987,-0.824176,-0.811321,-0.542484,0.0857143,-0.666667
158,3,-0.130435,-0.307692,-0.166667,-0.764192,-0.802198,-0.811321,-0.803922,0.542857,-0.833333
159,1,-0.391304,-0.538462,-0.0555556,-0.580786,-0.758242,-0.849057,-0.490196,0.0285714,-0.666667
160,0,-0.217391,-0.0769231,-0.0277778,-0.563319,-0.78022,-0.849057,-0.503268,0.0285714,-0.666667
161,0,-0.608696,-0.615385,-0.638889,-0.816594,-0.736264,-0.886792,-0.72549,0.428571,-0.833333
162,0,0.478261,0.461538,0.694444,-0.00436681,-0.626374,-0.660377,0.176471,-0.6,0
163,1,0.0869565,-0.538462,0.138889,-0.240175,-0.626374,-0.735849,-0.294118,-0.2,-0.5
164,1,-0.478261,-0.461538,-0.111111,-0.694323,-0.736264,-0.886792,-0.738562,0.371429,-0.833333
165,0,0.0869565,0.615385,0.777778,-0.283843,-0.736264,-0.698113,0.320261,-0.657143,0.166667
166,0,0.304348,0.615385,0.416667,-0.344978,-0.78022,-0.660377,0.411765,-0.714286,0.333333
167,1,-0.173913,-0.769231,0.0555556,-0.467249,-0.78022,-0.773585,-0.464052,-0.0285714,-0.666667
168,1,0.608696,0.384615,0.777778,-0.240175,-0.78022,-0.622642,0.320261,-0.714286,0.166667
169,2,-0.608696,-0.0769231,-0.222222,-0.694323,-0.626374,-0.849057,-0.542484,0.142857,-0.666667
170,3,0.0869565,-0.615385,-0.166667,-0.816594,-0.89011,-0.773585,-0.764706,0.542857,-0.833333
171,0,0.521739,0.384615,0.75,-0.187773,-0.714286,-0.660377,0.294118,-0.714286,0.166667
172,2,0.434783,0.615385,0.75,-0.502183,-1,-0.924528,0.764706,-0.942857,0.666667
173,3,-0.0869565,-0.0769231,0.138889,-0.458515,-0.56044,-0.735849,-0.568627,0.142857,-0.666667
174,2,0,0.230769,0.611111,-0.275109,-0.736264,-0.849057,0.320261,-0.714286,0.166667
175,3,-0.130435,0.153846,0.222222,-0.598253,-0.648352,-0.660377,-0.424837,0.0285714,-0.5
176,2,-0.347826,-0.461538,0.0555556,-0.283843,-0.428571,-0.849057,-0.398693,-0.142857,-0.5
177,0,-0.521739,-0.538462,0.388889,-0.336245,-0.714286,-0.811321,-0.150327,-0.371429,-0.333333
178,2,-0.304348,-0.153846,-0.111111,-0.510917,-0.582418,-0.811321,-0.581699,0.142857,-0.666667
179,2,-0.130435,-0.692308,-0.0833333,-0.388646,-0.538462,-0.811321,-0.490196,-0.0285714,-0.666667
180,3,-0.304348,-0.153846,-0.166667,-0.71179,-0.758242,-0.849057,-0.686275,0.314286,-0.833333
181,1,0.26087,0.615385,0.833333,0.0218341,-0.538462,-0.660377,0.24183,-0.657143,0.166667
182,0,-0.782609,-0.769231,-0.444444,-0.895197,-0.802198,-0.849057,-0.856209,0.657143,-1
183,2,-0.217391,-0.307692,-0.277778,-0.432314,-0.582418,-0.811321,-0.568627,0.0285714,-0.666667
184,1,-0.521739,-0.846154,-0.638889,-0.842795,-0.78022,-0.924528,-0.947712,0.885714,-1
185,1,0.304348,0,0.833333,-0.0829694,-0.582418,-0.698113,0.189542,-0.6,0
186,2,0.173913,-0.384615,-0.0277778,-0.117904,-0.472527,-0.886792,-0.163399,-0.428571,-0.333333
187,2,-0.217391,-0.307692,0.138889,-0.222707,-0.516484,-0.886792,-0.254902,-0.314286,-0.5
188,0,0.0869565,-0.0769231,0,-0.458515,-0.714286,-0.811321,-0.411765,-0.0857143,-0.5
189,0,0.217391,0.384615,0.805556,-0.0567686,-0.538462,-0.698113,0.267974,-0.657143,0.166667
190,0,-0.26087,-0.769231,0.0555556,-0.344978,-0.626374,-0.773585,-0.411765,-0.0857143,-0.666667
191,0,0.0434783,0.153846,0.5,-0.179039,-0.648352,-0.735849,-0.0980392,-0.428571,-0.333333
192,3,-0.391304,-0.461538,0.138889,-0.49345,-0.538462,-0.698113,-0.555556,0.142857,-0.666667
193,1,-0.130435,-0.230769,0,-0.606987,-0.78022,-0.811321,-0.51634,0.0285714,-0.666667
194,2,0.478261,0.692308,0.611111,-0.170306,-0.736264,-0.811321,0.673203,-0.942857,0.5
195,1,-0.173913,-0.692308,0.277778,-0.449782,-0.714286,-0.811321,-0.398693,-0.0857143,-0.5
196,2,-0.434783,-0.230769,-0.277778,-0.772926,-0.802198,-0.811321,-0.477124,0.0285714,-0.666667
197,1,0.478261,0.769231,0.777778,0.10917,-0.472527,-0.660377,0.398693,-0.714286,0.333333
198,2,-0.608696,-0.153846,-0.111111,-0.598253,-0.626374,-0.811321,-0.45098,0.0285714,-0.666667
199,2,-0.652174,0,-0.138889,-0.772926,-0.802198,-0.811321,-0.464052,0.0285714,-0.666667
200,2,-0.608696,-0.153846,-0.111111,-0.720524,-0.692308,-0.811321,-0.542484,0.142857,-0.666667
201,3,-0.130435,0.0769231,0.25,-0.484716,-0.582418,-0.660377,-0.424837,0.0285714,-0.5
202,1,-0.26087,-0.769231,-0.0555556,-0.414847,-0.714286,-0.773585,-0.411765,-0.0857143,-0.666667
203,0,0.652174,0.615385,0.75,-0.414847,-0.934066,-0.660377,0.424837,-0.771429,0.333333
204,0,0.304348,0.692308,0.666667,-0.213974,-0.67033,-0.660377,0.30719,-0.714286,0.166667
205,3,-0.304348,-0.461538,-0.5,-0.71179,-0.758242,-0.811321,-0.869281,0.6,-1
206,3,-0.391304,0.0769231,0.138889,-0.606987,-0.67033,-0.735849,-0.542484,0.0857143,-0.666667
207,0,-0.173913,0,0.0833333,-0.371179,-0.626374,-0.773585,-0.346405,-0.142857,-0.5
208,2,-0.478261,-0.307692,-0.333333,-0.851528,-0.824176,-0.811321,-0.51634,0.142857,-0.666667
209,2,-0.434783,0,-0.166667,-0.606987,-0.604396,-0.773585,-0.51634,0.0857143,-0.666667
210,0,0.217391,0.769231,0.666667,-0.441048,-0.824176,-0.660377,0.333333,-0.714286,0.166667
211,0,-0.0869565,-0.538462,0.361111,-0.213974,-0.67033,-0.735849,-0.215686,-0.314286,-0.333333
212,3,-0.434783,-0.692308,-0.194444,-0.598253,-0.648352,-0.773585,-0.660131,0.257143,-0.833333
213,2,-0.26087,-0.384615,-0.138889,-0.432314,-0.538462,-0.811321,-0.503268,0.0285714,-0.666667
214,2,0.347826,0.230769,0.361111,-0.441048,-0.846154,-0.924528,0.30719,-0.714286,0.166667
215,0,-0.304348,-0.769231,-0.111111,-0.676856,-0.802198,-0.811321,-0.660131,0.257143,-0.833333
216,0,-0.26087,-0.538462,0.277778,-0.432314,-0.67033,-0.811321,-0.346405,-0.142857,-0.5
217,1,-0.521739,-0.153846,0.0277778,-0.598253,-0.736264,-0.886792,-0.477124,0.0285714,-0.666667
218,0,0.347826,0.846154,0.75,-0.0218341,-0.516484,-0.660377,0.398693,-0.771429,0.333333
219,2,-0.565217,-0.153846,-0.222222,-0.650655,-0.692308,-0.773585,-0.542484,0.0857143,-0.666667
220,3,-0.478261,-0.538462,-0.527778,-0.80786,-0.802198,-0.849057,-0.973856,0.828571,-1
221,0,0.130435,0.692308,0.694444,-0.10917,-0.67033,-0.584906,0.437908,-0.771429,0.333333
222,3,-0.347826,-0.153846,0.25,-0.694323,-0.802198,-0.660377,-0.411765,-0.0285714,-0.5
223,2,0.173913,0.307692,0.138889,-0.187773,-0.56044,-0.849057,-0.0326797,-0.542857,-0.166667
224,2,-0.652174,-0.153846,-0.111111,-0.694323,-0.714286,-0.849057,-0.464052,0.0285714,-0.666667
225,1,-0.434783,-0.384615,-0.277778,-0.746725,-0.802198,-0.849057,-0.686275,0.314286,-0.833333
226,3,-0.130435,-0.384615,0.0833333,-0.519651,-0.648352,-0.773585,-0.581699,0.142857,-0.666667
227,1,0.478261,0.615385,0.611111,-0.0742358,-0.582418,-0.660377,0.385621,-0.714286,0.166667
228,3,-0.0869565,-0.846154,-0.277778,-0.624454,-0.67033,-0.735849,-0.751634,0.371429,-0.833333
229,1,0.391304,0.615385,0.833333,-0.0305677,-0.538462,-0.698113,0.254902,-0.657143,0.166667
230,1,-0.434783,-0.384615,-0.333333,-0.615721,-0.692308,-0.886792,-0.503268,0.0857143,-0.666667
231,3,-0.478261,-0.846154,-0.805556,-0.947598,-0.824176,-0.962264,-0.934641,0.771429,-1
232,1,-0.478261,-1,-1,-0.90393,-0.78022,-0.962264,-1,1,-1
233,2,-0.652174,-0.153846,-0.222222,-0.860262,-0.868132,-0.849057,-0.490196,0.0857143,-0.666667
234,1,0.173913,0.461538,0.777778,-0.257642,-0.736264,-0.698113,0.254902,-0.657143,0.166667
235,3,-0.130435,-0.307692,-0.333333,-0.528384,-0.538462,-0.735849,-0.712418,0.314286,-0.833333
236,3,-0.26087,0.153846,0.0555556,-0.737991,-0.802198,-0.660377,-0.372549,-0.0285714,-0.5
237,2,0,-0.692308,-0.0555556,-0.170306,-0.406593,-0.886792,-0.30719,-0.257143,-0.5
238,2,-0.478261,-0.0769231,-0.305556,-0.790393,-0.802198,-0.773585,-0.490196,0.0857143,-0.666667
239,0,0.173913,0.692308,0.694444,-0.257642,-0.78022,-0.698113,0.437908,-0.771429,0.333333
240,2,-0.73913,0.0769231,-0.0555556,-0.676856,-0.692308,-0.811321,-0.464052,-0.0285714,-0.666667
241,0,-0.304348,-0.769231,0.0277778,-0.406114,-0.67033,-0.773585,-0.411765,-0.0857143,-0.666667
242,0,-0.130435,-0.0769231,-0.0833333,-0.475983,-0.736264,-0.811321,-0.385621,-0.0857143,-0.5
243,2,-0.478261,-0.307692,-0.472222,-0.755459,-0.758242,-0.811321,-0.51634,0.142857,-0.666667
244,1,0.217391,0.692308,0.888889,0.0829694,-0.516484,-0.622642,0.346405,-0.714286,0.166667
245,3,-0.478261,0.0769231,-0.0277778,-0.851528,-0.868132,-0.735849,-0.411765,0.0285714,-0.5
246,3,-0.130435,-0.384615,-0.0277778,-0.825328,-0.912088,-0.811321,-0.633987,0.314286,-0.833333
247,2,-0.0434783,-0.769231,-0.0833333,-0.240175,-0.428571,-0.849057,-0.424837,-0.142857,-0.666667
248,1,-0.217391,-0.538462,0.194444,-0.371179,-0.736264,-0.811321,-0.254902,-0.257143,-0.5
249,0,0.304348,0.692308,0.75,-0.0655022,-0.604396,-0.660377,0.30719,-0.714286,0.166667
250,1,-0.478261,-0.923077,-0.638889,-0.799127,-0.758242,-0.849057,-0.947712,0.828571,-1
251,3,-0.0434783,-0.615385,-0.277778,-0.80786,-0.89011,-0.773585,-0.72549,0.485714,-0.833333
252,0,0.347826,0.923077,0.75,0.100437,-0.516484,-0.660377,0.398693,-0.771429,0.333333
253,3,-0.521739,-0.153846,0.111111,-0.68559,-0.758242,-0.660377,-0.424837,0.0285714,-0.5
254,2,-0.0869565,-0.230769,-0.222222,-0.423581,-0.56044,-0.849057,-0.607843,0.142857,-0.833333
255,3,-0.130435,0.0769231,0.25,-0.502183,-0.604396,-0.622642,-0.437908,-0.0285714,-0.666667
256,1,0.695652,0.307692,0.944444,-0.283843,-0.802198,-0.660377,0.333333,-0.714286,0.166667
257,1,-0.217391,-0.769231,0.0277778,-0.537118,-0.802198,-0.811321,-0.437908,-0.0857143,-0.666667
258,0,-0.173913,-0.230769,-0.194444,-0.528384,-0.802198,-0.811321,-0.51634,0.0285714,-0.666667
259,1,0.130435,0.153846,0.777778,-0.196507,-0.648352,-0.698113,0.163399,-0.6,0
260,0,0.0869565,0.923077,0.694444,-0.0917031,-0.604396,-0.622642,0.490196,-0.771429,0.333333
261,1,-0.565217,-0.692308,-0.611111,-0.877729,-0.824176,-0.924528,-0.777778,0.485714,-0.833333
262,1,-0.217391,-0.538462,0.333333,-0.257642,-0.648352,-0.735849,-0.176471,-0.314286,-0.333333
263,3,-0.304348,-0.461538,-0.444444,-0.764192,-0.802198,-0.849057,-0.921569,0.714286,-1
264,3,-0.304348,-0.846154,-0.166667,-0.703057,-0.758242,-0.811321,-0.816993,0.542857,-1
265,1,0.304348,0.230769,0.666667,-0.213974,-0.714286,-0.698113,-0.0457516,-0.485714,-0.166667
266,2,-0.695652,-0.0769231,-0.138889,-0.790393,-0.802198,-0.811321,-0.490196,0.0857143,-0.666667
267,2,-0.434783,-0.307692,-0.305556,-0.895197,-0.868132,-0.849057,-0.477124,0.0857143,-0.666667
268,1,0.173913,0,0.138889,-0.275109,-0.692308,-0.735849,-0.294118,-0.2,-0.5
269,3,-0.434783,-0.538462,-0.444444,-0.68559,-0.714286,-0.811321,-0.908497,0.657143,-1
270,3,-0.565217,-0.692308,-0.388889,-0.921397,-0.868132,-0.849057,-0.869281,0.657143,-1
271,2,-0.608696,-0.0769231,-0.222222,-0.598253,-0.516484,-0.886792,-0.529412,0.0857143,-0.666667
272,1,-0.130435,0.0769231,0.333333,-0.161572,-0.582418,-0.811321,-0.202614,-0.314286,-0.333333
273,3,-0.217391,-0.230769,0.333333,-0.537118,-0.692308,-0.735849,-0.51634,0.0857143,-0.666667
274,3,0,-0.0769231,0.111111,-0.49345,-0.648352,-0.735849,-0.555556,0.142857,-0.666667
275,2,0.478261,0.846154,0.833333,-0.344978,-0.912088,-0.773585,0.895425,-1,0.833333
276,2,-0.391304,-0.153846,-0.166667,-0.344978,-0.384615,-0.849057,-0.555556,0.0857143,-0.666667
277,2,-0.565217,0,-0.0833333,-0.71179,-0.736264,-0.849057,-0.529412,0.0857143,-0.666667
278,0,-0.434783,-0.384615,-0.277778,-0.781659,-0.824176,-0.811321,-0.699346,0.371429,-0.833333
279,1,0.565217,0.615385,0.916667,0.0567686,-0.538462,-0.660377,0.333333,-0.714286,0.166667
280,2,-0.0869565,-0.692308,-0.0833333,-0.283843,-0.472527,-0.811321,-0.45098,-0.0857143,-0.666667
281,0,0.173913,-0.153846,0.472222,-0.222707,-0.67033,-0.773585,-0.0326797,-0.485714,-0.166667
282,2,-0.608696,-0.230769,-0.0833333,-0.563319,-0.604396,-0.811321,-0.490196,0.0285714,-0.666667
283,2,-0.434783,0,-0.0833333,-0.816594,-0.78022,-0.849057,-0.490196,0.0857143,-0.666667
284,1,0.869565,0.538462,0.944444,0.10917,-0.56044,-0.622642,0.372549,-0.714286,0.166667
285,3,-0.304348,0,0.0277778,-0.816594,-0.89011,-0.698113,-0.424837,0.0285714,-0.5
286,1,-0.304348,0.153846,0.25,-0.257642,-0.626374,-0.773585,-0.254902,-0.257143,-0.5
287,2,-0.565217,-0.384615,-0.166667,-0.554585,-0.604396,-0.811321,-0.581699,0.142857,-0.666667
288,3,-0.347826,-0.230769,0.222222,-0.720524,-0.824176,-0.660377,-0.45098,0.0285714,-0.666667
289,0,0,0.0769231,0.75,-0.0305677,-0.516484,-0.698113,0.150327,-0.6,0
290,1,-0.347826,-0.692308,-0.527778,-0.755459,-0.67033,-0.849057,-0.699346,0.371429,-0.833333
291,3,0.0869565,-0.615385,-0.277778,-0.772926,-0.824176,-0.811321,-0.764706,0.428571,-0.833333
292,3,-0.304348,-0.0769231,0.138889,0.240175,0.208791,0.54717,-0.437908,0.0285714,-0.5
293,2,-0.391304,-0.307692,0,-0.519651,-0.604396,-0.886792,-0.437908,-0.0857143,-0.666667
294,3,-0.130435,-0.769231,-0.361111,-0.694323,-0.78022,-0.773585,-0.738562,0.371429,-0.833333
295,2,0.565217,0.692308,0.722222,-0.432314,-0.912088,-0.849057,0.686275,-0.942857,0.5
296,2,-0.26087,-0.615385,-0.0277778,-0.475983,-0.626374,-0.811321,-0.490196,-0.0285714,-0.666667
297,2,0.0869565,0.461538,0.277778,-0.100437,-0.516484,-0.886792,0.0457516,-0.6,-0.166667
298,1,-0.608696,-0.692308,-0.277778,-0.80786,-0.846154,-0.811321,-0.738562,0.485714,-0.833333
299,1,-0.217391,-0.461538,0.611111,-0.231441,-0.626374,-0.735849,-0.150327,-0.314286,-0.333333
300,2,0.0869565,-0.461538,0.0277778,-0.414847,-0.692308,-0.849057,-0.215686,-0.371429,-0.333333
301,1,0.434783,0.538462,0.611111,-0.222707,-0.714286,-0.698113,0.346405,-0.714286,0.166667
302,0,-0.130435,-0.230769,0.0555556,-0.458515,-0.736264,-0.811321,-0.490196,0.0285714,-0.666667
303,2,-0.0869565,-0.692308,-0.111111,-0.222707,-0.450549,-0.849057,-0.398693,-0.142857,-0.666667
304,3,-0.304348,-0.769231,-0.222222,-0.606987,-0.714286,-0.773585,-0.72549,0.371429,-0.833333
305,2,-0.478261,-0.0769231,-0.166667,-0.772926,-0.758242,-0.773585,-0.490196,0.0857143,-0.666667
306,2,-0.434783,-0.0769231,-0.0833333,-0.580786,-0.648352,-0.849057,-0.51634,0.0285714,-0.666667
307,1,0.434783,0.153846,0.861111,-0.144105,-0.692308,-0.698113,0.24183,-0.657143,0.166667
308,0,0.478261,0.461538,0.75,-0.283843,-0.78022,-0.660377,0.333333,-0.714286,0.166667
309,0,0.565217,0.384615,0.666667,-0.187773,-0.736264,-0.698113,0.0457516,-0.542857,-0.166667
310,0,0.565217,0.153846,0.861111,-0.0305677,-0.67033,-0.698113,0.215686,-0.657143,0
311,1,-0.26087,0.307692,0.388889,-0.266376,-0.692308,-0.698113,-0.0980392,-0.428571,-0.333333
312,3,-0.130435,-0.0769231,0.194444,-0.668122,-0.802198,-0.698113,-0.411765,-0.0285714,-0.5
313,2,-0.608696,-0.384615,-0.166667,-0.554585,-0.626374,-0.811321,-0.529412,0.0857143,-0.666667
314,0,0,0.461538,0.777778,0.0305677,-0.56044,-0.735849,0.124183,-0.6,0
315,2,-0.26087,-0.307692,-0.361111,-0.80786,-0.824176,-0.811321,-0.477124,0.0857143,-0.666667
316,3,-0.130435,-0.461538,-0.388889,-0.886463,-0.956044,-0.811321,-0.751634,0.485714,-0.833333
317,3,-0.217391,-0.384615,-0.277778,-0.764192,-0.802198,-0.735849,-0.816993,0.542857,-0.833333
318,1,-0.0434783,-0.0769231,0.805556,-0.0917031,-0.626374,-0.698113,-0.0196078,-0.428571,-0.166667
319,3,-0.304348,-0.692308,-0.694444,-0.938865,-0.846154,-0.886792,-0.895425,0.714286,-1
320,2,0.26087,0.384615,0.444444,-0.213974,-0.714286,-0.849057,0.411765,-0.771429,0.333333
321,1,0.391304,0.615385,0.666667,0.0131004,-0.516484,-0.698113,0.424837,-0.771429,0.333333
322,2,0.73913,0.846154,0.916667,-0.213974,-0.802198,-0.849057,0.934641,-1,0.833333
323,2,-0.391304,-0.230769,-0.305556,-0.799127,-0.802198,-0.773585,-0.51634,0.142857,-0.666667
324,1,0.0869565,0.384615,0.555556,-0.135371,-0.582418,-0.698113,-0.00653595,-0.485714,-0.166667
325,1,-0.0869565,-0.615385,0.333333,-0.344978,-0.714286,-0.811321,-0.24183,-0.257143,-0.333333
326,2,-0.608696,-0.153846,-0.361111,-0.834061,-0.846154,-0.811321,-0.490196,0.0857143,-0.666667
327,0,0.434783,0.230769,0.555556,-0.152838,-0.692308,-0.698113,-0.0980392,-0.428571,-0.333333
328,0,-0.304348,-0.153846,0.166667,-0.720524,-0.846154,-0.849057,-0.51634,0.0857143,-0.666667
329,3,-0.130435,-0.230769,0.333333,-0.423581,-0.582418,-0.735849,-0.503268,0.0857143,-0.666667
330,1,-0.304348,-0.615385,0.111111,-0.432314,-0.736264,-0.811321,-0.359477,-0.142857,-0.5
331,3,0.0869565,-0.153846,0.0555556,-0.510917,-0.648352,-0.773585,-0.607843,0.2,-0.833333
332,0,0.347826,0.461538,0.555556,-0.266376,-0.736264,-0.735849,-0.00653595,-0.485714,-0.166667
333,0,0.130435,0.846154,0.916667,0.0131004,-0.582418,-0.660377,0.424837,-0.771429,0.333333
334,2,-0.434783,-0.307692,-0.305556,-0.816594,-0.846154,-0.811321,-0.503268,0.0857143,-0.666667
335,2,0.478261,0.846154,0.722222,-0.30131,-0.824176,-0.811321,0.594771,-0.885714,0.5
336,1,0.565217,0.615385,0.75,-0.117904,-0.648352,-0.660377,0.437908,-0.771429,0.333333
337,3,-0.304348,-0.153846,0,-0.816594,-0.846154,-0.698113,-0.424837,0.0285714,-0.5
338,2,0.130435,0.384615,0.333333,-0.266376,-0.67033,-0.886792,0.189542,-0.657143,0
339,3,0.0434783,-0.0769231,0.416667,-0.502183,-0.648352,-0.698113,-0.490196,0.0857143,-0.666667
340,2,-0.391304,-0.384615,-0.0833333,-0.528384,-0.626374,-0.811321,-0.490196,0.0285714,-0.666667
341,2,-0.304348,-0.461538,-0.111111,-0.554585,-0.648352,-0.811321,-0.555556,0.0857143,-0.666667
342,0,-0.434783,-0.461538,-0.0277778,-0.633188,-0.67033,-0.849057,-0.633987,0.257143,-0.833333
343,1,-0.565217,-0.692308,-0.611111,-0.764192,-0.692308,-0.924528,-0.699346,0.371429,-0.833333
344,0,0.26087,0.615385,0.694444,-0.248908,-0.758242,-0.698113,0.437908,-0.771429,0.333333
345,0,0.130435,0.692308,0.694444,0.00436681,-0.538462,-0.698113,0.464052,-0.771429,0.333333
346,2,0.217391,0.615385,0.833333,-0.266376,-0.78022,-0.811321,0.620915,-0.885714,0.5
347,1,0.913043,0.461538,0.944444,0.0829694,-0.604396,-0.622642,0.30719,-0.714286,0.166667
348,0,-0.347826,-0.153846,0.0277778,-0.449782,-0.736264,-0.849057,-0.490196,0.0285714,-0.666667
349,3,-0.0434783,-0.153846,0.222222,-0.528384,-0.67033,-0.698113,-0.568627,0.142857,-0.666667
350,0,-0.304348,-0.461538,-0.194444,-0.624454,-0.758242,-0.849057,-0.738562,0.371429,-0.833333
351,0,0.0434783,0,0.694444,-0.0742358,-0.582418,-0.773585,0.0457516,-0.485714,-0.166667
352,1,-0.347826,-0.615385,-0.5,-0.71179,-0.714286,-0.886792,-0.529412,0.142857,-0.666667
353,3,-0.217391,0,0.0555556,-0.615721,-0.692308,-0.735849,-0.542484,0.0857143,-0.666667
354,2,-0.652174,0.0769231,-0.194444,-0.633188,-0.626374,-0.849057,-0.490196,0.0285714,-0.666667
355,1,0.0869565,0.307692,0.388889,-0.231441,-0.648352,-0.735849,-0.150327,-0.371429,-0.333333
356,0,-0.130435,-0.307692,0.333333,-0.266376,-0.67033,-0.698113,-0.0718954,-0.428571,-0.333333
357,2,-0.217391,-0.0769231,0,-0.414847,-0.516484,-0.811321,-0.503268,0.0285714,-0.666667
358,1,0.565217,0.230769,0.916667,-0.222707,-0.736264,-0.698113,0.24183,-0.657143,0.166667
359,0,-0.391304,-0.0769231,0.166667,-0.475983,-0.714286,-0.773585,-0.424837,-0.0857143,-0.666667
360,0,0.173913,0.230769,0.555556,-0.10917,-0.648352,-0.735849,-0.0326797,-0.485714,-0.166667
361,1,0.521739,0.461538,0.916667,-0.318777,-0.824176,-0.622642,0.359477,-0.714286,0.166667
362,1,0.217391,0,0.805556,-0.20524,-0.692308,-0.698113,0.124183,-0.542857,0
363,1,-0.0434783,0.0769231,0.138889,-0.371179,-0.736264,-0.811321,-0.267974,-0.257143,-0.5
364,3,-0.304348,0.0769231,0.25,-0.624454,-0.758242,-0.698113,-0.464052,0.0285714,-0.666667
365,0,-0.391304,-0.0769231,0.0277778,-0.572052,-0.736264,-0.811321,-0.45098,0.0285714,-0.666667
366,1,0.521739,0.615385,0.805556,-0.135371,-0.67033,-0.660377,0.176471,-0.6,0
367,3,-0.26087,0.0769231,0.25,-0.606987,-0.714286,-0.698113,-0.437908,-0.0285714,-0.666667
368,1,-0.608696,-0.692308,-0.472222,-0.737991,-0.648352,-0.811321,-0.699346,0.428571,-0.833333
369,2,-0.521739,-0.0769231,-0.222222,-0.615721,-0.626374,-0.849057,-0.555556,0.142857,-0.666667
370,0,-0.304348,0.0769231,0.138889,-0.545852,-0.78022,-0.773585,-0.359477,-0.142857,-0.5
371,2,0,-0.384615,0.0277778,-0.362445,-0.626374,-0.886792,-0.150327,-0.428571,-0.333333
372,2,0.0434783,-0.0769231,-0.111111,-0.275109,-0.472527,-0.886792,-0.359477,-0.2,-0.5
373,3,0.0434783,0.0769231,0.305556,-0.475983,-0.626374,-0.735849,-0.424837,-0.0285714,-0.5
374,2,0,0.0769231,0.0277778,-0.126638,-0.450549,-0.849057,-0.281046,-0.314286,-0.5
375,3,-0.391304,-0.769231,-0.638889,-0.886463,-0.758242,-0.924528,-0.921569,0.771429,-1
376,2,0.565217,0.461538,0.527778,-0.257642,-0.758242,-0.924528,0.503268,-0.828571,0.333333
377,1,0.347826,0.384615,0.888889,-0.222707,-0.736264,-0.660377,0.372549,-0.714286,0.166667
378,1,-0.391304,-0.692308,-0.444444,-0.755459,-0.78022,-0.849057,-0.79085,0.485714,-0.833333
379,1,-0.608696,-0.769231,-0.611111,-0.886463,-0.868132,-0.811321,-0.830065,0.6,-0.833333
380,0,0.391304,0.769231,0.611111,-0.0829694,-0.626374,-0.660377,0.372549,-0.714286,0.166667
381,0,-0.695652,-0.538462,-0.444444,-0.842795,-0.802198,-0.849057,-0.647059,0.314286,-0.833333
382,2,0.434783,0.615385,0.666667,0.0742358,-0.56044,-0.924528,0.803922,-0.942857,0.666667
383,2,-0.652174,0,-0.138889,-0.676856,-0.692308,-0.811321,-0.464052,0.0285714,-0.666667
384,0,0.173913,0.384615,0.916667,0.0480349,-0.56044,-0.735849,0.372549,-0.771429,0.166667
385,0,-0.347826,-0.153846,-0.138889,-0.641921,-0.802198,-0.773585,-0.607843,0.257143,-0.666667
386,3,-0.0869565,0.230769,0.305556,-0.519651,-0.626374,-0.698113,-0.411765,-0.0285714,-0.5
387,1,0.130435,-0.230769,0.361111,-0.20524,-0.648352,-0.773585,-0.0326797,-0.485714,-0.166667
388,3,-0.26087,0.0769231,0.25,-0.641921,-0.758242,-0.735849,-0.477124,0.0285714,-0.666667
389,3,-0.0869565,0.0769231,0.25,1,1,0.773585,-0.437908,-0.0285714,-0.666667
390,0,0.173913,0.846154,0.861111,-0.100437,-0.648352,-0.660377,0.503268,-0.771429,0.333333
391,2,-0.434783,-0.307692,-0.305556,-0.921397,-0.934066,-0.773585,-0.477124,0.0857143,-0.666667
392,3,-0.217391,-0.615385,-0.166667,-0.510917,-0.582418,-0.132075,-0.633987,0.2,-0.833333
393,3,-0.130435,-0.153846,0.388889,-0.458515,-0.604396,-0.698113,-0.464052,0.0285714,-0.666667
394,2,-0.434783,0.0769231,-0.0277778,-0.467249,-0.538462,-0.849057,-0.45098,-0.0285714,-0.666667
395,1,-0.26087,0.230769,0.194444,-0.275109,-0.648352,-0.811321,-0.163399,-0.371429,-0.333333
396,0,0.0434783,-0.692308,0,-0.432314,-0.714286,-0.773585,-0.359477,-0.142857,-0.5
397,2,0.521739,0.846154,0.833333,-0.362445,-0.912088,-0.886792,0.882353,-1,0.833333
398,2,-0.304348,-0.384615,-0.0277778,-0.49345,-0.582418,-0.886792,-0.464052,-0.0285714,-0.666667
399,2,0.0869565,-0.615385,-0.166667,-0.283843,-0.538462,-0.849057,-0.320261,-0.257143,-0.5
400,3,-0.391304,-0.307692,-0.333333,-0.598253,-0.626374,-0.698113,-0.72549,0.371429,-0.833333
401,1,0.478261,0.538462,0.888889,-0.0480349,-0.626374,-0.622642,0.228758,-0.657143,0
402,0,-0.478261,-0.692308,0.111111,-0.528384,-0.736264,-0.773585,-0.464052,0.0285714,-0.666667
403,0,0.217391,0.461538,0.805556,-0.49345,-0.868132,-0.698113,0.30719,-0.714286,0.166667
404,3,0,-0.538462,0.0277778,-0.510917,-0.67033,-0.773585,-0.633987,0.2,-0.833333
405,0,0.304348,0.153846,0.694444,-0.126638,-0.67033,-0.622642,0.150327,-0.6,0
406,2,-0.347826,-0.461538,-0.0833333,-0.39738,-0.538462,-0.811321,-0.503268,0.0285714,-0.666667
407,0,-0.695652,-0.615385,-0.333333,-0.772926,-0.736264,-0.773585,-0.712418,0.428571,-0.833333
408,1,-0.217391,-0.615385,-0.0277778,-0.720524,-0.868132,-0.849057,-0.581699,0.2,-0.666667
409,2,-0.434783,-0.0769231,-0.138889,-0.554585,-0.582418,-0.811321,-0.555556,0.0857143,-0.666667
410,1,-0.434783,-0.615385,0.277778,-0.379913,-0.714286,-0.735849,-0.24183,-0.257143,-0.333333
411,1,-0.304348,-0.0769231,0.0277778,-0.266376,-0.626374,-0.735849,-0.359477,-0.142857,-0.5
412,0,-0.782609,-0.769231,-0.694444,-0.895197,-0.802198,-0.924528,-0.895425,0.771429,-1
413,2,-0.695652,-0.230769,-0.138889,-0.746725,-0.714286,-0.811321,-0.503268,0.0857143,-0.666667
414,0,-0.347826,-0.769231,0.0555556,-0.510917,-0.67033,-0.849057,-0.633987,0.257143,-0.833333
415,3,-0.478261,-0.0769231,0.166667,-0.746725,-0.802198,-0.660377,-0.385621,-0.0285714,-0.5
416,0,0.217391,0.538462,0.888889,-0.30131,-0.846154,-0.622642,0.359477,-0.714286,0.166667
417,2,-0.304348,-0.153846,-0.166667,-0.528384,-0.626374,-0.849057,-0.620915,0.2,-0.833333
418,2,0,-0.769231,-0.0555556,-0.310044,-0.494505,-0.849057,-0.51634,-0.0285714,-0.666667
419,2,-0.391304,-0.230769,-0.166667,-0.432314,-0.450549,-0.811321,-0.477124,0.0285714,-0.666667
420,1,-0.130435,-0.923077,-0.111111,-0.650655,-0.802198,-0.849057,-0.72549,0.371429,-0.833333
421,3,0,-0.538462,-0.5,-0.886463,-0.912088,-0.849057,-0.72549,0.485714,-0.833333
422,0,0.0869565,0.153846,0.694444,-0.20524,-0.692308,-0.660377,0.24183,-0.714286,0
423,1,-0.26087,-0.923077,-0.277778,-0.528384,-0.736264,-0.811321,-0.633987,0.2,-0.833333
424,2,-0.478261,-0.0769231,-0.166667,-0.860262,-0.846154,-0.811321,-0.51634,0.0857143,-0.666667
425,0,-0.217391,-0.384615,0.472222,-0.187773,-0.604396,-0.735849,-0.0718954,-0.428571,-0.333333
426,0,-0.304348,-0.769231,-0.194444,-0.668122,-0.78022,-0.811321,-0.699346,0.371429,-0.833333
427,0,0.434783,0.538462,0.611111,-0.135371,-0.648352,-0.660377,0.411765,-0.771429,0.333333
428,0,-0.434783,-0.615385,0.361111,-0.371179,-0.736264,-0.735849,-0.254902,-0.257143,-0.5
429,1,0.695652,0.307692,0.777778,-0.187773,-0.758242,-0.660377,0.254902,-0.657143,0.166667
430,3,-0.521739,-0.692308,-0.166667,-0.641921,-0.67033,-0.735849,-0.686275,0.257143,-0.833333
431,1,0.347826,0.538462,0.888889,-0.10917,-0.692308,-0.660377,0.372549,-0.714286,0.166667
432,2,0.130435,0.0769231,0.416667,0.0655022,-0.406593,-0.886792,0.176471,-0.657143,0
433,1,-0.521739,-0.615385,0.194444,-0.676856,-0.846154,-0.811321,-0.51634,0.0857143,-0.666667
434,2,-0.478261,-0.307692,-0.166667,-0.772926,-0.802198,-0.811321,-0.503268,0.0857143,-0.666667
435,1,0.347826,0.384615,0.805556,-0.441048,-0.846154,-0.698113,0.254902,-0.657143,0.166667
436,3,-0.478261,-0.692308,-0.222222,-0.641921,-0.714286,-0.849057,-0.764706,0.428571,-0.833333
437,3,-0.130435,-0.307692,-0.333333,-0.834061,-0.912088,-0.811321,-0.699346,0.428571,-0.833333
438,0,-0.521739,-0.461538,-0.138889,-0.764192,-0.824176,-0.811321,-0.503268,0.0857143,-0.666667
439,0,-0.217391,0.230769,0.277778,-0.20524,-0.648352,-0.773585,-0.150327,-0.371429,-0.333333
440,1,0.0869565,0.0769231,0.916667,-0.144105,-0.736264,-0.660377,0.137255,-0.542857,0
441,1,0.217391,0.384615,0.611111,-0.213974,-0.714286,-0.698113,0.0849673,-0.542857,-0.166667
442,3,-0.26087,0.0769231,-0.0833333,-0.720524,-0.758242,-0.660377,-0.359477,-0.0857143,-0.5
443,3,-0.217391,-0.769231,-0.444444,-0.80786,-0.802198,-0.849057,-0.908497,0.714286,-1
444,0,0.130435,0.307692,0.333333,-0.126638,-0.626374,-0.698113,-0.0457516,-0.485714,-0.166667
445,2,0.26087,0.538462,0.694444,0.170306,-0.450549,-0.924528,0.647059,-0.885714,0.5
446,3,-0.304348,0,-0.0555556,-0.729258,-0.736264,-0.735849,-0.411765,0.0285714,-0.5
447,1,0.217391,0.461538,0.694444,-0.187773,-0.67033,-0.735849,-0.00653595,-0.485714,-0.166667
448,0,-0.0434783,0.846154,0.777778,0.0829694,-0.406593,-0.698113,0.30719,-0.714286,0.166667
449,2,0.217391,0.538462,0.416667,-0.213974,-0.604396,-0.849057,0.202614,-0.657143,0
450,3,-0.217391,-0.538462,0.166667,-0.475983,-0.538462,-0.698113,-0.594771,0.142857,-0.666667
451,2,-0.217391,0,-0.0277778,-0.292576,-0.384615,-0.811321,-0.45098,-0.0857143,-0.666667
452,0,-0.0869565,-0.692308,-0.0555556,-0.432314,-0.736264,-0.811321,-0.346405,-0.142857,-0.5
453,0,-0.173913,-0.615385,-0.0555556,-0.353712,-0.67033,-0.735849,-0.359477,-0.142857,-0.5
454,2,-0.0434783,-0.230769,-0.138889,-0.519651,-0.626374,-0.849057,-0.568627,0.0857143,-0.666667
455,1,0.434783,0.461538,0.694444,-0.0480349,-0.626374,-0.660377,0.163399,-0.6,0
456,2,-0.652174,-0.230769,-0.222222,-0.694323,-0.67033,-0.811321,-0.51634,0.142857,-0.666667
457,3,-0.173913,-0.230769,-0.166667,-0.825328,-0.89011,-0.849057,-0.647059,0.314286,-0.833333
458,3,-0.565217,-0.0769231,-0.0833333,-0.502183,-0.538462,-0.773585,-0.607843,0.142857,-0.833333
459,0,0.304348,0.846154,0.805556,0.0218341,-0.516484,-0.660377,0.385621,-0.771429,0.166667
460,1,0.0869565,-0.307692,0.388889,-0.231441,-0.692308,-0.735849,-0.137255,-0.371429,-0.333333
461,3,-0.26087,-0.384615,-0.388889,-0.624454,-0.714286,-0.849057,-0.79085,0.485714,-0.833333
462,0,0.434783,0.461538,0.861111,-0.0655022,-0.67033,-0.773585,0.150327,-0.6,0
463,0,0.0434783,0.0769231,0.138889,-0.310044,-0.626374,-0.773585,-0.267974,-0.257143,-0.5
464,0,-0.478261,-0.461538,-0.277778,-0.851528,-0.89011,-0.924528,-0.477124,0.0285714,-0.666667
465,2,0.173913,0.230769,0.111111,-0.10917,-0.494505,-0.849057,-0.0718954,-0.485714,-0.333333
466,2,-0.608696,-0.230769,-0.138889,-0.563319,-0.538462,-0.811321,-0.503268,0.0857143,-0.666667
467,2,-0.782609,-0.230769,-0.166667,-0.624454,-0.604396,-0.773585,-0.542484,0.142857,-0.666667
468,0,0,0.615385,0.777778,-0.379913,-0.758242,-0.698113,0.346405,-0.714286,0.166667
469,1,0.391304,0.384615,0.888889,-0.152838,-0.67033,-0.660377,0.411765,-0.771429,0.333333
470,3,-0.173913,-0.461538,-0.388889,-0.650655,-0.736264,-0.773585,-0.803922,0.485714,-1
471,3,-0.217391,-0.153846,-0.277778,-0.58952,-0.648352,-0.811321,-0.673203,0.257143,-0.833333
472,0,0.347826,0.692308,0.916667,0.100437,-0.56044,-0.622642,0.385621,-0.771429,0.166667
473,2,0.391304,0.307692,0.472222,-0.39738,-0.846154,-0.924528,0.437908,-0.771429,0.333333
474,0,0.478261,0.769231,0.805556,-0.144105,-0.692308,-0.660377,0.424837,-0.771429,0.333333
475,0,-0.608696,-0.461538,-0.0833333,-0.676856,-0.78022,-0.773585,-0.464052,0.0285714,-0.666667
476,1,0.0434783,0.692308,0.777778,0.00436681,-0.472527,-0.735849,0.294118,-0.657143,0.166667
477,0,0.217391,0.692308,0.694444,-0.310044,-0.78022,-0.584906,0.477124,-0.771429,0.333333
478,3,-0.304348,0,0.0555556,-0.598253,-0.648352,-0.660377,-0.372549,-0.0285714,-0.5
479,2,-0.0869565,-0.0769231,0.361111,-0.0480349,-0.472527,-0.886792,-0.0326797,-0.485714,-0.166667
480,2,-0.434783,-0.307692,-0.333333,-0.842795,-0.846154,-0.849057,-0.529412,0.142857,-0.666667
481,1,0.347826,0.692308,0.666667,-0.152838,-0.582418,-0.698113,0.333333,-0.714286,0.166667
482,0,0.347826,0.615385,0.416667,-0.0829694,-0.56044,-0.660377,0.385621,-0.714286,0.166667
483,0,-0.0869565,0,0.0833333,-0.327511,-0.67033,-0.773585,-0.281046,-0.2,-0.5
484,3,-0.434783,-0.615385,0,-0.659389,-0.736264,-0.773585,-0.607843,0.2,-0.833333
485,3,-0.26087,0.153846,0.0555556,-0.659389,-0.714286,-0.660377,-0.359477,-0.0285714,-0.5
486,2,-0.565217,0,-0.138889,-0.545852,-0.494505,-0.849057,-0.490196,0.0285714,-0.666667
487,0,0.347826,0.846154,0.75,0.0305677,-0.450549,-0.622642,0.424837,-0.771429,0.333333
488,1,-0.130435,-0.0769231,0.138889,-0.362445,-0.626374,-0.811321,-0.372549,-0.142857,-0.5
489,0,-0.608696,-0.538462,0.277778,-0.68559,-0.846154,-0.811321,-0.464052,0.0857143,-0.666667
490,0,0.26087,0.384615,0.888889,-0.222707,-0.78022,-0.698113,0.30719,-0.714286,0.166667
491,1,0.521739,0.615385,0.916667,-0.257642,-0.78022,-0.660377,0.411765,-0.714286,0.333333
492,1,0.0434783,-0.0769231,0,-0.379913,-0.714286,-0.735849,-0.411765,-0.0857143,-0.5
493,2,-0.478261,-0.230769,-0.277778,-0.772926,-0.78022,-0.849057,-0.490196,0.0857143,-0.666667
494,0,0.26087,0.615385,0.611111,-0.362445,-0.802198,-0.698113,0.398693,-0.714286,0.333333
495,2,0.434783,0.615385,0.805556,-0.475983,-0.978022,-0.886792,0.764706,-0.942857,0.666667
496,2,-0.0869565,-0.0769231,-0.111111,-0.344978,-0.516484,-0.849057,-0.424837,-0.142857,-0.666667
497,0,0.434783,0.692308,0.611111,0.0480349,-0.538462,-0.660377,0.346405,-0.714286,0.166667
498,3,-0.0869565,-0.230769,0.166667,-0.720524,-0.846154,-0.698113,-0.437908,-0.0285714,-0.666667
499,3,-0.347826,-0.769231,-0.638889,-0.921397,-0.78022,-0.962264,-0.921569,0.771429,-1
500,0,0.26087,0.615385,0.611111,-0.449782,-0.868132,-0.698113,0.372549,-0.714286,0.166667
501,0,0.217391,0.769231,0.666667,-0.126638,-0.67033,-0.622642,0.503268,-0.771429,0.333333
502,0,0.391304,0.615385,0.555556,-0.292576,-0.78022,-0.698113,0.398693,-0.771429,0.333333
503,0,-0.434783,-0.769231,-0.277778,-0.790393,-0.78022,-0.773585,-0.751634,0.485714,-0.833333
504,1,-0.217391,-0.538462,-0.111111,-0.746725,-0.824176,-0.811321,-0.555556,0.142857,-0.666667
505,0,0.0434783,0,0.5,-0.0829694,-0.56044,-0.698113,0.0849673,-0.542857,-0.166667
506,1,0.826087,0.538462,0.666667,-0.117904,-0.626374,-0.660377,0.411765,-0.771429,0.333333
507,1,0.217391,0.384615,1,-0.152838,-0.736264,-0.660377,0.333333,-0.657143,0.166667
508,0,-0.130435,-0.846154,0.0555556,-0.49345,-0.714286,-0.773585,-0.503268,0.0857143,-0.666667
509,3,-0.0434783,0,0.444444,-0.519651,-0.648352,-0.660377,-0.372549,-0.0857143,-0.5
510,0,0.217391,0.692308,0.805556,-0.318777,-0.736264,-0.698113,0.346405,-0.714286,0.166667
511,2,-0.434783,-0.230769,-0.166667,-0.80786,-0.802198,-0.849057,-0.529412,0.142857,-0.666667
512,0,-0.347826,-0.615385,0.0277778,-0.545852,-0.802198,-0.811321,-0.333333,-0.142857,-0.5
513,0,0.304348,0.615385,0.861111,-0.257642,-0.802198,-0.660377,0.45098,-0.771429,0.333333
514,1,-0.0434783,-0.692308,-0.138889,-0.414847,-0.692308,-0.735849,-0.411765,-0.0285714,-0.5
515,3,-0.304348,-0.615385,-0.0555556,-0.703057,-0.736264,-0.811321,-0.686275,0.314286,-0.833333
516,0,-0.869565,-0.615385,-0.5,-0.816594,-0.758242,-0.886792,-0.72549,0.428571,-0.833333
517,0,-0.173913,-0.307692,-0.0277778,-0.406114,-0.714286,-0.773585,-0.542484,0.0857143,-0.666667
518,1,0.478261,0.615385,0.888889,0.0829694,-0.538462,-0.622642,0.385621,-0.714286,0.333333
519,1,-0.478261,-0.461538,-0.0277778,-0.71179,-0.802198,-0.811321,-0.477124,0.0285714,-0.666667
520,3,-0.347826,-0.538462,0,-0.554585,-0.67033,-0.773585,-0.673203,0.257143,-0.833333
521,1,-0.304348,-0.461538,0.361111,-0.388646,-0.758242,-0.773585,-0.150327,-0.371429,-0.333333
522,3,-0.130435,-0.461538,-0.0833333,-0.694323,-0.758242,-0.849057,-0.686275,0.314286,-0.833333
523,1,-0.304348,-0.769231,-0.194444,-0.49345,-0.648352,-0.849057,-0.633987,0.257143,-0.833333
524,3,-0.26087,-0.230769,0.138889,0.10917,0.0989011,0.660377,-0.503268,0.0857143,-0.666667
525,0,0.391304,0.461538,0.861111,-0.100437,-0.714286,-0.660377,0.385621,-0.714286,0.166667
526,1,-0.173913,-0.0769231,0,-0.49345,-0.78022,-0.811321,-0.385621,-0.142857,-0.5
527,1,0.0434783,-0.153846,0.527778,-0.144105,-0.582418,-0.735849,-0.00653595,-0.485714,-0.166667
528,0,0.565217,0.230769,0.75,-0.283843,-0.78022,-0.660377,0.228758,-0.657143,0
529,2,-0.0434783,0.0769231,-0.0833333,-0.20524,-0.494505,-0.811321,-0.281046,-0.314286,-0.5
530,2,-0.434783,-0.230769,-0.416667,-0.868996,-0.868132,-0.773585,-0.503268,0.142857,-0.666667
531,1,-0.347826,0.153846,0.388889,-0.353712,-0.714286,-0.773585,-0.176471,-0.314286,-0.333333
532,2,0.478261,0.692308,0.75,-0.449782,-0.956044,-0.811321,0.830065,-0.942857,0.833333
533,1,0.347826,0.230769,0.805556,-0.0829694,-0.692308,-0.660377,0.24183,-0.657143,0.166667
534,3,-0.304348,-0.384615,-0.361111,-0.737991,-0.736264,-0.849057,-0.856209,0.657143,-1
535,3,-0.26087,-0.538462,-0.527778,-0.912664,-0.978022,-0.811321,-0.699346,0.428571,-0.833333
536,3,0.0869565,-0.153846,0.333333,-0.371179,-0.56044,-0.698113,-0.398693,-0.0285714,-0.5
537,1,0.26087,0.692308,0.694444,-0.0480349,-0.56044,-0.622642,0.437908,-0.771429,0.333333
538,3,-0.434783,-0.461538,-0.277778,-0.694323,-0.736264,-0.811321,-0.869281,0.6,-1
539,0,0.217391,0.230769,0.75,-0.0567686,-0.56044,-0.698113,0.163399,-0.6,0
540,2,0.565217,0.692308,0.555556,-0.240175,-0.78022,-0.849057,0.686275,-0.885714,0.5
541,2,-0.173913,-0.0769231,-0.0555556,-0.275109,-0.406593,-0.811321,-0.411765,-0.142857,-0.666667
542,3,-0.347826,-0.923077,-0.5,-0.68559,-0.736264,-0.849057,-0.803922,0.485714,-0.833333
543,1,-0.130435,-0.538462,0.277778,-0.336245,-0.736264,-0.735849,-0.281046,-0.257143,-0.5
544,1,0,-0.692308,-0.0555556,-0.275109,-0.538462,-0.773585,-0.385621,-0.0857143,-0.5
545,2,-0.347826,-0.230769,-0.166667,-0.362445,-0.406593,-0.358491,-0.477124,0.0285714,-0.666667
546,3,-0.347826,-0.153846,0.222222,-0.729258,-0.824176,-0.622642,-0.437908,0.0285714,-0.5
547,3,-0.173913,-0.461538,-0.277778,-0.938865,-0.978022,-0.811321,-0.647059,0.371429,-0.666667
548,2,-0.347826,-0.153846,-0.166667,-0.58952,-0.692308,-0.773585,-0.594771,0.142857,-0.833333
549,2,-0.0869565,-0.538462,-0.0277778,-0.30131,-0.450549,-0.773585,-0.437908,-0.0857143,-0.666667
550,1,0.478261,0.384615,0.75,-0.318777,-0.802198,-0.660377,0.320261,-0.714286,0.166667
551,3,-0.434783,-0.615385,-0.5,-0.868996,-0.802198,-0.924528,-0.921569,0.771429,-1
552,0,-0.73913,-0.538462,-0.111111,-0.799127,-0.868132,-0.735849,-0.607843,0.257143,-0.666667
553,1,-0.26087,-0.538462,0.361111,-0.327511,-0.67033,-0.773585,-0.176471,-0.314286,-0.333333
554,2,-0.434783,-0.0769231,-0.277778,-0.80786,-0.78022,-0.773585,-0.529412,0.142857,-0.666667
555,1,0.73913,0.153846,0.611111,-0.0917031,-0.67033,-0.735849,0.189542,-0.6,0
556,0,-0.391304,0.230769,0.277778,-0.248908,-0.626374,-0.735849,-0.150327,-0.371429,-0.333333
557,2,0.521739,0.769231,0.722222,0.240175,-0.384615,-0.849057,0.660131,-0.885714,0.5
558,1,-0.434783,-0.461538,-0.277778,-0.703057,-0.736264,-0.924528,-0.673203,0.314286,-0.833333
559,2,-0.478261,-0.230769,-0.277778,-0.851528,-0.846154,-0.811321,-0.503268,0.142857,-0.666667
560,1,0.217391,0.769231,0.694444,0.10917,-0.450549,-0.698113,0.372549,-0.714286,0.166667
561,0,0.391304,0.692308,0.555556,-0.327511,-0.802198,-0.735849,0.398693,-0.771429,0.333333
562,0,-0.347826,-0.538462,0.333333,-0.213974,-0.516484,-0.773585,-0.267974,-0.2,-0.5
563,1,0.73913,0.538462,0.472222,-0.187773,-0.67033,-0.660377,0.359477,-0.714286,0.166667
564,0,-0.304348,-0.307692,-0.0277778,-0.68559,-0.824176,-0.849057,-0.568627,0.142857,-0.666667
565,2,0.0869565,-0.846154,-0.166667,-0.318777,-0.538462,-0.886792,-0.437908,-0.142857,-0.666667
566,1,0.217391,0.153846,0.25,-0.240175,-0.714286,-0.660377,-0.176471,-0.314286,-0.333333
567,1,0.521739,0.615385,0.75,-0.0567686,-0.604396,-0.660377,0.254902,-0.657143,0.166667
568,1,-0.217391,-0.461538,0.194444,-0.458515,-0.714286,-0.773585,-0.372549,-0.142857,-0.5
569,2,-0.434783,-0.230769,-0.194444,-0.834061,-0.846154,-0.849057,-0.503268,0.142857,-0.666667
570,3,0.0434783,-0.846154,-0.277778,-0.58952,-0.626374,-0.773585,-0.79085,0.485714,-0.833333
571,1,0.391304,0.538462,0.888889,-0.10917,-0.648352,-0.622642,0.437908,-0.714286,0.333333
572,1,-0.0869565,-0.230769,-0.194444,-0.502183,-0.736264,-0.811321,-0.477124,-0.0285714,-0.666667
573,3,0,-0.0769231,0.305556,-0.432314,-0.56044,-0.698113,-0.45098,0.0285714,-0.666667
574,3,-0.304348,0.0769231,0.111111,-0.764192,-0.846154,-0.660377,-0.372549,-0.0285714,-0.5
575,0,0.347826,0.692308,0.805556,-0.0218341,-0.538462,-0.660377,0.215686,-0.657143,0
576,1,0.565217,0.615385,0.75,0.0131004,-0.582418,-0.660377,0.333333,-0.714286,0.166667
577,1,0.565217,0.538462,0.75,-0.0742358,-0.648352,-0.660377,0.398693,-0.771429,0.333333
578,0,0.130435,0.615385,0.666667,-0.170306,-0.67033,-0.735849,0.150327,-0.6,0
579,0,-0.173913,0,0.166667,-0.423581,-0.758242,-0.773585,-0.30719,-0.2,-0.5
580,0,-0.521739,-0.615385,-0.277778,-0.703057,-0.67033,-0.849057,-0.816993,0.6,-0.833333
581,2,-0.478261,-0.307692,-0.277778,-0.860262,-0.868132,-0.811321,-0.51634,0.0857143,-0.666667
582,3,-0.304348,-0.769231,-0.222222,-0.676856,-0.736264,-0.773585,-0.647059,0.2,-0.833333
583,1,0.521739,0.538462,0.777778,-0.327511,-0.802198,-0.660377,0.411765,-0.714286,0.333333
584,1,0.347826,0.615385,0.694444,-0.187773,-0.626374,-0.660377,0.320261,-0.714286,0.166667
585,2,0.173913,0.384615,0.361111,-0.170306,-0.604396,-0.849057,0.163399,-0.657143,0
586,3,-0.478261,-0.846154,-0.333333,-0.781659,-0.78022,-0.849057,-0.947712,0.771429,-1
587,0,0.0869565,0.692308,0.888889,-0.441048,-0.868132,-0.660377,0.464052,-0.771429,0.333333
588,0,-0.521739,-0.615385,-0.0555556,-0.703057,-0.78022,-0.773585,-0.647059,0.314286,-0.833333
589,0,-0.304348,-0.615385,0.0555556,-0.572052,-0.692308,-0.811321,-0.555556,0.142857,-0.666667
590,0,0.347826,0.692308,0.805556,0.0393013,-0.494505,-0.698113,0.45098,-0.771429,0.333333
591,2,-0.521739,-0.153846,-0.305556,-0.790393,-0.824176,-0.773585,-0.503268,0.142857,-0.666667
592,0,-0.695652,-0.769231,-0.194444,-0.799127,-0.802198,-0.811321,-0.79085,0.542857,-0.833333
593,2,-0.73913,-0.230769,-0.111111,-0.676856,-0.67033,-0.773585,-0.464052,0.0285714,-0.666667
594,1,-0.304348,-0.230769,0.0277778,-0.624454,-0.846154,-0.773585,-0.581699,0.142857,-0.666667
595,3,-0.565217,-0.461538,-0.472222,-0.895197,-0.868132,-0.811321,-0.738562,0.485714,-0.833333
596,0,-0.304348,0.307692,0.194444,-0.20524,-0.604396,-0.849057,-0.137255,-0.371429,-0.333333
597,0,-0.26087,-0.461538,0.194444,-0.353712,-0.692308,-0.773585,-0.137255,-0.371429,-0.333333
598,3,-0.347826,-0.307692,-0.277778,-0.746725,-0.78022,-0.849057,-0.856209,0.6,-1
599,2,0,-0.230769,0.166667,-0.502183,-0.824176,-0.886792,-0.0326797,-0.542857,-0.166667
600,1,-0.130435,-0.538462,-0.361111,-0.633188,-0.758242,-0.811321,-0.79085,0.485714,-0.833333
601,2,0.0869565,0,0.0277778,-0.170306,-0.472527,-0.811321,-0.294118,-0.257143,-0.5
602,3,-0.130435,-0.538462,0.0555556,-0.475983,-0.582418,-0.773585,-0.647059,0.257143,-0.833333
603,0,0.173913,0.384615,0.916667,0.10917,-0.494505,-0.660377,0.411765,-0.771429,0.333333
604,1,-0.26087,-0.769231,0.25,-0.30131,-0.626374,-0.849057,-0.372549,-0.142857,-0.5
605,0,-0.347826,-0.461538,0.0833333,-0.310044,-0.67033,-0.811321,-0.163399,-0.314286,-0.333333
606,1,0.0434783,0.538462,0.805556,0.0567686,-0.472527,-0.622642,0.424837,-0.771429,0.333333
607,3,-0.521739,-0.692308,-0.166667,-0.598253,-0.692308,-0.811321,-0.673203,0.314286,-0.833333
608,3,-0.434783,-0.538462,-0.388889,-0.781659,-0.736264,-0.849057,-0.947712,0.771429,-1
609,0,-0.478261,-0.615385,-0.111111,-0.772926,-0.868132,-0.735849,-0.712418,0.428571,-0.833333
610,2,-0.391304,-0.307692,-0.444444,-0.895197,-0.912088,-0.849057,-0.503268,0.142857,-0.666667
611,0,0.304348,0.769231,0.805556,-0.310044,-0.736264,-0.698113,0.281046,-0.657143,0.166667
612,3,-0.26087,0.230769,0.25,-0.676856,-0.78022,-0.660377,-0.385621,-0.0285714,-0.5
613,0,-0.695652,-0.923077,-0.944444,-0.947598,-0.78022,-0.962264,-0.973856,0.885714,-1
614,2,-0.173913,-0.692308,-0.0277778,-0.240175,-0.472527,-0.849057,-0.359477,-0.2,-0.5
615,1,-0.478261,-1,-0.722222,-1,-0.868132,-0.924528,-0.960784,0.885714,-1
616,0,-0.347826,-0.923077,-0.194444,-0.580786,-0.78022,-0.886792,-0.660131,0.257143,-0.833333
617,0,-0.173913,-0.307692,-0.194444,-0.572052,-0.758242,-0.773585,-0.633987,0.257143,-0.833333
618,3,-0.565217,-0.692308,-0.75,-0.930131,-0.824176,-0.886792,-0.869281,0.657143,-1
619,3,0.0869565,-0.538462,-0.222222,-0.720524,-0.802198,-0.773585,-0.751634,0.485714,-0.833333
620,0,0.0434783,0.692308,0.555556,-0.423581,-0.846154,-0.698113,0.359477,-0.714286,0.166667
621,1,0.521739,0.769231,0.75,0.135371,-0.428571,-0.698113,0.424837,-0.771429,0.333333
622,3,-0.26087,0.153846,0.138889,-0.650655,-0.714286,-0.735849,-0.503268,0.0285714,-0.666667
623,1,0,-0.461538,0.666667,-0.353712,-0.758242,-0.773585,-0.0980392,-0.371429,-0.333333
624,1,0.434783,0.461538,0.888889,-0.100437,-0.626374,-0.622642,0.424837,-0.714286,0.333333
625,1,-0.521739,-0.769231,-0.0277778,-0.720524,-0.824176,-0.849057,-0.633987,0.257143,-0.833333
626,1,0.347826,0.538462,0.694444,-0.248908,-0.648352,-0.698113,0.320261,-0.657143,0.166667
627,2,-0.565217,-0.153846,-0.166667,-0.458515,-0.516484,-0.886792,-0.594771,0.142857,-0.833333
628,2,-0.347826,-0.153846,-0.138889,-0.467249,-0.494505,-0.811321,-0.581699,0.142857,-0.666667
629,2,0.0869565,0.384615,0.222222,-0.100437,-0.450549,-0.811321,-0.0588235,-0.485714,-0.333333
630,3,-0.26087,-0.307692,-0.361111,-0.650655,-0.736264,-0.811321,-0.751634,0.371429,-0.833333
631,1,-0.434783,-0.461538,-0.361111,-0.729258,-0.802198,-0.886792,-0.72549,0.371429,-0.833333
632,0,0.304348,0.230769,0.861111,-0.344978,-0.846154,-0.622642,0.254902,-0.657143,0.166667
633,2,-0.434783,-0.153846,-0.166667,-0.68559,-0.626374,-0.849057,-0.529412,0.0857143,-0.666667
634,0,0.26087,0.461538,0.694444,-0.0480349,-0.626374,-0.698113,0.189542,-0.6,0
635,0,-0.652174,-0.615385,-0.638889,-0.834061,-0.758242,-0.849057,-0.712418,0.428571,-0.833333
636,3,0.0434783,-0.384615,-0.388889,-0.746725,-0.802198,-0.811321,-0.764706,0.485714,-0.833333
637,1,0,-0.384615,-0.194444,-0.572052,-0.802198,-0.811321,-0.620915,0.2,-0.833333
638,2,-0.434783,-0.153846,-0.305556,-0.781659,-0.802198,-0.849057,-0.477124,0.0857143,-0.666667
639,2,0.0434783,0.230769,0,-0.135371,-0.428571,-0.811321,-0.137255,-0.428571,-0.333333
640,0,0.521739,0.692308,0.805556,0.100437,-0.538462,-0.660377,0.385621,-0.771429,0.166667
641,0,-0.217391,0.461538,0.611111,-0.196507,-0.67033,-0.735849,0.0588235,-0.542857,-0.166667
642,2,-0.521739,-0.230769,0,-0.336245,-0.384615,-0.811321,-0.437908,-0.0285714,-0.666667
643,1,-0.0434783,0,0.777778,-0.0917031,-0.582418,-0.735849,0.0326797,-0.485714,-0.166667
644,2,-0.0434783,-0.230769,0.194444,-0.179039,-0.516484,-0.849057,-0.150327,-0.428571,-0.333333
645,3,0,0,0.333333,-0.510917,-0.626374,-0.735849,-0.490196,0.0285714,-0.666667
646,0,-0.434783,-0.153846,0.0277778,-0.554585,-0.714286,-0.811321,-0.477124,0.0285714,-0.666667
647,2,-0.26087,-0.615385,0.0833333,-0.292576,-0.516484,-0.849057,-0.372549,-0.2,-0.5
648,1,-0.478261,-0.615385,-0.0277778,-0.755459,-0.846154,-0.811321,-0.542484,0.142857,-0.666667
649,1,0.391304,0.538462,0.805556,-0.30131,-0.78022,-0.660377,0.294118,-0.714286,0.166667
650,1,-0.304348,-0.615385,0.0277778,-0.502183,-0.67033,-0.811321,-0.51634,0.0857143,-0.666667
651,1,0.0869565,0.692308,0.777778,-0.0480349,-0.56044,-0.735849,0.228758,-0.657143,0
652,1,-0.478261,-0.461538,-0.277778,-0.720524,-0.758242,-0.849057,-0.607843,0.257143,-0.666667
653,0,0.0434783,-0.692308,0.0555556,-0.327511,-0.67033,-0.773585,-0.359477,-0.142857,-0.5
654,0,0.0434783,-0.384615,0.444444,-0.187773,-0.648352,-0.698113,-0.124183,-0.371429,-0.333333
655,1,0.173913,0.0769231,0.333333,-0.248908,-0.714286,-0.698113,-0.228758,-0.314286,-0.333333
656,3,-0.434783,-0.846154,-0.888889,-0.947598,-0.846154,-1,-0.908497,0.771429,-1
657,2,-0.521739,-0.307692,0,-0.545852,-0.626374,-0.811321,-0.490196,0.0285714,-0.666667
658,3,-0.304348,-0.0769231,0.25,-0.606987,-0.736264,-0.660377,-0.398693,-0.0285714,-0.5
659,3,-0.217391,-0.538462,0.0277778,-0.572052,-0.736264,-0.773585,-0.647059,0.257143,-0.833333
660,1,0,0.307692,0.5,-0.0305677,-0.56044,-0.735849,-0.0196078,-0.485714,-0.166667
661,3,-0.347826,-0.846154,-0.444444,-0.659389,-0.736264,-0.811321,-0.79085,0.485714,-0.833333
662,1,0.608696,0,0.666667,-0.187773,-0.692308,-0.735849,0.0588235,-0.542857,-0.166667
663,1,-0.391304,-0.384615,-0.277778,-0.68559,-0.758242,-0.849057,-0.529412,0.142857,-0.666667
664,1,-0.304348,0.0769231,0.194444,-0.432314,-0.692308,-0.773585,-0.320261,-0.2,-0.5
665,3,-0.26087,-0.230769,-0.111111,-0.537118,-0.626374,-0.773585,-0.686275,0.314286,-0.833333
666,3,-0.26087,0.0769231,0.25,-0.502183,-0.626374,-0.698113,-0.333333,-0.0857143,-0.5
667,0,0.26087,-0.230769,0.555556,-0.187773,-0.648352,-0.698113,-0.0457516,-0.428571,-0.166667
668,1,0.608696,0.538462,0.777778,0.0393013,-0.582418,-0.698113,0.294118,-0.657143,0.166667
669,3,-0.0869565,0,0.416667,-0.379913,-0.494505,-0.622642,-0.411765,-0.0285714,-0.5
670,2,-0.478261,-0.153846,-0.277778,-0.816594,-0.758242,-0.849057,-0.529412,0.0857143,-0.666667
671,0,-0.0434783,0.384615,0.555556,-0.196507,-0.648352,-0.735849,0.0196078,-0.485714,-0.166667
672,0,0.304348,-0.384615,0.194444,-0.213974,-0.648352,-0.735849,-0.176471,-0.314286,-0.333333
673,2,0.0434783,0.0769231,0.333333,-0.310044,-0.714286,-0.811321,0.111111,-0.6,0
674,0,-0.217391,-0.846154,-0.277778,-0.519651,-0.736264,-0.811321,-0.542484,0.0857143,-0.666667
675,1,-0.173913,-0.692308,0.111111,-0.336245,-0.56044,-0.773585,-0.45098,-0.0285714,-0.666667
676,0,0.173913,0.923077,0.916667,0.100437,-0.494505,-0.660377,0.490196,-0.771429,0.333333
677,2,-0.608696,-0.230769,-0.0833333,-0.528384,-0.538462,-0.811321,-0.490196,0.0285714,-0.666667
678,2,0.391304,0.384615,0.111111,-0.100437,-0.472527,-0.849057,0.0849673,-0.6,-0.166667
679,2,-0.434783,-0.0769231,-0.166667,-0.842795,-0.802198,-0.811321,-0.529412,0.0857143,-0.666667
680,2,-0.304348,-0.384615,0,-0.310044,-0.428571,-0.811321,-0.411765,-0.0857143,-0.666667
681,3,-0.0434783,0,0,-0.49345,-0.582418,-0.660377,-0.346405,-0.0857143,-0.5
682,2,0,0,-0.166667,-0.213974,-0.494505,-0.849057,-0.281046,-0.257143,-0.5
683,3,-0.26087,0,-0.0833333,-0.71179,-0.758242,-0.660377,-0.359477,-0.0285714,-0.5
684,2,0.608696,0.769231,0.916667,-0.170306,-0.78022,-0.886792,0.816993,-0.942857,0.666667
685,2,0.130435,-0.615385,-0.0555556,-0.30131,-0.582418,-0.849057,-0.320261,-0.257143,-0.5
686,2,-0.478261,-0.307692,-0.277778,-0.860262,-0.868132,-0.811321,-0.51634,0.142857,-0.666667
687,0,-0.347826,-0.461538,-0.194444,-0.633188,-0.736264,-0.811321,-0.764706,0.428571,-0.833333
688,2,0.434783,0.846154,0.861111,0.144105,-0.56044,-0.849057,0.960784,-1,0.833333
689,1,-0.304348,-0.846154,-0.666667,-0.851528,-0.78022,-0.924528,-0.869281,0.657143,-1
690,1,0.391304,0.384615,0.805556,-0.187773,-0.714286,-0.660377,0.0326797,-0.485714,-0.166667
691,1,-0.0869565,-0.461538,0.25,-0.283843,-0.67033,-0.735849,-0.254902,-0.257143,-0.5
692,2,-0.434783,-0.0769231,-0.138889,-0.423581,-0.494505,-0.849057,-0.555556,0.0857143,-0.666667
693,1,0.521739,0.384615,0.666667,-0.10917,-0.648352,-0.698113,0.0980392,-0.542857,0
694,3,-0.26087,0,-0.0277778,-0.746725,-0.824176,-0.660377,-0.372549,-0.0285714,-0.5
695,1,0.173913,-0.230769,0.444444,-0.187773,-0.67033,-0.698113,-0.111111,-0.428571,-0.333333
696,3,-0.173913,-0.384615,-0.277778,-0.816594,-0.89011,-0.811321,-0.647059,0.371429,-0.833333
697,1,-0.304348,-0.615385,0.166667,-0.545852,-0.736264,-0.773585,-0.464052,-0.0285714,-0.666667
698,2,-0.173913,-0.692308,-0.0277778,-0.30131,-0.494505,-0.849057,-0.45098,-0.0857143,-0.666667
699,2,-0.565217,-0.307692,-0.138889,-0.580786,-0.626374,-0.811321,-0.51634,0.0857143,-0.666667
700,0,-0.130435,0.0769231,0.194444,-0.467249,-0.714286,-0.811321,-0.281046,-0.2,-0.5
701,0,0.434783,0.538462,0.611111,-0.231441,-0.758242,-0.660377,0.372549,-0.714286,0.166667
702,1,0.521739,0.230769,0.75,-0.161572,-0.67033,-0.698113,0.228758,-0.657143,0
703,0,0,0.153846,0.194444,-0.362445,-0.736264,-0.773585,-0.228758,-0.257143,-0.333333
704,3,-0.130435,-0.230769,0.0555556,-0.49345,-0.626374,-0.773585,-0.673203,0.257143,-0.833333
705,0,0.130435,0.461538,0.777778,-0.362445,-0.824176,-0.698113,0.281046,-0.657143,0.166667
706,1,0.608696,0.615385,0.722222,-0.152838,-0.626374,-0.660377,0.320261,-0.714286,0.166667
707,3,-0.608696,-0.230769,-0.166667,0.275109,0.274725,1,-0.647059,0.257143,-0.833333
708,3,-0.173913,-0.846154,-0.5,-0.720524,-0.758242,-0.849057,-0.869281,0.657143,-1
709,3,-0.0869565,0.230769,0.166667,-0.71179,-0.802198,-0.698113,-0.385621,-0.0285714,-0.5
710,0,-0.0434783,-0.307692,0.555556,-0.187773,-0.604396,-0.735849,-0.137255,-0.371429,-0.333333
711,2,0.26087,0.615385,0.611111,-0.152838,-0.692308,-0.849057,0.477124,-0.828571,0.333333
712,1,0.173913,0.615385,0.722222,-0.10917,-0.604396,-0.698113,0.124183,-0.6,0
713,1,0.391304,-0.0769231,0.666667,-0.20524,-0.692308,-0.698113,0.124183,-0.6,0
714,1,0.478261,0.538462,0.888889,-0.0655022,-0.648352,-0.660377,0.398693,-0.714286,0.333333
715,2,-0.0869565,-0.153846,-0.166667,-0.283843,-0.450549,-0.773585,-0.464052,-0.0857143,-0.666667
716,0,0.173913,0.461538,0.916667,0.0567686,-0.538462,-0.698113,0.437908,-0.771429,0.333333
717,1,0.0434783,-0.384615,0.333333,-0.30131,-0.736264,-0.735849,-0.176471,-0.314286,-0.333333
718,2,0,0,-0.0555556,-0.144105,-0.406593,-0.886792,-0.333333,-0.257143,-0.5
719,0,0.347826,0.461538,0.944444,-0.406114,-0.868132,-0.698113,0.398693,-0.771429,0.333333
720,1,0.347826,0.538462,0.694444,-0.170306,-0.604396,-0.660377,0.320261,-0.714286,0.166667
721,0,-0.217391,-0.615385,0,-0.406114,-0.692308,-0.773585,-0.281046,-0.2,-0.5
722,1,0.391304,0.615385,0.888889,0.135371,-0.494505,-0.622642,0.346405,-0.714286,0.166667
723,3,-0.0869565,-0.0769231,0.25,-0.484716,-0.538462,-0.698113,-0.411765,0.0285714,-0.5
724,0,0.391304,0,0.666667,-0.20524,-0.692308,-0.735849,0.0588235,-0.542857,-0.166667
725,3,-0.0869565,-0.0769231,0.25,-0.510917,-0.648352,-0.698113,-0.398693,-0.0285714,-0.5
726,3,-0.217391,-0.692308,0,-0.703057,-0.824176,-0.773585,-0.738562,0.428571,-0.833333
727,1,0.26087,0.153846,0.805556,-0.0393013,-0.626374,-0.698113,0.163399,-0.6,0
728,2,0,-0.153846,-0.222222,-0.248908,-0.494505,-0.811321,-0.437908,-0.142857,-0.666667
729,0,-0.478261,-0.769231,-0.111111,-0.799127,-0.802198,-0.811321,-0.803922,0.6,-0.833333
730,0,0.304348,0.153846,0.555556,0.117904,-0.472527,-0.698113,0.215686,-0.657143,0
731,0,0.217391,0.692308,0.861111,-0.161572,-0.692308,-0.660377,0.477124,-0.771429,0.333333
732,2,0.304348,0.461538,0.75,-0.423581,-0.89011,-0.811321,0.620915,-0.885714,0.5
733,3,-0.478261,-0.0769231,-0.0833333,-0.449782,-0.516484,-0.773585,-0.594771,0.142857,-0.833333
734,2,0.782609,0.846154,0.722222,-0.327511,-0.89011,-0.849057,0.895425,-1,0.833333
735,3,-0.347826,-0.461538,-0.583333,-0.912664,-0.868132,-0.811321,-0.738562,0.542857,-0.833333
736,0,-0.434783,-0.692308,0.0277778,-0.650655,-0.846154,-0.811321,-0.45098,-0.0285714,-0.666667
737,1,0.26087,0.384615,0.777778,-0.0131004,-0.56044,-0.698113,0.202614,-0.657143,0
738,2,0.391304,0.384615,0.472222,-0.510917,-0.912088,-0.811321,0.372549,-0.771429,0.166667
739,2,0.173913,0.307692,0.611111,-0.126638,-0.648352,-0.849057,0.385621,-0.771429,0.166667
740,3,0,-0.153846,0.25,-0.458515,-0.582418,-0.698113,-0.437908,-0.0285714,-0.666667
741,1,0.565217,0.461538,0.777778,-0.170306,-0.714286,-0.622642,0.346405,-0.714286,0.166667
742,2,-0.391304,-0.538462,-0.0555556,-0.467249,-0.582418,-0.849057,-0.568627,0.0857143,-0.666667
743,0,-0.26087,-0.384615,0.0555556,-0.641921,-0.824176,-0.811321,-0.660131,0.257143,-0.833333
744,1,0.0869565,0.153846,0.694444,-0.135371,-0.604396,-0.735849,0.111111,-0.6,0
745,3,0,0,0.333333,-0.388646,-0.538462,-0.698113,-0.437908,-0.0285714,-0.666667
746,2,-0.478261,-0.230769,-0.194444,-0.676856,-0.67033,-0.811321,-0.477124,0.0285714,-0.666667
747,3,-0.217391,-0.307692,-0.277778,-0.668122,-0.758242,-0.735849,-0.712418,0.371429,-0.833333
748,2,-0.695652,-0.230769,-0.222222,-0.834061,-0.868132,-0.811321,-0.503268,0.142857,-0.666667
749,3,-0.130435,0,0.25,-0.432314,-0.582418,-0.735849,-0.490196,0.0285714,-0.666667
750,1,-0.130435,0.384615,0.388889,-0.0829694,-0.516484,-0.773585,-0.0718954,-0.428571,-0.166667
751,1,0,-0.461538,0.0555556,-0.423581,-0.758242,-0.811321,-0.189542,-0.314286,-0.333333
752,3,-0.478261,-0.769231,-0.694444,-0.90393,-0.802198,-0.886792,-0.908497,0.771429,-1
753,2,0.173913,-0.769231,-0.0833333,-0.170306,-0.428571,-0.849057,-0.346405,-0.2,-0.5
754,1,-0.217391,-0.769231,-0.111111,-0.49345,-0.714286,-0.773585,-0.503268,0.0285714,-0.666667
755,3,-0.217391,-0.384615,-0.333333,-0.615721,-0.692308,-0.773585,-0.777778,0.428571,-0.833333
756,3,-0.434783,-0.538462,-0.5,-0.816594,-0.824176,-0.886792,-0.934641,0.771429,-1
757,1,-0.0434783,0.538462,0.527778,-0.144105,-0.604396,-0.698113,0.0588235,-0.542857,-0.166667
758,1,-0.217391,-0.230769,-0.111111,-0.668122,-0.802198,-0.811321,-0.51634,0.0857143,-0.666667
759,2,-0.652174,-0.0769231,-0.222222,-0.71179,-0.714286,-0.811321,-0.477124,0.0857143,-0.666667
760,3,-0.0869565,0.307692,0.222222,-0.703057,-0.78022,-0.698113,-0.424837,0.0285714,-0.5
761,0,0.478261,-0.0769231,0.444444,-0.187773,-0.67033,-0.698113,-0.00653595,-0.485714,-0.166667
762,1,0.826087,0.384615,0.666667,-0.152838,-0.714286,-0.622642,0.0980392,-0.542857,0
763,3,-0.26087,-0.153846,-0.194444,-0.580786,-0.626374,-0.811321,-0.699346,0.314286,-0.833333
764,0,0.26087,0.461538,0.611111,0.0567686,-0.472527,-0.698113,0.333333,-0.714286,0.166667
765,1,0.304348,0.538462,0.833333,-0.406114,-0.824176,-0.698113,0.30719,-0.657143,0.166667
766,2,-0.521739,-0.230769,-0.166667,-0.834061,-0.846154,-0.773585,-0.490196,0.0857143,-0.666667
767,1,0.0869565,-0.615385,0.0555556,-0.240175,-0.604396,-0.773585,-0.254902,-0.257143,-0.5
768,2,-0.347826,-0.538462,-0.166667,-0.458515,-0.582418,-0.811321,-0.529412,0.0285714,-0.666667
769,0,-0.217391,0,0.694444,-0.170306,-0.604396,-0.735849,0.0980392,-0.542857,0
770,1,-0.217391,-0.769231,0.194444,-0.49345,-0.692308,-0.773585,-0.607843,0.2,-0.666667
771,2,-0.695652,-0.153846,-0.222222,-0.860262,-0.868132,-0.773585,-0.490196,0.0857143,-0.666667
772,0,0.0434783,0.153846,0.805556,-0.0567686,-0.626374,-0.660377,0.163399,-0.6,0
773,0,-0.173913,0.461538,0.472222,-0.126638,-0.56044,-0.735849,0.00653595,-0.485714,-0.166667
774,2,-0.391304,-0.307692,-0.166667,-0.694323,-0.736264,-0.811321,-0.51634,0.0857143,-0.666667
775,3,-0.0869565,-0.692308,-0.111111,-0.633188,-0.714286,-0.735849,-0.72549,0.371429,-0.833333
776,2,0.0434783,-0.615385,-0.0277778,-0.266376,-0.538462,-0.849057,-0.228758,-0.371429,-0.5
777,1,0,-0.0769231,0.694444,-0.152838,-0.582418,-0.735849,0.0457516,-0.542857,-0.166667
778,2,0.434783,0.538462,0.611111,-0.563319,-1,-0.924528,0.633987,-0.885714,0.5
779,1,0.652174,0.307692,0.75,-0.170306,-0.714286,-0.660377,0.294118,-0.714286,0.166667
780,3,0,-0.538462,-0.333333,-0.938865,-0.978022,-0.773585,-0.712418,0.485714,-0.833333
781,1,0.565217,0.0769231,0.555556,-0.10917,-0.626374,-0.735849,0.124183,-0.6,0
782,3,-0.347826,-0.307692,-0.333333,-0.58952,-0.67033,-0.773585,-0.764706,0.428571,-0.833333
783,0,-0.391304,-0.153846,0.611111,-0.0655022,-0.494505,-0.698113,0.00653595,-0.485714,-0.166667
784,1,0.478261,0.615385,0.555556,-0.152838,-0.67033,-0.622642,0.385621,-0.714286,0.166667
785,3,-0.391304,-0.692308,-0.666667,-0.895197,-0.846154,-0.849057,-0.960784,0.828571,-1
786,2,-0.478261,-0.230769,-0.277778,-0.834061,-0.802198,-0.849057,-0.529412,0.142857,-0.666667
787,1,0.478261,0.692308,0.75,-0.0480349,-0.538462,-0.660377,0.398693,-0.771429,0.333333
788,3,-0.130435,-0.692308,-0.166667,-0.80786,-0.89011,-0.735849,-0.803922,0.542857,-0.833333
789,1,0.826087,0.461538,0.666667,-0.135371,-0.67033,-0.698113,0.372549,-0.714286,0.166667
790,1,-0.26087,-0.538462,0.25,-0.510917,-0.736264,-0.811321,-0.333333,-0.142857,-0.5
791,2,-0.478261,-0.230769,-0.277778,-0.860262,-0.846154,-0.886792,-0.529412,0.142857,-0.666667
792,3,-0.434783,-0.230769,-0.222222,-0.598253,-0.626374,-0.735849,-0.660131,0.257143,-0.833333
793,0,0.173913,0.384615,0.777778,-0.484716,-0.89011,-0.698113,0.228758,-0.657143,0
794,2,0.0869565,0,0.333333,-0.240175,-0.648352,-0.849057,0.0457516,-0.542857,-0.166667
795,2,-0.391304,-0.384615,0,-0.467249,-0.56044,-0.811321,-0.529412,0.0857143,-0.666667
796,3,-0.565217,-0.461538,-0.638889,-0.912664,-0.868132,-0.849057,-0.738562,0.542857,-0.833333
797,0,-0.478261,-0.615385,-0.361111,-0.772926,-0.824176,-0.811321,-0.869281,0.657143,-1
798,1,0.652174,0.538462,0.888889,-0.0655022,-0.692308,-0.660377,0.24183,-0.657143,0
799,0,0.304348,0.769231,0.666667,-0.292576,-0.736264,-0.660377,0.359477,-0.714286,0.166667
800,2,-0.173913,-0.538462,0,-0.336245,-0.472527,-0.849057,-0.477124,-0.0285714,-0.666667
801,3,-0.347826,-0.384615,0.111111,-0.624454,-0.67033,-0.773585,-0.555556,0.0857143,-0.666667
802,0,-0.521739,-0.615385,-0.444444,-0.790393,-0.802198,-0.886792,-0.738562,0.371429,-0.833333
803,0,-0.304348,-0.153846,0.111111,-0.240175,-0.582418,-0.849057,-0.346405,-0.2,-0.5
804,2,-0.130435,0.0769231,0.222222,-0.117904,-0.472527,-0.811321,-0.163399,-0.428571,-0.333333
805,0,0.347826,0.461538,0.694444,-0.10917,-0.67033,-0.698113,0.124183,-0.6,0
806,2,-0.652174,-0.230769,-0.222222,-0.615721,-0.626374,-0.811321,-0.503268,0.0857143,-0.666667
807,1,-0.347826,-0.0769231,0.166667,-0.554585,-0.802198,-0.773585,-0.45098,-0.0285714,-0.666667
808,1,0.304348,0.384615,0.805556,-0.388646,-0.802198,-0.660377,0.281046,-0.657143,0.166667
809,2,-0.565217,0,-0.222222,-0.694323,-0.736264,-0.849057,-0.503268,0.0285714,-0.666667
810,1,-0.73913,-0.615385,-0.583333,-0.860262,-0.824176,-0.886792,-0.607843,0.257143,-0.666667
811,0,0.0434783,0.692308,0.75,-0.187773,-0.648352,-0.660377,0.346405,-0.714286,0.166667
812,0,-0.565217,-0.538462,-0.194444,-0.799127,-0.846154,-0.886792,-0.699346,0.314286,-0.833333
813,2,0.0869565,-0.615385,-0.111111,-0.231441,-0.516484,-0.886792,-0.294118,-0.314286,-0.5
814,3,-0.26087,0.153846,0.0277778,-0.755459,-0.802198,-0.698113,-0.411765,0.0285714,-0.5
815,2,-0.478261,-0.230769,-0.277778,-0.834061,-0.824176,-0.811321,-0.503268,0.0857143,-0.666667
816,2,-0.652174,-0.0769231,-0.222222,-0.563319,-0.516484,-0.245283,-0.490196,0.0857143,-0.666667
817,3,-0.26087,0.153846,0.25,-0.537118,-0.626374,-0.660377,-0.359477,-0.0285714,-0.5
818,1,0.347826,0.538462,0.888889,-0.126638,-0.626374,-0.660377,0.411765,-0.714286,0.333333
819,0,-0.0434783,-0.230769,0.555556,-0.144105,-0.604396,-0.698113,0.00653595,-0.485714,-0.166667
820,1,-0.130435,-0.307692,0.611111,-0.231441,-0.648352,-0.735849,-0.0457516,-0.428571,-0.166667
821,1,-0.391304,-0.615385,-0.138889,-0.834061,-0.868132,-0.773585,-0.673203,0.314286,-0.833333
822,0,0.347826,0.769231,0.555556,0.10917,-0.406593,-0.660377,0.411765,-0.771429,0.333333
823,3,-0.0434783,-0.384615,0.166667,-0.423581,-0.604396,-0.735849,-0.568627,0.142857,-0.666667
824,0,0.391304,0.615385,0.805556,-0.0480349,-0.56044,-0.698113,0.150327,-0.6,0
825,0,0.434783,0.692308,0.555556,-0.196507,-0.714286,-0.622642,0.424837,-0.771429,0.333333
826,0,-0.434783,-0.538462,0.222222,-0.606987,-0.78022,-0.773585,-0.424837,-0.0285714,-0.5
827,0,-0.0434783,0.230769,0.444444,-0.222707,-0.67033,-0.698113,-0.137255,-0.371429,-0.333333
828,0,0.130435,0.846154,0.666667,-0.362445,-0.846154,-0.584906,0.464052,-0.771429,0.333333
829,3,-0.304348,-0.307692,-0.277778,-0.816594,-0.868132,-0.811321,-0.751634,0.428571,-0.833333
830,3,-0.0434783,0.230769,0.166667,-0.694323,-0.802198,-0.660377,-0.385621,-0.0285714,-0.5
831,2,0.0434783,-0.692308,-0.166667,-0.39738,-0.582418,-0.811321,-0.490196,-0.0285714,-0.666667
832,2,0.173913,0.0769231,-0.166667,-0.292576,-0.494505,-0.811321,-0.346405,-0.2,-0.5
833,1,0.521739,0.230769,0.916667,-0.126638,-0.692308,-0.660377,0.30719,-0.714286,0.166667
834,1,-0.173913,0,0.194444,-0.563319,-0.802198,-0.849057,-0.372549,-0.142857,-0.5
835,1,-0.608696,-0.769231,-0.694444,-0.912664,-0.868132,-0.924528,-0.699346,0.371429,-0.833333
836,2,0.652174,0.923077,0.805556,-0.310044,-0.912088,-0.849057,1,-1,1
837,3,-0.391304,-0.0769231,-0.277778,-0.694323,-0.758242,-0.773585,-0.633987,0.2,-0.833333
838,1,-0.0869565,0,0.0277778,-0.432314,-0.714286,-0.773585,-0.398693,-0.0857143,-0.5
839,3,-0.0434783,-0.230769,0,-0.668122,-0.78022,-0.698113,-0.490196,0.0285714,-0.666667
840,3,-0.26087,-0.153846,-0.111111,-0.537118,-0.626374,-0.773585,-0.673203,0.257143,-0.833333
841,0,-0.130435,-0.923077,-0.277778,-0.68559,-0.802198,-0.811321,-0.764706,0.428571,-0.833333
842,1,-0.130435,-0.538462,0.305556,-0.310044,-0.626374,-0.773585,-0.254902,-0.2,-0.5
843,3,-0.304348,0,0.222222,-0.484716,-0.582418,-0.660377,-0.385621,-0.0285714,-0.5
844,1,0.434783,0.615385,0.694444,0.0305677,-0.56044,-0.622642,0.437908,-0.771429,0.333333
845,1,-0.434783,-0.769231,0.0555556,-0.633188,-0.758242,-0.811321,-0.699346,0.371429,-0.833333
846,3,-0.478261,-0.769231,-0.277778,-0.834061,-0.824176,-0.886792,-0.895425,0.714286,-1
