id,x0,x1,x2,x3,x4,x5,x6,x7,x8
1,0.171429,-0.515789,-0.532374,-0.0566038,-0.710526,-0.454545,-0.219512,-0.266667,0.0666667
2,-0.285714,-0.578947,-0.64988,-0.383648,-0.657895,-0.181818,-0.317073,-0.133333,0.2
3,0.142857,-0.0210526,0.0815348,0.396226,-0.631579,0.272727,-0.560976,-0.2,0
4,-0.285714,-0.684211,-0.70024,-0.773585,-0.894737,-0.454545,-0.512195,0.533333,0.733333
5,-0.257143,0.168421,-0.661871,-0.00628931,0.789474,-0.181818,-0.463415,-0.733333,-0.866667
6,0.457143,0.578947,0.853717,0.949686,-0.315789,-0.545455,-0.560976,-0.666667,-0.866667
7,-0.285714,-0.515789,-0.57554,-0.207547,-0.815789,0.181818,-0.95122,0.6,0.533333
8,-0.2,-0.663158,-0.767386,-0.308176,-0.789474,-0.727273,-0.853659,0.133333,0.4
9,-0.742857,-0.884211,-0.906475,-0.962264,-0.868421,-0.818182,-0.317073,0.6,0.8
10,-0.2,-0.242105,-0.230216,-0.459119,-0.868421,-0.636364,-0.317073,0.266667,0.533333
11,-0.657143,-0.757895,-0.803357,-0.773585,-0.815789,-0.818182,-0.512195,0.2,0.4
12,-1,-0.810526,-0.904077,-0.886792,-0.842105,-0.545455,0.268293,0.333333,0.4
13,-0.142857,-0.473684,-0.604317,0.0440252,-0.684211,-0.545455,-0.463415,-0.133333,-0.0666667
14,-0.257143,-0.547368,-0.613909,-0.345912,-0.657895,-0.272727,-0.365854,-0.266667,0.0666667
15,0.0285714,-0.305263,-0.326139,0.220126,-0.684211,-0.454545,-0.902439,0.4,0.2
16,0.371429,0.0210526,0.0551559,0.72327,-0.605263,-0.454545,-0.902439,-0.333333,-0.133333
17,-0.685714,-0.926316,-0.947242,-0.798742,-0.447368,-0.818182,-0.317073,-0.666667,-0.733333
18,-0.4,-0.242105,-0.278177,-0.471698,-0.657895,-0.636364,-0.512195,0.466667,0.2
19,0.571429,0,0.203837,0.396226,-0.605263,-0.545455,-0.463415,-0.4,-0.0666667
20,0.457143,0.0210526,0.119904,0.433962,-0.605263,-0.454545,-0.756098,-0.333333,-0.2
21,-0.228571,-0.526316,-0.592326,-0.0566038,-0.578947,-1,-0.853659,-0.4,-0.266667
22,-0.8,-0.884211,-0.911271,-0.698113,-0.394737,-0.363636,-0.95122,-0.8,-0.866667
23,-0.314286,-0.589474,-0.616307,-0.144654,-0.763158,-0.181818,-0.95122,0.533333,0.666667
24,-0.485714,-0.642105,-0.705036,-0.597484,-0.736842,-0.909091,-0.902439,0.0666667,0.2
25,0.342857,-0.0421053,0.0527578,0.446541,-0.763158,-1,-0.707317,0,0.333333
26,-0.142857,-0.589474,-0.664269,-0.18239,-0.684211,-0.909091,-0.804878,-0.2,0.2
27,-0.8,-0.863158,-0.870504,-0.622642,-0.394737,-0.454545,-0.853659,-0.8,-0.866667
28,0.4,0.0421053,0.227818,0.345912,-0.657895,-0.909091,0.365854,-0.266667,0.2
29,-0.2,-0.0842105,-0.0743405,-0.320755,-0.552632,-0.454545,-0.658537,0.266667,-0.2
30,-0.657143,-0.6,-0.688249,-0.383648,-0.368421,-0.181818,-0.0243902,-0.733333,-0.733333
31,-0.0571429,-0.547368,-0.58753,-0.18239,-0.657895,-0.545455,-0.560976,-0.4,0
32,-0.314286,-0.631579,-0.738609,-0.383648,-0.868421,-0.0909091,-0.463415,0.466667,0.6
33,-0.714286,-0.663158,-0.71223,-0.861635,-0.868421,-0.545455,-0.365854,0.4,0.4
34,0.0285714,0.0736842,0.0959233,0.194969,-0.710526,-0.545455,0.853659,-0.0666667,0.4
35,-0.685714,-0.410526,-0.477218,-0.735849,-0.894737,-0.909091,0.219512,0.466667,0.6
36,-0.0857143,-0.578947,-0.570743,-0.0566038,-0.789474,0.545455,-0.658537,0.0666667,0.266667
37,-0.171429,-0.536842,-0.625899,-0.144654,-0.394737,-0.818182,-0.902439,-0.733333,-0.733333
38,0.0857143,0.494737,-0.611511,0.144654,0.552632,-1,-0.268293,-0.4,-0.133333
39,0.514286,0.105263,0.215827,0.371069,-0.605263,-0.909091,-0.560976,-0.266667,0.0666667
40,-0.2,-0.547368,-0.635492,-0.0314465,-0.578947,-0.363636,-1,-0.533333,-0.466667
41,-0.0571429,0.0210526,0.0647482,0.169811,-0.605263,-0.545455,-0.560976,-0.333333,-0.2
42,-0.714286,-0.947368,-0.944844,-0.798742,-0.289474,-0.272727,-0.219512,-0.8,-0.866667
43,0.257143,-0.494737,-0.563549,-0.0314465,-0.578947,-0.545455,-0.756098,-0.533333,-0.133333
44,-0.542857,-0.357895,-0.470024,-0.622642,-0.789474,-0.636364,-0.658537,0.0666667,0.0666667
45,0.4,-0.0210526,0.177458,0.54717,-0.815789,0.818182,-0.95122,0.0666667,0.4
46,0.2,-0.473684,-0.551559,0.00628931,-0.526316,-0.818182,-0.804878,-0.533333,-0.133333
47,-0.2,-0.694737,-0.834532,-0.408805,-0.710526,-0.909091,-0.609756,-0.0666667,-0.133333
48,-0.342857,-0.557895,-0.681055,-0.18239,-0.236842,-0.454545,-0.317073,-0.733333,-0.933333
49,0.285714,-0.578947,-0.597122,-0.00628931,-0.552632,-0.454545,-0.365854,-0.466667,-0.2
50,-0.142857,-0.431579,-0.472422,-0.119497,-0.921053,-1,-0.512195,0.533333,0.8
51,-0.657143,-0.663158,-0.724221,-0.534591,-0.526316,-0.818182,-0.804878,-0.666667,-0.733333
52,-0.571429,-0.463158,-0.589928,-0.735849,-0.710526,-0.636364,0.170732,-0.133333,-0.0666667
53,0.428571,0.115789,0.143885,0.710692,-0.657895,-0.909091,-0.707317,-0.2,0.0666667
54,-0.4,-0.589474,-0.623501,-0.295597,-0.842105,-0.363636,-0.463415,0.733333,0.866667
55,0.428571,0.526316,0.851319,0.522013,-0.368421,-0.545455,0.268293,-0.733333,-0.8
56,-0.514286,-0.747368,-0.805755,-0.874214,-0.921053,-0.181818,-0.853659,0.666667,0.8
57,-0.257143,-0.242105,-0.213429,-0.295597,-0.815789,-0.636364,-0.609756,0,0.2
58,0.2,-0.589474,-0.592326,-0.157233,-0.605263,-0.545455,-0.560976,-0.6,-0.266667
59,0.285714,-0.0315789,0.1247,0.295597,-0.815789,-1,-0.95122,0,0.333333
60,-0.514286,-0.810526,-0.863309,-0.584906,-0.578947,-0.272727,-0.609756,-0.6,-0.6
61,0.228571,-0.115789,-0.0815348,-0.0440252,-0.868421,-0.545455,-0.756098,0.466667,0.533333
62,-0.657143,-0.842105,-0.848921,-0.622642,-0.473684,0.181818,0.0243902,-0.533333,-0.6
63,-0.342857,-0.663158,-0.796163,-0.622642,-0.447368,-0.0909091,-0.365854,-0.533333,-0.866667
64,-0.257143,-0.536842,-0.642686,-0.371069,-0.5,-0.636364,-0.902439,-0.6,-0.533333
65,-0.228571,-0.231579,-0.18705,-0.0691824,-0.657895,-1,-0.804878,0.2,0.0666667
66,-0.457143,-0.578947,-0.681055,-0.408805,-0.552632,0.636364,-0.756098,-0.466667,-0.533333
67,-0.2,-0.589474,-0.666667,-0.207547,-0.368421,-0.454545,-0.121951,-0.8,-0.8
68,0.714286,0.0631579,0.352518,0.345912,-0.605263,-0.454545,-0.317073,-0.266667,-0.0666667
69,-0.171429,-0.6,-0.709832,-0.220126,-0.710526,-0.909091,-0.463415,-0.0666667,0.333333
70,0.0285714,-0.178947,-0.103118,0.257862,-0.605263,-0.636364,-0.658537,0.266667,-0.0666667
71,0.628571,0.0105263,0.196643,0.408805,-0.552632,-0.727273,-0.707317,-0.4,-0.2
72,0.942857,0,0.314149,0.371069,-0.710526,-0.0909091,0.219512,-0.333333,0.133333
73,-0.457143,-0.305263,-0.323741,-0.471698,-0.789474,-0.727273,0.121951,0.0666667,0.266667
74,-0.714286,-0.947368,-0.896882,-0.522013,-0.394737,-0.909091,-0.268293,-1,-0.8
75,-0.228571,-0.578947,-0.630695,-0.320755,-0.657895,0,0.121951,-0.266667,0.2
76,0.257143,-0.157895,-0.0719424,0.27044,-0.763158,-0.545455,-0.756098,0,0.133333
77,-0.542857,-0.294737,-0.374101,-0.459119,-0.657895,-1,-0.512195,-0.2,-0.133333
78,-0.571429,-0.631579,-0.64988,-0.194969,-0.394737,-0.818182,-0.853659,-0.733333,-0.733333
79,0.228571,0.0210526,0.155875,0.371069,-0.552632,0,-0.804878,0.133333,-0.333333
80,-0.171429,-0.568421,-0.654676,0.00628931,-0.236842,-0.454545,-0.756098,-0.8,-0.933333
81,-0.2,-0.526316,-0.618705,0.00628931,-0.631579,-0.818182,-1,-0.333333,-0.4
82,0.171429,0.0736842,0.167866,0.320755,-0.5,-0.545455,-0.463415,0,-0.466667
83,-0.6,-0.736842,-0.860911,-0.91195,-0.815789,-0.909091,-0.902439,0.266667,0
84,-0.514286,-0.557895,-0.695444,-0.559748,-0.552632,-0.272727,0.463415,-0.666667,-0.2
85,-0.485714,-0.536842,-0.621103,-0.509434,-0.657895,-0.727273,-0.609756,0.133333,0.0666667
86,0.514286,0.557895,0.952038,0.861635,-0.368421,-0.181818,-0.365854,-0.666667,-0.933333
87,-0.228571,-0.557895,-0.64988,-0.333333,-0.657895,-0.636364,-0.121951,-0.2,0.266667
88,-0.6,-0.884211,-0.940048,-0.748428,-0.657895,-0.818182,-0.609756,-0.333333,-0.4
89,-0.428571,-0.378947,-0.371703,-0.345912,-0.736842,-0.727273,-0.414634,0.333333,0.333333
90,-0.8,-0.873684,-0.892086,-0.710692,-0.421053,-0.272727,-0.756098,-0.866667,-0.8
91,0.571429,0.0736842,0.244604,0.509434,-0.684211,-0.727273,-0.512195,-0.2,0.2
92,-0.657143,-0.305263,-0.410072,-0.421384,-0.736842,-0.181818,-0.268293,-0.0666667,-0.0666667
93,0.142857,-0.0736842,-0.0431655,0.572327,-0.710526,-0.0909091,-0.512195,0,0.133333
94,0.228571,-0.484211,-0.570743,-0.0314465,-0.578947,-0.636364,-0.268293,-0.466667,-0.0666667
95,-0.257143,-0.6,-0.693046,-0.144654,-0.631579,-0.818182,-0.853659,-0.466667,-0.533333
96,0.0857143,0.0736842,0.196643,0.371069,-0.657895,-0.363636,0.414634,-0.2,0.0666667
97,-0.4,-0.621053,-0.702638,-0.232704,-0.605263,0.545455,-0.365854,-0.4,-0.466667
98,-0.314286,-0.484211,-0.633094,-0.308176,-0.578947,-0.636364,-0.560976,-0.2,-0.266667
99,-0.142857,-0.0210526,0.00239808,0.157233,-0.736842,-0.545455,0.853659,0,0.4
100,-0.257143,-0.578947,-0.671463,-0.220126,-0.263158,-0.636364,-0.414634,-0.8,-0.933333
101,-0.257143,0.126316,-0.659472,-0.0440252,0.578947,-0.909091,-0.95122,-0.666667,-0.733333
102,-0.257143,-0.6,-0.609113,-0.484277,-0.842105,0,-0.756098,0.333333,0.533333
103,-0.285714,-0.747368,-0.851319,-0.371069,-0.736842,0.272727,-0.756098,0.0666667,0
104,-0.6,-0.947368,-0.976019,-0.647799,-0.657895,0.272727,-0.756098,-0.0666667,-0.133333
105,-0.2,0,-0.059952,-0.27044,-0.473684,-1,0.317073,0.133333,-0.333333
106,0.428571,-0.0105263,0.263789,0.320755,-0.631579,0,-0.512195,-0.2,0.2
107,-0.0285714,-0.136842,-0.0623501,-0.371069,-0.842105,-1,0.609756,0.2,0.6
108,-0.542857,-0.515789,-0.647482,-0.698113,-0.631579,-1,-0.219512,-0.466667,-0.2
109,-0.228571,-0.578947,-0.652278,-0.194969,-0.447368,-0.363636,-0.414634,-0.733333,-0.733333
110,0,-0.242105,-0.184652,-0.220126,-0.605263,-0.545455,-0.609756,0.266667,-0.0666667
111,-0.342857,-0.6,-0.688249,-0.572327,-0.710526,-1,-0.756098,-0.0666667,0.266667
112,0,-0.505263,-0.585132,-0.0188679,-0.605263,-0.636364,-0.317073,-0.4,0
113,-0.6,-0.610526,-0.685851,-0.660377,-0.447368,0.454545,-0.0243902,-0.666667,-0.6
114,-0.885714,-0.978947,-0.980815,-0.63522,-0.605263,0.909091,-0.804878,-0.6,-0.6
115,0,-0.536842,-0.59952,-0.295597,-0.578947,0.0909091,-0.365854,-0.466667,0
116,0.114286,-0.515789,-0.551559,-0.0440252,-0.684211,0.0909091,-0.365854,-0.133333,0.133333
117,-0.171429,0.0631579,0.0239808,0.00628931,-0.657895,-0.545455,-0.756098,-0.133333,-0.0666667
118,0.457143,0.0105263,0.266187,0.295597,-0.657895,0.181818,0.365854,-0.2,0.333333
119,-0.257143,-0.6,-0.664269,-0.194969,-0.394737,-0.181818,-0.317073,-0.733333,-0.8
120,0.142857,-0.378947,-0.330935,0.0691824,-0.710526,-0.545455,-0.512195,0.4,0.4
121,-0.742857,-0.778947,-0.803357,-0.534591,-0.473684,0.454545,-0.317073,-0.466667,-0.733333
122,0.2,-0.547368,-0.553957,-0.0440252,-0.552632,-0.0909091,-0.463415,-0.533333,-0.266667
123,-0.371429,-0.631579,-0.676259,-0.647799,-0.868421,-0.181818,-1,0.533333,0.666667
124,-0.742857,-0.926316,-0.923261,-0.710692,-0.763158,1,0.121951,-0.0666667,-0.0666667
125,-0.171429,-0.568421,-0.705036,-0.119497,-0.657895,-0.818182,-0.853659,-0.266667,0
126,0.0857143,-0.589474,-0.563549,-0.0314465,-0.605263,0.545455,-0.658537,-0.4,-0.2
127,-0.285714,-0.515789,-0.666667,-0.446541,-0.552632,-0.818182,-0.707317,-0.333333,-0.466667
128,-0.4,-0.547368,-0.64988,-0.421384,-0.578947,-0.454545,-0.219512,-0.466667,-0.333333
129,0.114286,-0.547368,-0.565947,-0.396226,-0.789474,-0.272727,-0.414634,0.0666667,0.266667
130,-0.0857143,-0.0947368,0.00959233,0.144654,-0.631579,-0.363636,-0.463415,0.0666667,-0.133333
131,-0.171429,-0.0315789,-0.0551559,0.119497,-0.631579,0.181818,-0.365854,-0.133333,0.0666667
132,-0.714286,-0.536842,-0.647482,-0.72327,-0.815789,-1,0.560976,0.333333,0.466667
133,-0.428571,-0.178947,-0.215827,-0.257862,-0.789474,-0.363636,1,0.2,0.666667
134,-0.314286,-0.642105,-0.815348,-0.685535,-0.578947,-0.636364,-0.95122,-0.333333,-0.666667
135,0.571429,-0.0631579,0.16307,0.157233,-0.552632,0.0909091,0.317073,-0.266667,-0.0666667
136,0.285714,0.0421053,-0.568345,-0.157233,0,-1,-0.317073,-0.466667,-0.133333
137,0.285714,-0.578947,-0.551559,-0.0440252,-0.578947,-0.727273,-0.95122,-0.533333,-0.266667
138,-0.314286,-0.715789,-0.808153,-0.371069,-0.789474,-0.363636,-0.95122,0.133333,0.333333
139,-0.657143,-0.884211,-0.889688,-0.54717,-0.605263,0.272727,-0.0243902,-0.466667,-0.533333
140,-0.228571,-0.568421,-0.647482,-0.522013,-0.710526,-0.727273,-0.756098,-0.133333,0.2
141,-0.6,-0.557895,-0.546763,-0.924528,-0.973684,-0.727273,-0.121951,0.666667,0.866667
142,-0.228571,-0.621053,-0.673861,-0.207547,-0.289474,-0.363636,-0.658537,-0.8,-0.933333
143,0.228571,-0.0105263,0.165468,-0.207547,-0.789474,-1,0.902439,0.0666667,0.666667
144,-0.228571,-0.568421,-0.652278,-0.157233,-0.315789,-0.636364,-0.609756,-0.8,-0.866667
145,-0.228571,-0.389474,-0.467626,-0.132075,-0.842105,0,-0.121951,0.533333,0.533333
146,0.6,-0.0421053,0.304556,0.132075,-0.789474,-1,-0.121951,-0.133333,0.266667
147,0.285714,-0.515789,-0.513189,-0.232704,-0.684211,0.636364,-1,-0.133333,0
148,-0.514286,-0.589474,-0.645084,-0.559748,-0.763158,-0.636364,-0.170732,0.0666667,0.266667
149,-0.257143,-0.536842,-0.577938,-0.383648,-0.947368,0.363636,-0.560976,0.8,0.866667
150,-0.485714,-0.673684,-0.772182,-0.773585,-0.789474,-0.818182,0.414634,0.133333,0.533333
151,0.0857143,-0.189474,-0.177458,0.081761,-0.842105,-0.727273,-0.658537,0.266667,0.666667
152,-0.228571,-0.178947,-0.182254,-0.433962,-0.631579,-0.636364,0.0731707,0.333333,0.0666667
153,-0.828571,-0.589474,-0.640288,-0.798742,-0.921053,-0.545455,0.463415,0.8,0.933333
154,0.142857,-0.0105263,0.105516,-0.0566038,-0.763158,-0.909091,0.170732,-0.0666667,0.4
155,-0.4,-0.6,-0.695444,-0.496855,-0.684211,-0.272727,-0.658537,-0.2,0.0666667
156,0.457143,0.578947,0.784173,0.63522,-0.315789,-0.636364,-0.707317,-0.466667,-0.866667
157,-0.714286,-0.6,-0.671463,-0.685535,-0.868421,-0.0909091,0.170732,0.4,0.466667
158,-0.228571,-0.726316,-0.865707,-0.459119,-0.605263,-0.545455,-0.804878,-0.133333,-0.4
159,-0.485714,-0.536842,-0.633094,-0.610063,-0.710526,-0.909091,0.609756,-0.266667,0
160,-0.2,-0.578947,-0.63789,-0.106918,-0.815789,0.454545,-0.902439,0.133333,0.133333
161,-0.714286,-0.768421,-0.820144,-0.534591,-0.263158,-1,-1,-0.933333,-0.866667
162,0.314286,-0.0631579,0.0215827,0.0440252,-0.842105,0.545455,-0.902439,0.4,0.666667
163,-0.428571,-0.431579,-0.446043,-0.72327,-0.921053,-0.272727,-0.0731707,0.4,0.6
164,-0.514286,-0.694737,-0.817746,-0.484277,-0.763158,-0.727273,-0.560976,0,-0.0666667
165,0.542857,-0.0210526,0.153477,0.358491,-0.631579,-0.909091,0.268293,-0.333333,-0.0666667
166,0.485714,-0.0526316,0.254197,0.119497,-0.657895,-0.909091,0.560976,-0.333333,0.133333
167,-0.714286,-0.589474,-0.604317,-0.811321,-0.973684,-0.636364,-0.0731707,0.8,1
168,0.257143,0.0105263,0.17506,0.0188679,-0.763158,0.636364,-0.902439,0,0.2
169,-0.285714,-0.589474,-0.673861,-0.0566038,-0.447368,-1,-0.95122,-0.666667,-0.8
170,-0.4,-0.715789,-0.858513,-0.710692,-0.605263,-1,-0.365854,-0.333333,-0.733333
171,0.2,-0.0315789,0.143885,-0.0188679,-0.789474,-0.363636,-0.853659,-0.0666667,0.266667
172,0.371429,0.431579,0.697842,0.672956,-0.315789,-0.636364,-0.463415,-0.666667,-0.866667
173,-0.171429,-0.642105,-0.690647,-0.119497,-0.815789,0,-0.317073,0.2,0.4
174,-0.0285714,0.0315789,0.189448,0.27044,-0.526316,-0.272727,0.365854,-0.2,-0.466667
175,0.342857,-0.568421,-0.592326,-0.00628931,-0.631579,-0.272727,-0.268293,-0.4,-0.0666667
176,-0.542857,-0.421053,-0.532374,-0.509434,-0.631579,-0.909091,-0.463415,0.133333,0.0666667
177,-0.628571,-0.168421,-0.316547,-0.54717,-0.684211,-0.636364,0.853659,-0.0666667,0.133333
178,-0.171429,-0.621053,-0.693046,-0.245283,-0.736842,0,-0.95122,0,0.133333
179,-0.628571,-0.526316,-0.609113,-0.672956,-0.763158,-0.909091,0.0731707,0.333333,0.6
180,-0.2,-0.6,-0.786571,-0.283019,-0.5,-0.0909091,-0.853659,-0.333333,-0.6
181,0.314286,0.0315789,0.088729,0.622642,-0.684211,-1,0.268293,-0.133333,0.266667
182,-0.828571,-0.884211,-0.911271,-0.849057,-0.5,-0.727273,-0.219512,-0.866667,-0.733333
183,-0.371429,-0.589474,-0.661871,-0.371069,-0.789474,-0.636364,-1,0.666667,0.733333
184,-0.857143,-0.947368,-0.971223,-0.761006,-0.552632,-0.0909091,0.317073,-0.533333,-0.4
185,-0.114286,-0.0842105,0.0263789,0.27044,-0.710526,-0.181818,-0.512195,0,0.2
186,-0.428571,-0.221053,-0.292566,-0.471698,-0.657895,-0.363636,-0.0731707,0.4,0.0666667
187,-0.457143,-0.431579,-0.40048,-0.408805,-0.763158,-0.727273,0.121951,0.466667,0.533333
188,-0.142857,-0.431579,-0.551559,-0.0314465,-0.736842,0.181818,-0.512195,-0.0666667,0
189,0.257143,-0.0315789,0.1247,0.446541,-0.631579,-0.545455,0.121951,-0.333333,-0.0666667
190,-0.771429,-0.452632,-0.561151,-0.584906,-0.815789,-0.909091,-0.0243902,0.0666667,0.133333
191,0.0571429,-0.263158,-0.256595,0.00628931,-0.868421,0.818182,-0.463415,0.533333,0.466667
192,-0.4,-0.610526,-0.681055,-0.396226,-0.710526,-1,-0.365854,-0.133333,0.2
193,-0.285714,-0.557895,-0.63789,-0.157233,-0.736842,0.272727,-1,-0.133333,-0.133333
194,0.428571,0.347368,0.635492,0.710692,-0.447368,-0.727273,-0.95122,-0.333333,-0.8
195,-0.628571,-0.463158,-0.546763,-0.559748,-0.763158,-0.181818,0.0243902,-0.0666667,0
196,-0.314286,-0.505263,-0.625899,-0.194969,-0.421053,-0.454545,-0.317073,-0.666667,-0.733333
197,0.542857,0.0105263,0.2494,0.358491,-0.684211,0.727273,-0.463415,-0.133333,0
198,-0.257143,-0.463158,-0.601918,-0.144654,-0.447368,-1,-0.219512,-0.533333,-0.6
199,-0.114286,-0.557895,-0.621103,0.0314465,-0.421053,-0.727273,-0.317073,-0.733333,-0.666667
200,-0.285714,-0.547368,-0.681055,-0.0691824,-0.421053,-0.454545,-0.170732,-0.666667,-0.733333
201,0.142857,-0.557895,-0.589928,-0.132075,-0.605263,-0.363636,-0.268293,-0.533333,-0.0666667
202,-0.714286,-0.505263,-0.561151,-0.823899,-0.947368,-0.454545,0.0243902,0.4,0.533333
203,0.542857,0.0210526,0.302158,0.157233,-0.736842,0.363636,-0.707317,-0.0666667,0.133333
204,0.628571,-0.0842105,0.155875,0.383648,-0.631579,-0.0909091,-0.317073,-0.266667,-0.133333
205,-0.371429,-0.831579,-0.901679,-0.484277,-0.894737,-0.363636,-0.804878,0.533333,0.666667
206,-0.0285714,-0.568421,-0.661871,-0.0943396,-0.657895,-1,-0.707317,-0.2,0.133333
207,-0.114286,-0.442105,-0.491607,-0.132075,-0.789474,-0.818182,-0.512195,0,0.133333
208,-0.2,-0.610526,-0.666667,-0.207547,-0.315789,-0.909091,-0.707317,-0.8,-0.933333
209,-0.2,-0.578947,-0.647482,-0.0440252,-0.526316,-0.454545,-0.707317,-0.533333,-0.533333
210,0.628571,-0.0631579,0.191847,0.446541,-0.605263,-0.818182,-0.853659,-0.4,-0.266667
211,-0.514286,-0.357895,-0.376499,-0.849057,-0.894737,-0.636364,0.121951,0.666667,0.866667
212,-0.542857,-0.652632,-0.760192,-0.811321,-0.684211,-0.909091,-0.707317,-0.133333,-0.0666667
213,-0.428571,-0.526316,-0.635492,-0.396226,-0.684211,-0.727273,-0.121951,0.0666667,0.0666667
214,0,0.136842,0.194245,0.119497,-0.5,-0.909091,0.121951,-0.0666667,-0.466667
215,-0.771429,-0.652632,-0.755396,-0.735849,-0.657895,-0.909091,-0.95122,-0.266667,-0.266667
216,-0.628571,-0.326316,-0.510791,-0.522013,-0.605263,-0.909091,0.0731707,-0.4,-0.333333
217,-0.285714,-0.526316,-0.616307,-0.144654,-0.526316,-0.272727,-0.902439,-0.533333,-0.6
218,0.657143,0.0315789,0.256595,0.383648,-0.631579,-0.636364,-0.853659,-0.333333,0
219,-0.285714,-0.578947,-0.661871,-0.106918,-0.605263,-0.909091,-0.95122,-0.4,-0.333333
220,-0.514286,-0.957895,-0.973621,-0.54717,-0.868421,0.545455,-0.658537,0.4,0.4
221,0.771429,0,0.290168,0.308176,-0.684211,-0.818182,-0.853659,-0.333333,0
222,0.0571429,-0.515789,-0.570743,-0.169811,-0.552632,-0.545455,-0.219512,-0.466667,-0.0666667
223,0.142857,-0.2,-0.167866,0.119497,-0.605263,-0.454545,-0.95122,0.4,0.133333
224,-0.2,-0.473684,-0.609113,-0.132075,-0.421053,-0.909091,-0.268293,-0.6,-0.666667
225,-0.485714,-0.736842,-0.784173,-0.333333,-0.605263,-0.545455,-0.317073,-0.533333,-0.466667
226,-0.0857143,-0.631579,-0.70024,-0.685535,-0.789474,-0.636364,-0.560976,0.266667,0.466667
227,0.457143,-0.0421053,0.247002,0.345912,-0.684211,0.272727,-1,-0.2,0.0666667
228,-0.742857,-0.694737,-0.822542,-0.924528,-0.815789,-0.272727,-0.658537,0.333333,0.333333
229,0.371429,-0.0842105,0.0935252,0.371069,-0.736842,0.272727,0.121951,-0.133333,0.2
230,-0.428571,-0.631579,-0.642686,-0.194969,-0.447368,-0.545455,-0.609756,-0.6,-0.733333
231,-0.885714,-0.936842,-0.954436,-0.622642,-0.210526,-0.545455,-0.560976,-0.733333,-0.8
232,-0.971429,-1,-1,-0.773585,-0.289474,0.0909091,0.0243902,-0.666667,-0.866667
233,-0.171429,-0.578947,-0.642686,-0.132075,-0.289474,-0.636364,-0.756098,-0.8,-0.866667
234,0.285714,-0.0526316,0.0983213,0.106918,-0.710526,-0.909091,0.0731707,-0.266667,0.133333
235,-0.314286,-0.652632,-0.798561,-0.232704,-0.684211,-0.363636,-0.365854,0.0666667,0.333333
236,0.4,-0.589474,-0.563549,-0.0440252,-0.552632,-0.909091,-0.317073,-0.6,-0.266667
237,-0.714286,-0.389474,-0.436451,-0.660377,-0.657895,-0.909091,-0.853659,0.333333,0.266667
238,-0.228571,-0.578947,-0.645084,-0.0314465,-0.421053,-0.909091,-0.512195,-0.8,-0.8
239,0.685714,0,0.311751,0.283019,-0.684211,-0.363636,-0.170732,-0.2,0.0666667
240,-0.114286,-0.526316,-0.604317,0.132075,-0.526316,-0.454545,-0.512195,-0.533333,-0.466667
241,-0.8,-0.536842,-0.561151,-0.786164,-0.894737,-0.545455,0.0731707,0.466667,0.6
242,-0.2,-0.452632,-0.532374,-0.00628931,-0.842105,0,-0.268293,0.266667,0.333333
243,-0.257143,-0.621053,-0.673861,-0.207547,-0.368421,-0.272727,-0.804878,-0.8,-0.933333
244,0.428571,0.0421053,0.199041,0.320755,-0.684211,-0.818182,-0.219512,-0.2,0.2
245,0.342857,-0.6,-0.582734,-0.157233,-0.526316,-0.909091,-0.658537,-0.6,-0.333333
246,-0.342857,-0.642105,-0.760192,-0.496855,-0.526316,-0.545455,-0.268293,-0.466667,-0.733333
247,-0.771429,-0.431579,-0.544365,-0.811321,-0.684211,-0.818182,-0.0731707,0.533333,0.533333
248,-0.6,-0.368421,-0.419664,-0.584906,-0.789474,-1,0.170732,0.0666667,0.2
249,0.342857,0.0421053,0.172662,0.761006,-0.657895,-0.545455,-0.219512,-0.2,0
250,-0.914286,-0.926316,-0.968825,-0.773585,-0.710526,-0.727273,-0.0243902,-0.4,-0.466667
251,-0.371429,-0.705263,-0.834532,-0.610063,-0.5,0,-0.609756,-0.466667,-0.866667
252,0.657143,0.0631579,0.275779,0.72327,-0.684211,-0.363636,-0.804878,-0.266667,0
253,0.114286,-0.621053,-0.604317,-0.157233,-0.605263,-0.545455,-0.170732,-0.533333,-0.2
254,-0.314286,-0.642105,-0.697842,-0.144654,-0.842105,-0.0909091,-0.609756,0.466667,0.466667
255,0.114286,-0.484211,-0.592326,-0.132075,-0.552632,-0.818182,-0.560976,-0.466667,0
256,0.171429,0.0736842,0.179856,0.18239,-0.684211,0.636364,0.317073,0,0.4
257,-0.771429,-0.505263,-0.57554,-0.823899,-0.842105,-0.272727,-0.268293,0.266667,0.333333
258,-0.285714,-0.578947,-0.642686,-0.257862,-0.894737,0.272727,-0.121951,0.466667,0.466667
259,-0.0285714,-0.0421053,0.00719424,0.132075,-0.631579,-0.272727,-0.804878,-0.2,0.0666667
260,0.828571,0,0.352518,0.345912,-0.684211,-0.454545,-0.95122,-0.4,0
261,-0.742857,-0.831579,-0.853717,-0.610063,-0.421053,-0.636364,-0.365854,-0.733333,-0.8
262,-0.6,-0.294737,-0.345324,-0.408805,-0.736842,-1,0.121951,0,0.133333
263,-0.457143,-0.863158,-0.940048,-0.446541,-0.842105,-0.0909091,-0.609756,0.133333,0.2
264,-0.714286,-0.821053,-0.872902,-0.962264,-0.868421,-0.636364,-0.0731707,0.533333,0.733333
265,0.2,-0.242105,-0.199041,-0.132075,-0.921053,0.181818,-0.609756,0.466667,0.8
266,-0.171429,-0.568421,-0.633094,-0.157233,-0.473684,-0.727273,-0.219512,-0.666667,-0.6
267,-0.342857,-0.526316,-0.63789,-0.207547,-0.315789,-0.545455,-0.804878,-0.8,-0.866667
268,0.0285714,-0.378947,-0.446043,-0.169811,-0.894737,0.181818,-0.560976,0.466667,0.733333
269,-0.542857,-0.894737,-0.932854,-0.597484,-0.947368,-0.363636,-0.609756,0.6,0.733333
270,-0.685714,-0.863158,-0.918465,-0.672956,-0.473684,-1,-0.658537,-0.666667,-0.733333
271,-0.257143,-0.589474,-0.669065,-0.0566038,-0.447368,-0.545455,-1,-0.666667,-0.8
272,-0.0571429,-0.294737,-0.357314,0.207547,-0.815789,-1,-0.853659,0.266667,0.4
273,0.114286,-0.631579,-0.659472,-0.610063,-0.868421,-0.909091,0.268293,0.4,0.733333
274,-0.142857,-0.673684,-0.683453,-0.345912,-0.868421,-0.545455,-0.512195,0.533333,0.733333
275,0.542857,0.526316,0.846523,0.54717,-0.368421,-0.818182,-0.0243902,-0.666667,-0.8
276,-0.342857,-0.610526,-0.659472,-0.132075,-0.736842,-0.454545,-0.95122,0.2,0.333333
277,-0.2,-0.610526,-0.657074,-0.0691824,-0.578947,-0.272727,-1,-0.4,-0.333333
278,-0.485714,-0.747368,-0.803357,-0.295597,-0.605263,-0.727273,-0.804878,-0.733333,-0.6
279,0.457143,0.0105263,0.177458,0.295597,-0.763158,0,0.560976,-0.133333,0.4
280,-0.742857,-0.568421,-0.573141,-0.710692,-0.789474,-0.818182,-0.609756,0.4,0.666667
281,-0.171429,-0.242105,-0.191847,-0.471698,-0.815789,-1,-0.902439,0.133333,0.133333
282,-0.285714,-0.494737,-0.623501,-0.358491,-0.552632,-0.545455,-0.463415,-0.4,-0.466667
283,-0.171429,-0.578947,-0.640288,-0.00628931,-0.394737,-0.181818,-0.463415,-0.733333,-0.8
284,0.342857,0.0631579,0.218225,0.421384,-0.789474,0.454545,0.365854,0.0666667,0.666667
285,0.2,-0.568421,-0.59952,-0.144654,-0.5,-0.363636,-0.170732,-0.533333,-0.333333
286,0,-0.389474,-0.417266,0.0188679,-0.868421,0.454545,-0.756098,0.266667,0.333333
287,-0.342857,-0.6,-0.70024,-0.522013,-0.684211,-0.636364,-0.414634,-0.2,-0.0666667
288,-0.0857143,-0.536842,-0.601918,-0.308176,-0.631579,-0.454545,-0.902439,-0.4,0
289,-0.171429,-0.0526316,-0.00719424,0.144654,-0.631579,-0.454545,-0.707317,-0.266667,-0.133333
290,-0.8,-0.778947,-0.805755,-0.559748,-0.368421,0.454545,-0.219512,-0.733333,-0.8
291,-0.428571,-0.684211,-0.839329,-0.823899,-0.736842,-0.727273,-0.414634,0,-0.133333
292,0.2,-0.263158,-0.609113,-0.144654,-0.184211,-0.181818,-0.170732,-0.533333,-0.266667
293,-0.428571,-0.431579,-0.573141,-0.396226,-0.552632,-0.454545,-0.414634,-0.133333,-0.2
294,-0.485714,-0.705263,-0.817746,-0.849057,-0.789474,-0.727273,0.317073,0.133333,0.333333
295,0.342857,0.421053,0.645084,0.735849,-0.342105,-0.0909091,-0.463415,-0.466667,-0.866667
296,-0.628571,-0.6,-0.613909,-0.622642,-0.815789,-1,-1,0.266667,0.533333
297,0.228571,-0.136842,-0.0743405,0.408805,-0.578947,-0.636364,-0.707317,0.2,-0.0666667
298,-0.742857,-0.810526,-0.83693,-0.584906,-0.657895,0.545455,-0.658537,-0.533333,-0.6
299,-0.514286,-0.326316,-0.326139,-0.295597,-0.815789,-0.181818,0.707317,0.266667,0.6
300,-0.4,-0.294737,-0.345324,-0.597484,-0.657895,-0.636364,-0.170732,0.533333,0.333333
301,0.457143,-0.0105263,0.191847,0.371069,-0.631579,-0.272727,0.0243902,-0.2,0.0666667
302,-0.342857,-0.452632,-0.621103,-0.18239,-0.763158,0.363636,-0.902439,0.133333,0.0666667
303,-0.571429,-0.431579,-0.517986,-0.773585,-0.710526,-1,-0.317073,0.6,0.533333
304,-0.542857,-0.757895,-0.805755,-0.874214,-0.921053,-0.454545,-0.121951,0.666667,0.866667
305,-0.2,-0.568421,-0.640288,-0.0188679,-0.473684,-0.818182,-0.756098,-0.666667,-0.666667
306,-0.228571,-0.578947,-0.63789,-0.157233,-0.684211,-0.454545,-0.95122,-0.133333,0
307,0,0.0210526,0.0815348,0.144654,-0.710526,-0.545455,0.365854,-0.0666667,0.466667
308,0.257143,-0.0842105,0.179856,0.00628931,-0.815789,-0.454545,-0.756098,-0.133333,0.133333
309,0.228571,-0.157895,-0.115108,0.081761,-0.868421,0.272727,-0.853659,0.333333,0.4
310,0.142857,-0.0315789,0.0551559,-0.257862,-0.842105,-0.181818,0.560976,0.266667,0.666667
311,0.142857,-0.147368,-0.261391,0.396226,-0.736842,-0.454545,-0.0731707,0,0.2
312,0.0571429,-0.473684,-0.568345,-0.00628931,-0.578947,-0.909091,0.0243902,-0.466667,0.0666667
313,-0.428571,-0.557895,-0.654676,-0.459119,-0.657895,-0.545455,-0.170732,-0.266667,-0.0666667
314,0.285714,-0.0842105,-0.028777,0.471698,-0.789474,0.0909091,-0.0243902,0.0666667,0.333333
315,-0.314286,-0.547368,-0.635492,-0.194969,-0.421053,-1,-0.268293,-0.733333,-0.8
316,-0.228571,-0.684211,-0.844125,-0.408805,-0.5,-0.272727,-0.707317,-0.466667,-0.8
317,-0.257143,-0.694737,-0.872902,-0.421384,-0.657895,-0.727273,-0.512195,0,-0.133333
318,-0.0857143,-0.242105,-0.194245,-0.383648,-0.868421,-0.363636,0.560976,0.466667,1
319,-0.742857,-0.915789,-0.930456,-0.522013,-0.394737,-0.363636,-0.804878,-0.666667,-0.866667
320,0.257143,0.231579,0.311751,0.257862,-0.447368,-0.363636,-0.658537,-0.2,-0.666667
321,0.485714,0.0736842,0.280576,0.169811,-0.631579,-1,-0.365854,-0.266667,0.2
322,0.628571,0.663158,0.913669,0.91195,-0.315789,0,0.0243902,-0.6,-0.866667
323,-0.285714,-0.589474,-0.669065,-0.220126,-0.315789,-0.454545,-0.853659,-0.733333,-0.933333
324,0.114286,-0.189474,-0.16307,0.534591,-0.763158,-0.0909091,-0.95122,0,0.2
325,-0.628571,-0.389474,-0.398082,-0.559748,-0.815789,-0.818182,0.365854,0.266667,0.533333
326,-0.171429,-0.621053,-0.652278,-0.0440252,-0.421053,-0.727273,-0.804878,-0.8,-0.933333
327,0.142857,-0.294737,-0.256595,-0.106918,-0.921053,0.727273,-0.268293,0.733333,0.866667
328,-0.257143,-0.578947,-0.645084,-0.257862,-0.763158,-0.0909091,-0.317073,-0.2,-0.2
329,-0.171429,-0.642105,-0.640288,-0.572327,-0.842105,-0.818182,-0.170732,0.333333,0.666667
330,-0.628571,-0.410526,-0.508393,-0.647799,-0.763158,-0.545455,-0.268293,0.0666667,0.0666667
331,-0.142857,-0.684211,-0.721823,-0.220126,-0.894737,0.727273,-0.902439,0.666667,0.733333
332,0.228571,-0.2,-0.170264,0.207547,-0.789474,0,-0.609756,0.133333,0.266667
333,0.657143,0.0947368,0.297362,0.597484,-0.710526,-0.0909091,0.219512,-0.2,0.266667
334,-0.371429,-0.568421,-0.657074,-0.207547,-0.315789,-0.818182,-0.609756,-0.733333,-0.933333
335,0.514286,0.189474,0.529976,0.509434,-0.526316,-0.363636,-0.463415,-0.266667,-0.6
336,0.628571,0.0421053,0.285372,0.308176,-0.684211,-0.454545,-0.317073,-0.266667,0.266667
337,-0.0571429,-0.652632,-0.597122,-0.157233,-0.552632,0.0909091,-0.414634,-0.466667,-0.2
338,0.142857,-0.0315789,0.057554,0.383648,-0.526316,-0.272727,0.268293,0,-0.4
339,-0.142857,-0.621053,-0.640288,-0.220126,-0.842105,0.636364,-0.0243902,0.4,0.6
340,-0.428571,-0.526316,-0.623501,-0.459119,-0.631579,-0.727273,-0.609756,-0.0666667,-0.133333
341,-0.514286,-0.526316,-0.671463,-0.54717,-0.657895,-0.636364,-0.512195,0.0666667,0
342,-0.514286,-0.705263,-0.745803,-0.333333,-0.657895,-0.727273,0.0243902,-0.533333,-0.4
343,-0.742857,-0.768421,-0.791367,-0.597484,-0.315789,-0.727273,-0.707317,-0.733333,-0.866667
344,0.514286,-0.0105263,0.304556,0.18239,-0.684211,0.181818,-0.707317,-0.133333,0.133333
345,0.714286,0.0315789,0.326139,0.308176,-0.605263,0,-0.0243902,-0.266667,0
346,0.314286,0.326316,0.556355,0.811321,-0.421053,-0.454545,-0.317073,-0.4,-0.733333
347,0.285714,0.0315789,0.160671,0.396226,-0.815789,0.909091,0.219512,0.2,0.6
348,-0.228571,-0.526316,-0.618705,-0.144654,-0.868421,-0.181818,-0.414634,0.733333,0.8
349,-0.142857,-0.652632,-0.693046,-0.283019,-0.868421,-0.0909091,-0.707317,0.533333,0.666667
350,-0.457143,-0.736842,-0.817746,-0.471698,-0.947368,0.454545,-0.707317,0.8,0.866667
351,-0.0571429,-0.178947,-0.131894,-0.245283,-0.815789,-0.909091,0.560976,0,0.266667
352,-0.628571,-0.652632,-0.676259,-0.396226,-0.289474,0.0909091,-1,-0.733333,-0.866667
353,-0.0285714,-0.6,-0.666667,0.132075,-0.710526,0.181818,-0.463415,-0.133333,0.266667
354,-0.171429,-0.568421,-0.625899,0.081761,-0.578947,-0.545455,-1,-0.533333,-0.533333
355,0.0571429,-0.315789,-0.309353,0.106918,-0.842105,-0.0909091,-0.95122,0.133333,0.333333
356,-0.342857,-0.178947,-0.232614,-0.257862,-0.710526,-0.727273,-0.414634,-0.133333,0.0666667
357,-0.257143,-0.578947,-0.625899,-0.119497,-0.736842,0.0909091,-0.95122,0.266667,0.333333
358,0.0857143,0,0.0815348,0.308176,-0.710526,0.181818,0.512195,0,0.4
359,-0.257143,-0.463158,-0.563549,-0.18239,-0.710526,-0.818182,-0.902439,-0.0666667,0
360,0.0857143,-0.242105,-0.196643,-0.157233,-0.921053,-0.727273,-0.756098,0.4,0.6
361,0.514286,0.0421053,0.206235,0.320755,-0.657895,-0.0909091,0.365854,-0.133333,0.333333
362,-0.0857143,-0.126316,-0.0551559,0.081761,-0.815789,-0.363636,0.853659,0.0666667,0.6
363,-0.0285714,-0.305263,-0.422062,-0.0440252,-0.789474,-0.636364,-0.804878,0,0.133333
364,-0.0571429,-0.526316,-0.604317,-0.0314465,-0.605263,0.181818,-0.658537,-0.333333,0.0666667
365,-0.228571,-0.463158,-0.601918,-0.207547,-0.578947,0.363636,-0.317073,-0.466667,-0.466667
366,0.314286,-0.0947368,0.0167866,0.584906,-0.763158,0.0909091,-0.853659,-0.0666667,0.266667
367,0.0571429,-0.484211,-0.589928,-0.0314465,-0.578947,-0.909091,-0.756098,-0.4,0
368,-0.714286,-0.778947,-0.808153,-0.572327,-0.394737,0,0.170732,-0.8,-0.733333
369,-0.314286,-0.6,-0.681055,-0.106918,-0.578947,-0.545455,-0.95122,-0.533333,-0.6
370,-0.114286,-0.4,-0.510791,0.106918,-0.657895,-0.181818,-0.268293,-0.266667,-0.2
371,-0.542857,-0.210526,-0.278177,-0.509434,-0.605263,-1,-0.804878,0.333333,0.133333
372,-0.257143,-0.494737,-0.484412,-0.0314465,-0.710526,-0.363636,-0.658537,0.333333,0.466667
373,-0.114286,-0.547368,-0.580336,-0.081761,-0.763158,-0.909091,-0.365854,0.0666667,0.4
374,-0.0857143,-0.389474,-0.41247,-0.081761,-0.736842,-0.454545,-0.219512,0.533333,0.466667
375,-0.8,-0.915789,-0.94964,-0.63522,-0.315789,-0.181818,-0.268293,-0.733333,-0.866667
376,0.142857,0.389474,0.419664,0.358491,-0.394737,-1,-0.0731707,-0.266667,-0.666667
377,0.285714,0.0736842,0.223022,0.18239,-0.657895,0.363636,0.0731707,-0.0666667,0.333333
378,-0.685714,-0.747368,-0.858513,-0.710692,-0.684211,-0.909091,-0.317073,-0.333333,-0.266667
379,-0.771429,-0.831579,-0.892086,-0.761006,-0.5,-0.909091,-0.756098,-0.733333,-0.8
380,0.571429,0,0.227818,0.345912,-0.657895,-0.818182,-0.0731707,-0.2,0.2
381,-0.628571,-0.778947,-0.767386,-0.584906,-0.447368,-1,-0.756098,-0.8,-0.666667
382,0.257143,0.578947,0.772182,0.924528,-0.236842,-0.545455,-0.463415,-0.6,-0.933333
383,-0.142857,-0.505263,-0.609113,0.0188679,-0.447368,-0.909091,-0.317073,-0.6,-0.6
384,0.257143,0.136842,0.247002,0.220126,-0.657895,-0.454545,-0.121951,-0.133333,0.2
385,-0.285714,-0.694737,-0.731415,-0.18239,-0.763158,-0.363636,-0.121951,-0.2,0.0666667
386,0.142857,-0.484211,-0.570743,0.18239,-0.578947,-0.636364,-1,-0.533333,-0.133333
387,-0.257143,-0.157895,-0.191847,-0.283019,-0.763158,-0.454545,-0.365854,0,0.2
388,0.0571429,-0.526316,-0.613909,-0.0566038,-0.631579,-0.636364,-0.902439,-0.333333,0.0666667
389,0.0571429,1,-0.592326,-0.0188679,1,0.0909091,-0.560976,-0.2,0
390,0.771429,0.0947368,0.371703,0.207547,-0.657895,-0.454545,-0.0731707,-0.333333,0.133333
391,-0.342857,-0.589474,-0.645084,-0.220126,-0.315789,-0.636364,-0.219512,-0.8,-0.866667
392,-0.4,-0.663158,-0.731415,-0.735849,-0.789474,-0.636364,-0.463415,0.0666667,0.4
393,0.0857143,-0.578947,-0.606715,-0.572327,-0.815789,-0.181818,-0.170732,0.2,0.466667
394,-0.2,-0.515789,-0.58753,0.0188679,-0.605263,-0.363636,-0.853659,-0.2,-0.133333
395,0.0285714,-0.210526,-0.321343,0.421384,-0.710526,-0.909091,-0.902439,-0.133333,-0.0666667
396,-0.628571,-0.378947,-0.503597,-0.660377,-0.657895,-1,-1,-0.2,-0.266667
397,0.485714,0.631579,0.8753,0.91195,-0.263158,0,-0.902439,-0.6,-1
398,-0.485714,-0.526316,-0.597122,-0.433962,-0.657895,-0.818182,-1,-0.2,-0.0666667
399,-0.485714,-0.378947,-0.450839,-0.748428,-0.684211,-0.727273,-0.170732,0.6,0.466667
400,-0.342857,-0.715789,-0.805755,-0.371069,-0.789474,-0.363636,-1,0.133333,0.333333
401,0.285714,-0.0947368,0.0623501,0.169811,-0.842105,0.909091,0.0731707,0.2,0.6
402,-0.771429,-0.484211,-0.606715,-0.660377,-0.736842,-0.454545,0.0243902,0,0.0666667
403,0.285714,0.0105263,0.16307,0.194969,-0.605263,0.0909091,-0.463415,-0.333333,-0.133333
404,-0.0857143,-0.673684,-0.736211,-0.811321,-0.921053,0.363636,-0.853659,0.666667,0.8
405,0.142857,-0.105263,-0.0143885,-0.308176,-0.815789,-0.272727,0.0731707,0.0666667,0.4
406,-0.457143,-0.536842,-0.623501,-0.471698,-0.736842,-0.818182,-0.0243902,0.333333,0.266667
407,-0.771429,-0.768421,-0.820144,-0.672956,-0.552632,-0.909091,0.121951,-0.8,-0.533333
408,-0.628571,-0.631579,-0.709832,-0.496855,-0.736842,-0.909091,-0.658537,-0.333333,-0.333333
409,-0.257143,-0.610526,-0.669065,-0.157233,-0.657895,-0.545455,-0.707317,-0.133333,0
410,-0.542857,-0.357895,-0.402878,-0.63522,-0.763158,-0.909091,0.365854,0,0.2
411,-0.0571429,-0.368421,-0.505995,-0.18239,-0.815789,-0.636364,-0.902439,0.2,0.333333
412,-0.828571,-0.947368,-0.940048,-0.672956,-0.342105,-0.909091,-0.414634,-0.933333,-0.8
413,-0.2,-0.578947,-0.64988,-0.157233,-0.421053,-0.454545,-0.268293,-0.733333,-0.8
414,-0.857143,-0.673684,-0.752998,-0.748428,-0.815789,-0.636364,0.707317,0.2,0.4
415,0.0857143,-0.578947,-0.573141,-0.194969,-0.552632,-0.0909091,0.0243902,-0.533333,-0.2
416,0.542857,-0.0526316,0.201439,-0.0188679,-0.763158,-0.636364,0.170732,-0.0666667,0.333333
417,-0.285714,-0.642105,-0.724221,-0.194969,-0.815789,-0.181818,-0.463415,0.133333,0.2
418,-0.742857,-0.494737,-0.623501,-0.773585,-0.736842,-1,-0.170732,0.666667,0.6
419,-0.228571,-0.505263,-0.623501,-0.220126,-0.552632,-0.454545,-0.414634,-0.466667,-0.6
420,-0.857143,-0.705263,-0.810552,-0.798742,-0.894737,-0.545455,-0.0243902,0.6,0.666667
421,-0.4,-0.747368,-0.829736,-0.484277,-0.289474,-0.454545,-1,-0.666667,-0.933333
422,-0.0285714,0.0210526,0.117506,0.0566038,-0.684211,-0.545455,-0.658537,-0.133333,0
423,-0.828571,-0.631579,-0.726619,-0.899371,-0.947368,-0.909091,-0.853659,0.666667,0.733333
424,-0.228571,-0.589474,-0.659472,-0.0314465,-0.421053,-0.272727,-0.804878,-0.666667,-0.8
425,-0.457143,-0.242105,-0.232614,-0.446541,-0.815789,0,0.170732,0.133333,0.266667
426,-0.771429,-0.747368,-0.803357,-0.761006,-0.815789,-0.727273,0.756098,0.133333,0.466667
427,0.4,0.0315789,0.261391,0.320755,-0.684211,-0.0909091,0.170732,-0.2,0.0666667
428,-0.6,-0.368421,-0.414868,-0.509434,-0.789474,-0.363636,0.609756,0.133333,0.4
429,0.171429,-0.0210526,0.0911271,-0.0314465,-0.789474,0.363636,0.0731707,0,0.4
430,-0.542857,-0.694737,-0.769784,-0.610063,-0.763158,0,-0.560976,0.2,0.4
431,0.428571,0.0105263,0.223022,0.257862,-0.789474,-1,-0.560976,-0.2,0.333333
432,-0.142857,0.0947368,0.0671463,-0.0314465,-0.473684,-0.636364,-0.463415,0.0666667,-0.333333
433,-0.6,-0.505263,-0.657074,-0.496855,-0.605263,-0.454545,0.414634,-0.4,-0.333333
434,-0.228571,-0.505263,-0.654676,-0.207547,-0.394737,-0.0909091,-0.317073,-0.666667,-0.733333
435,0.257143,-0.0526316,0.0959233,0.408805,-0.657895,-0.181818,-0.0243902,-0.266667,0.0666667
436,-0.657143,-0.789474,-0.834532,-0.849057,-0.842105,-0.727273,-0.317073,0.266667,0.466667
437,-0.257143,-0.642105,-0.81295,-0.421384,-0.5,0.454545,-0.414634,-0.4,-0.733333
438,-0.542857,-0.610526,-0.64988,-0.295597,-0.447368,0.0909091,-0.95122,-0.733333,-0.666667
439,0.0857143,-0.231579,-0.306954,0.157233,-0.789474,-0.363636,-0.756098,0.0666667,0.133333
440,0.0285714,-0.189474,-0.0359712,-0.295597,-0.947368,-0.909091,0.609756,0.2,0.8
441,0.228571,-0.0631579,-0.0695444,0.383648,-0.789474,-1,-0.512195,0.0666667,0.333333
442,0,-0.557895,-0.539568,-0.0440252,-0.526316,0,-0.609756,-0.533333,-0.333333
443,-0.657143,-0.905263,-0.935252,-0.886792,-0.789474,-0.454545,-0.317073,0.0666667,0.133333
444,0.171429,-0.168421,-0.201439,0.0566038,-0.815789,0.0909091,-0.463415,0.2,0.333333
445,0.285714,0.442105,0.582734,0.672956,-0.315789,-0.363636,0.0731707,-0.466667,-0.8
446,0.142857,-0.578947,-0.58753,-0.144654,-0.473684,0.0909091,-0.853659,-0.466667,-0.333333
447,0.257143,-0.178947,-0.177458,0.18239,-0.789474,0.272727,-0.268293,0.133333,0.4
448,0.628571,-0.0105263,0.165468,0.433962,-0.605263,-1,-0.804878,-0.333333,-0.2
449,0.228571,0.0631579,0.0839329,0.320755,-0.5,-0.545455,-0.317073,0.0666667,-0.266667
450,-0.457143,-0.642105,-0.702638,-0.383648,-0.763158,0.181818,-0.560976,0,0.333333
451,-0.171429,-0.494737,-0.573141,0.0440252,-0.657895,-0.272727,-0.609756,0.0666667,0.2
452,-0.571429,-0.494737,-0.496403,-0.735849,-0.894737,-0.454545,-0.707317,0.466667,0.533333
453,-0.514286,-0.463158,-0.510791,-0.710692,-0.894737,-0.363636,0.414634,0.4,0.666667
454,-0.342857,-0.589474,-0.669065,-0.220126,-0.789474,-0.272727,-0.804878,0.266667,0.266667
455,0.142857,-0.115789,0.0143885,0.194969,-0.842105,-0.818182,-0.804878,0.0666667,0.533333
456,-0.228571,-0.557895,-0.666667,-0.220126,-0.368421,-0.909091,-0.317073,-0.733333,-0.8
457,-0.257143,-0.642105,-0.764988,-0.207547,-0.473684,-0.636364,-0.219512,-0.533333,-0.733333
458,-0.257143,-0.589474,-0.709832,-0.119497,-0.684211,-0.0909091,-0.853659,0,0.2
459,0.571429,0.0105263,0.251799,0.773585,-0.631579,-0.0909091,-0.902439,-0.266667,-0.0666667
460,-0.257143,-0.378947,-0.290168,-0.63522,-0.947368,-0.727273,-0.609756,0.533333,0.8
461,-0.342857,-0.8,-0.851319,-0.396226,-0.947368,0.181818,-0.804878,0.666667,0.8
462,0.228571,-0.0736842,0.00239808,0.144654,-0.789474,-0.181818,-0.170732,0.2,0.333333
463,-0.0857143,-0.336842,-0.419664,-0.081761,-0.710526,0,-0.902439,0.0666667,0.133333
464,-0.571429,-0.578947,-0.625899,-0.320755,-0.263158,0.181818,-0.853659,-0.733333,-0.866667
465,0.0857143,-0.2,-0.201439,0.119497,-0.631579,-0.727273,-0.365854,0.466667,0.2
466,-0.285714,-0.568421,-0.64988,-0.194969,-0.5,-0.363636,-0.463415,-0.666667,-0.666667
467,-0.228571,-0.589474,-0.676259,-0.257862,-0.526316,-0.909091,-0.414634,-0.666667,-0.666667
468,0.628571,-0.0421053,0.194245,0.421384,-0.578947,0.181818,0.121951,-0.333333,-0.133333
469,0.285714,0.0736842,0.263789,0.169811,-0.657895,0.0909091,-0.219512,-0.133333,0.266667
470,-0.4,-0.8,-0.863309,-0.484277,-0.921053,0.181818,-0.95122,0.866667,0.933333
471,-0.2,-0.621053,-0.769784,-0.27044,-0.657895,-0.909091,-0.560976,-0.2,-0.133333
472,0.6,0.0526316,0.251799,0.471698,-0.789474,-0.272727,0.0731707,0,0.4
473,0.171429,0.305263,0.321343,0.220126,-0.368421,-0.636364,-0.414634,-0.333333,-0.8
474,0.742857,0.0947368,0.297362,0.295597,-0.657895,0.363636,-0.95122,-0.133333,0
475,-0.571429,-0.547368,-0.621103,-0.446541,-0.578947,0,-0.560976,-0.666667,-0.6
476,0.514286,-0.0315789,0.136691,0.433962,-0.605263,-0.909091,0.170732,-0.333333,0
477,0.685714,0,0.335731,0.194969,-0.684211,-0.545455,-0.512195,-0.333333,0.133333
478,0.2,-0.578947,-0.561151,-0.157233,-0.631579,-0.545455,-0.560976,-0.4,-0.133333
479,-0.228571,-0.221053,-0.16307,-0.081761,-0.684211,-0.636364,-0.365854,0.266667,0.133333
480,-0.285714,-0.578947,-0.676259,-0.220126,-0.263158,-0.909091,-0.853659,-0.8,-0.933333
481,0.571429,-0.0105263,0.189448,0.408805,-0.605263,-0.909091,-0.95122,-0.4,-0.133333
482,0.485714,-0.0210526,0.230216,0.0943396,-0.605263,-0.636364,0.0243902,-0.266667,0
483,-0.142857,-0.368421,-0.438849,0.0566038,-0.789474,0.0909091,-0.268293,0,0.133333
484,-0.628571,-0.610526,-0.719424,-0.63522,-0.684211,-0.545455,-0.512195,-0.133333,0
485,0.171429,-0.557895,-0.544365,-0.0314465,-0.578947,-0.818182,-0.902439,-0.466667,-0.2
486,-0.171429,-0.536842,-0.630695,0.119497,-0.447368,-0.727273,-0.463415,-0.666667,-0.666667
487,0.685714,-0.0210526,0.280576,0.371069,-0.657895,0,-0.414634,-0.333333,-0.0666667
488,-0.171429,-0.473684,-0.522782,-0.00628931,-0.710526,0,-0.463415,0.0666667,0.2
489,-0.542857,-0.536842,-0.630695,-0.622642,-0.684211,0,-0.121951,-0.533333,-0.466667
490,0.257143,-0.0631579,0.148681,-0.0566038,-0.815789,-0.363636,0.0243902,0,0.333333
491,0.6,0.0421053,0.258993,0.320755,-0.710526,0.0909091,0.121951,-0.133333,0.333333
492,-0.114286,-0.473684,-0.553957,-0.245283,-0.894737,0.454545,-0.414634,0.466667,0.666667
493,-0.285714,-0.547368,-0.642686,-0.257862,-0.289474,-0.636364,-0.560976,-0.733333,-0.866667
494,0.514286,-0.0631579,0.251799,0.433962,-0.657895,-0.545455,-0.170732,-0.333333,0
495,0.342857,0.463158,0.695444,0.685535,-0.342105,0.0909091,-0.95122,-0.666667,-0.933333
496,-0.257143,-0.463158,-0.546763,0.0314465,-0.736842,-0.545455,-0.756098,0.133333,0.133333
497,0.485714,-0.0315789,0.18705,0.320755,-0.763158,-0.818182,0.414634,-0.133333,0.333333
498,-0.114286,-0.515789,-0.580336,-0.345912,-0.605263,-0.909091,-0.707317,-0.333333,0.0666667
499,-0.714286,-0.926316,-0.952038,-0.660377,-0.236842,-0.363636,-0.317073,-0.733333,-0.866667
500,0.6,0.0315789,0.218225,0.433962,-0.657895,-1,0.512195,-0.266667,0.133333
501,0.714286,0.0631579,0.374101,0.194969,-0.631579,-1,-0.463415,-0.333333,0.0666667
502,0.485714,0.0631579,0.251799,0.358491,-0.578947,-0.545455,-0.414634,-0.266667,-0.0666667
503,-0.742857,-0.810526,-0.83693,-0.622642,-0.552632,-0.545455,0.317073,-0.533333,-0.6
504,-0.6,-0.578947,-0.688249,-0.496855,-0.526316,-0.181818,-0.121951,-0.466667,-0.466667
505,-0.171429,-0.0105263,-0.0671463,0.0691824,-0.710526,-1,-0.317073,-0.2,0.0666667
506,0.371429,0.0421053,0.261391,0.320755,-0.684211,0.909091,-0.463415,-0.133333,0.2
507,0.257143,-0.0210526,0.158273,0.0691824,-0.842105,-1,0.756098,-0.0666667,0.666667
508,-0.8,-0.557895,-0.647482,-0.647799,-0.789474,-0.818182,0.609756,0,0.133333
509,0.114286,-0.515789,-0.549161,-0.220126,-0.710526,-0.363636,0.0243902,-0.133333,0.266667
510,0.685714,-0.0421053,0.184652,0.433962,-0.605263,0.0909091,0.268293,-0.333333,-0.0666667
511,-0.228571,-0.621053,-0.681055,-0.220126,-0.289474,-0.454545,-0.560976,-0.8,-0.933333
512,-0.685714,-0.431579,-0.494005,-0.610063,-0.789474,-0.909091,-0.560976,0.0666667,0.133333
513,0.6,0,0.306954,0.144654,-0.710526,-1,0.414634,-0.266667,0.333333
514,-0.542857,-0.494737,-0.565947,-0.798742,-0.894737,-0.545455,0.95122,0.333333,0.8
515,-0.571429,-0.610526,-0.77458,-0.761006,-0.657895,-0.363636,-0.658537,-0.133333,-0.2
516,-0.742857,-0.768421,-0.820144,-0.54717,-0.263158,-1,0.0243902,-0.933333,-0.8
517,-0.314286,-0.536842,-0.669065,-0.358491,-0.921053,1,-0.512195,1,1
518,0.485714,-0.0210526,0.23741,0.446541,-0.789474,0.181818,0.219512,-0.0666667,0.533333
519,-0.542857,-0.547368,-0.628297,-0.358491,-0.552632,-0.363636,-0.219512,-0.6,-0.6
520,-0.457143,-0.726316,-0.767386,-0.811321,-0.894737,-0.727273,-0.707317,0.666667,0.866667
521,-0.571429,-0.242105,-0.311751,-0.421384,-0.710526,-0.363636,-0.121951,-0.133333,0
522,-0.428571,-0.621053,-0.781775,-0.647799,-0.631579,-1,-1,-0.266667,-0.533333
523,-0.628571,-0.642105,-0.743405,-0.786164,-0.815789,-0.909091,0.853659,0.133333,0.533333
524,-0.114286,-0.263158,-0.645084,-0.308176,-0.157895,-0.545455,-0.560976,-0.333333,0
525,0.4,-0.0421053,0.239808,0.106918,-0.815789,-1,-0.0243902,0,0.466667
526,-0.171429,-0.431579,-0.527578,-0.144654,-0.736842,-0.272727,-0.512195,-0.0666667,-0.0666667
527,-0.257143,-0.0947368,-0.179856,-0.169811,-0.657895,0.363636,-0.463415,-0.0666667,0.0666667
528,0.0857143,-0.136842,0.0695444,-0.0314465,-0.842105,0.0909091,0.0243902,0.0666667,0.333333
529,-0.0285714,-0.431579,-0.410072,-0.0440252,-0.736842,-0.181818,-0.0731707,0.6,0.666667
530,-0.257143,-0.589474,-0.659472,-0.207547,-0.315789,-0.272727,-0.609756,-0.8,-0.933333
531,-0.0285714,-0.263158,-0.338129,0.119497,-0.763158,0.181818,-0.219512,0.0666667,0.2
532,0.542857,0.463158,0.726619,0.63522,-0.368421,-0.545455,0.463415,-0.8,-0.666667
533,0.114286,-0.0842105,0.0863309,-0.257862,-0.868421,-1,-0.0731707,0.133333,0.733333
534,-0.457143,-0.810526,-0.906475,-0.484277,-0.552632,0.0909091,-0.853659,-0.333333,-0.533333
535,-0.4,-0.736842,-0.815348,-0.471698,-0.315789,0.0909091,-0.609756,-0.533333,-0.933333
536,-0.114286,-0.547368,-0.561151,-0.433962,-0.815789,0.272727,-0.560976,0.2,0.4
537,0.685714,0.0105263,0.282974,0.308176,-0.684211,-0.818182,0.0243902,-0.266667,0.2
538,-0.4,-0.842105,-0.901679,-0.572327,-0.894737,-0.363636,-0.463415,0.733333,0.8
539,0.0857143,-0.105263,0,-0.18239,-0.736842,-0.636364,-0.463415,-0.133333,0
540,0.485714,0.442105,0.613909,0.672956,-0.315789,-0.272727,-0.560976,-0.466667,-0.8
541,-0.285714,-0.484211,-0.541966,-0.0691824,-0.710526,-0.272727,-0.707317,0.266667,0.333333
542,-0.657143,-0.810526,-0.858513,-0.949686,-0.894737,-0.636364,-0.512195,0.533333,0.666667
543,-0.542857,-0.410526,-0.438849,-0.748428,-0.894737,-0.454545,-0.170732,0.4,0.533333
544,-0.542857,-0.442105,-0.534772,-0.685535,-0.736842,-0.727273,-0.219512,-0.0666667,0.0666667
545,-0.285714,-0.473684,-0.621103,-0.257862,-0.552632,-0.909091,-0.560976,-0.333333,-0.466667
546,0.142857,-0.515789,-0.59952,-0.308176,-0.578947,-0.363636,-0.463415,-0.533333,-0.0666667
547,-0.371429,-0.694737,-0.776978,-0.509434,-0.315789,0.0909091,-0.0731707,-0.6,-0.866667
548,-0.285714,-0.652632,-0.695444,-0.194969,-0.763158,-0.363636,-0.609756,0.333333,0.466667
549,-0.571429,-0.526316,-0.565947,-0.54717,-0.710526,-0.636364,-0.756098,0.0666667,0.266667
550,0.257143,0.0105263,0.172662,0.358491,-0.657895,-0.818182,-0.804878,-0.2,0.133333
551,-0.685714,-0.894737,-0.942446,-0.459119,-0.5,-0.181818,-0.902439,-0.466667,-0.666667
552,-0.514286,-0.631579,-0.733813,-0.559748,-0.526316,-0.363636,0.0243902,-0.666667,-0.466667
553,-0.6,-0.263158,-0.342926,-0.433962,-0.710526,0,-0.268293,-0.133333,-0.0666667
554,-0.228571,-0.578947,-0.671463,-0.0314465,-0.289474,-1,-0.658537,-0.8,-0.933333
555,-0.0571429,-0.0947368,0.028777,-0.0691824,-0.868421,0.545455,0.414634,0.133333,0.533333
556,0,-0.294737,-0.311751,0.257862,-0.789474,0,-0.658537,0.0666667,0.2
557,0.4,0.410526,0.609113,0.496855,-0.394737,-0.181818,-0.365854,-0.333333,-0.733333
558,-0.571429,-0.663158,-0.772182,-0.471698,-0.605263,-0.454545,-0.317073,-0.333333,-0.4
559,-0.171429,-0.589474,-0.664269,-0.169811,-0.263158,-1,-0.756098,-0.8,-0.933333
560,0.514286,0.0736842,0.232614,0.345912,-0.657895,-0.818182,-0.707317,-0.266667,0.0666667
561,0.628571,0.0631579,0.268585,0.345912,-0.605263,-0.636364,-0.756098,-0.266667,-0.133333
562,-0.571429,-0.273684,-0.443645,-0.471698,-0.605263,-0.727273,0.0731707,-0.333333,-0.266667
563,0.342857,-0.0421053,0.208633,0.0943396,-0.657895,-0.454545,0.219512,-0.2,0.2
564,-0.4,-0.578947,-0.693046,-0.283019,-0.684211,0.363636,0.268293,0,0.133333
565,-0.828571,-0.431579,-0.551559,-0.899371,-0.684211,-0.727273,0.0731707,0.733333,0.6
566,0,-0.347368,-0.342926,-0.0188679,-0.921053,-0.545455,0.0731707,0.4,0.933333
567,0.257143,0.0315789,0.11271,0.647799,-0.684211,-0.181818,-1,-0.133333,0.0666667
568,-0.571429,-0.378947,-0.522782,-0.421384,-0.657895,-0.545455,-0.658537,-0.333333,-0.333333
569,-0.257143,-0.536842,-0.661871,-0.144654,-0.263158,-0.727273,-0.658537,-0.733333,-0.933333
570,-0.685714,-0.810526,-0.851319,-0.962264,-0.815789,-0.454545,-0.902439,0.266667,0.266667
571,0.428571,0.0105263,0.266187,0.157233,-0.684211,0.363636,0.707317,-0.133333,0.466667
572,-0.285714,-0.526316,-0.604317,-0.0188679,-0.789474,0.0909091,-0.463415,0.133333,0.133333
573,-0.114286,-0.610526,-0.59952,-0.18239,-0.789474,-0.181818,-0.609756,0.0666667,0.333333
574,0.285714,-0.526316,-0.556355,-0.18239,-0.526316,-0.909091,-0.658537,-0.6,-0.2
575,0.457143,-0.0421053,0.0527578,0.345912,-0.684211,-0.181818,-0.121951,-0.133333,0
576,0.4,0.0421053,0.182254,0.295597,-0.710526,-0.909091,0.121951,-0.2,0.333333
577,0.542857,0.0421053,0.254197,0.295597,-0.684211,-0.454545,-0.853659,-0.2,0.2
578,0.371429,-0.0315789,-0.00239808,0.660377,-0.710526,-0.818182,-0.658537,-0.133333,0.133333
579,-0.114286,-0.463158,-0.460432,-0.308176,-0.947368,-0.272727,-0.463415,0.6,0.8
580,-0.6,-0.852632,-0.884892,-0.622642,-0.710526,-0.636364,-0.658537,-0.4,-0.4
581,-0.228571,-0.547368,-0.661871,-0.320755,-0.315789,-0.545455,-0.804878,-0.733333,-0.933333
582,-0.657143,-0.621053,-0.743405,-0.773585,-0.631579,-0.363636,-0.95122,-0.133333,0
583,0.4,0.0105263,0.266187,0.320755,-0.657895,0.363636,-0.121951,-0.133333,0.2
584,0.542857,-0.0736842,0.16307,0.421384,-0.605263,0.272727,-0.804878,-0.266667,0
585,0.171429,-0.0631579,0.0503597,0.207547,-0.605263,-0.454545,-0.658537,0.133333,-0.2
586,-0.8,-0.915789,-0.961631,-0.823899,-0.842105,-0.909091,0.121951,0.333333,0.466667
587,0.714286,0.0631579,0.326139,0.358491,-0.631579,-0.272727,0.463415,-0.266667,0.133333
588,-0.742857,-0.684211,-0.764988,-0.773585,-0.657895,-0.181818,-0.0243902,-0.533333,-0.333333
589,-0.742857,-0.621053,-0.688249,-0.584906,-0.736842,-1,-0.560976,-0.266667,-0.133333
590,0.685714,0.126316,0.326139,0.371069,-0.578947,0.272727,-0.463415,-0.2,0
591,-0.142857,-0.589474,-0.661871,-0.157233,-0.394737,-0.909091,-0.463415,-0.8,-0.866667
592,-0.828571,-0.821053,-0.865707,-0.698113,-0.710526,-0.818182,0.0243902,-0.533333,-0.333333
593,-0.257143,-0.526316,-0.616307,-0.18239,-0.5,-1,-0.609756,-0.6,-0.533333
594,-0.2,-0.652632,-0.702638,-0.18239,-0.868421,0.181818,-0.756098,0.2,0.333333
595,-0.457143,-0.842105,-0.841727,-0.396226,-0.342105,0.0909091,-0.707317,-0.933333,-0.866667
596,0.0857143,-0.189474,-0.28777,0.27044,-0.684211,-0.909091,-0.707317,-0.133333,-0.133333
597,-0.6,-0.273684,-0.309353,-0.396226,-0.684211,-0.909091,-0.317073,-0.266667,-0.2
598,-0.257143,-0.821053,-0.896882,-0.358491,-0.815789,-0.272727,-0.804878,0.133333,0.133333
599,-0.342857,-0.105263,-0.160671,-0.333333,-0.578947,-1,-0.707317,0.266667,0
600,-0.542857,-0.8,-0.851319,-0.383648,-0.894737,-0.181818,-0.658537,0.466667,0.533333
601,-0.0857143,-0.431579,-0.429257,-0.106918,-0.736842,0.181818,-0.560976,0.6,0.466667
602,-0.371429,-0.715789,-0.745803,-0.786164,-0.868421,-0.636364,-0.658537,0.666667,0.8
603,0.285714,0.136842,0.290168,0.220126,-0.631579,0,-0.0731707,-0.133333,0.133333
604,-0.8,-0.4,-0.517986,-0.622642,-0.815789,-0.181818,0.512195,0.266667,0.466667
605,-0.428571,-0.263158,-0.333333,-0.484277,-0.815789,-1,0.414634,-0.133333,0.2
606,0.4,0.0105263,0.268585,0.169811,-0.710526,-0.727273,-0.0243902,-0.333333,0.266667
607,-0.371429,-0.726316,-0.77458,-0.849057,-0.868421,-1,0.121951,0.333333,0.6
608,-0.514286,-0.926316,-0.954436,-0.54717,-0.868421,-0.363636,-0.560976,0.533333,0.533333
609,-0.6,-0.842105,-0.815348,-0.823899,-0.842105,-0.909091,0.170732,-0.2,0.133333
610,-0.342857,-0.589474,-0.664269,-0.220126,-0.315789,-0.818182,-0.317073,-0.866667,-0.933333
611,0.571429,-0.0842105,0.11271,0.371069,-0.657895,0.181818,0.0731707,-0.2,0
612,0.4,-0.547368,-0.565947,-0.0314465,-0.578947,-0.909091,-0.463415,-0.6,-0.266667
613,-0.971429,-0.989474,-0.983213,-0.849057,-0.263158,-0.636364,-0.658537,-0.8,-0.866667
614,-0.714286,-0.473684,-0.498801,-0.672956,-0.736842,-0.909091,-0.317073,0.266667,0.4
615,-1,-0.936842,-0.978417,-0.773585,-0.368421,-0.909091,0.463415,-0.8,-0.733333
616,-0.885714,-0.705263,-0.760192,-0.861635,-0.921053,-0.181818,0.414634,0.866667,0.933333
617,-0.428571,-0.631579,-0.745803,-0.471698,-0.868421,-0.0909091,0.0243902,0.533333,0.666667
618,-0.714286,-0.852632,-0.916067,-0.534591,-0.315789,-0.272727,-0.219512,-0.733333,-0.8
619,-0.257143,-0.694737,-0.839329,-0.685535,-0.657895,-0.636364,-0.512195,-0.333333,-0.6
620,0.571429,-0.0631579,0.201439,0.371069,-0.578947,-1,-0.804878,-0.466667,-0.2
621,0.6,0.0736842,0.280576,0.320755,-0.631579,-0.272727,-0.853659,-0.266667,0.0666667
622,0.0857143,-0.547368,-0.642686,0.144654,-0.578947,-0.818182,-1,-0.4,-0.0666667
623,-0.542857,-0.210526,-0.275779,-0.358491,-0.763158,-0.545455,0.658537,0.0666667,0.4
624,0.428571,0.0421053,0.258993,0.144654,-0.631579,1,0.853659,-0.0666667,0.6
625,-0.8,-0.621053,-0.745803,-0.63522,-0.684211,-0.636364,0.756098,-0.133333,-0.0666667
626,0.371429,-0.0736842,0.151079,0.169811,-0.605263,0.181818,0.0243902,-0.2,0.133333
627,-0.285714,-0.621053,-0.707434,-0.232704,-0.736842,-0.363636,-0.707317,-0.2,-0.2
628,-0.342857,-0.610526,-0.693046,-0.207547,-0.684211,-0.636364,-0.804878,-0.2,-0.2
629,0.228571,-0.273684,-0.194245,0.119497,-0.657895,-0.181818,-0.463415,0.333333,0.2
630,-0.314286,-0.747368,-0.820144,-0.333333,-0.842105,0.363636,-0.853659,0.4,0.533333
631,-0.514286,-0.768421,-0.81295,-0.283019,-0.710526,-0.181818,-0.902439,-0.266667,-0.333333
632,0.171429,-0.115789,0.103118,-0.0691824,-0.815789,-0.909091,-0.414634,0,0.266667
633,-0.228571,-0.578947,-0.669065,-0.0440252,-0.394737,-0.0909091,-0.95122,-0.666667,-0.866667
634,0.114286,-0.115789,0.0359712,-0.0314465,-0.842105,-1,-0.0731707,0.133333,0.466667
635,-0.714286,-0.821053,-0.820144,-0.509434,-0.368421,-0.0909091,-0.707317,-0.933333,-0.8
636,-0.285714,-0.705263,-0.848921,-0.396226,-0.5,-0.545455,-0.658537,-0.466667,-0.666667
637,-0.342857,-0.663158,-0.729017,-0.245283,-0.947368,0,-0.609756,0.733333,0.866667
638,-0.0857143,-0.6,-0.647482,-0.144654,-0.368421,-0.636364,-0.365854,-0.866667,-0.866667
639,0.114286,-0.326316,-0.273381,-0.0314465,-0.657895,-1,-0.658537,0.4,0.266667
640,0.514286,0.0315789,0.258993,0.27044,-0.736842,0.272727,-0.804878,-0.0666667,0.0666667
641,0.228571,-0.0947368,-0.0935252,0.698113,-0.736842,-0.727273,-0.95122,-0.0666667,0.2
642,-0.285714,-0.473684,-0.580336,-0.194969,-0.526316,-0.545455,-0.414634,-0.4,-0.4
643,-0.142857,-0.157895,-0.139089,-0.245283,-0.763158,-1,0.365854,-0.0666667,0.266667
644,-0.4,-0.378947,-0.280576,-0.320755,-0.763158,-0.454545,-0.804878,0.333333,0.133333
645,-0.142857,-0.547368,-0.628297,-0.081761,-0.710526,0.363636,-0.463415,0.0666667,0.2
646,-0.342857,-0.536842,-0.613909,-0.345912,-0.657895,-0.181818,-1,-0.266667,-0.266667
647,-0.657143,-0.494737,-0.498801,-0.698113,-0.815789,-0.818182,-0.317073,0.466667,0.6
648,-0.628571,-0.568421,-0.678657,-0.54717,-0.578947,-0.363636,0.219512,-0.533333,-0.533333
649,0.428571,-0.0105263,0.143885,0.371069,-0.684211,-1,-0.268293,-0.333333,0.0666667
650,-0.685714,-0.536842,-0.657074,-0.446541,-0.684211,-0.454545,0.0243902,-0.2,-0.2
651,0.4,-0.0210526,0.0671463,0.396226,-0.657895,-0.545455,-0.0731707,-0.266667,0
652,-0.457143,-0.642105,-0.733813,-0.308176,-0.526316,-0.818182,0.0731707,-0.6,-0.666667
653,-0.628571,-0.452632,-0.508393,-0.899371,-0.921053,-0.818182,0.365854,0.8,1
654,-0.371429,-0.294737,-0.28777,-0.660377,-0.894737,-0.636364,-0.853659,0.4,0.533333
655,0.0571429,-0.410526,-0.386091,-0.245283,-1,0.363636,-0.121951,0.666667,0.933333
656,-0.914286,-0.905263,-0.942446,-0.647799,-0.184211,-0.454545,-0.95122,-0.733333,-0.866667
657,-0.285714,-0.484211,-0.628297,-0.396226,-0.578947,-1,-0.0243902,-0.266667,-0.2
658,0.142857,-0.505263,-0.573141,-0.194969,-0.578947,0.0909091,-0.219512,-0.533333,-0.2
659,-0.4,-0.694737,-0.748201,-0.823899,-0.921053,-0.272727,-0.170732,0.666667,0.866667
660,0.142857,-0.115789,-0.182254,0.320755,-0.789474,-0.272727,-0.707317,0.133333,0.333333
661,-0.685714,-0.821053,-0.851319,-1,-0.921053,-0.909091,-0.707317,0.733333,0.866667
662,-0.114286,-0.168421,-0.0959233,-0.358491,-0.842105,0,-0.658537,0.2,0.466667
663,-0.485714,-0.642105,-0.678657,-0.132075,-0.473684,0.727273,-0.902439,-0.666667,-0.733333
664,-0.0857143,-0.378947,-0.477218,0.0188679,-0.657895,-0.363636,-0.512195,-0.266667,-0.2
665,-0.228571,-0.705263,-0.772182,-0.27044,-0.868421,-0.636364,-0.707317,0.666667,0.866667
666,0.2,-0.505263,-0.508393,-0.0440252,-0.631579,-0.181818,-1,-0.4,-0.0666667
667,-0.314286,-0.242105,-0.211031,-0.622642,-0.842105,-0.272727,-0.414634,0.266667,0.533333
668,0.314286,-0.0210526,0.139089,0.27044,-0.789474,-0.545455,-0.219512,-0.0666667,0.466667
669,0.0571429,-0.557895,-0.582734,0.0440252,-0.736842,0.363636,0.0243902,-0.0666667,0.266667
670,-0.228571,-0.578947,-0.666667,-0.0440252,-0.342105,-0.272727,-0.95122,-0.733333,-0.866667
671,0.228571,-0.178947,-0.139089,0.584906,-0.763158,0.181818,-1,0,0.133333
672,-0.314286,-0.273684,-0.35012,-0.63522,-0.842105,-0.363636,0.463415,0.4,0.666667
673,-0.142857,-0.115789,-0.0119904,0.157233,-0.605263,-0.272727,-1,0.0666667,-0.333333
674,-0.628571,-0.589474,-0.669065,-0.823899,-0.868421,-0.909091,-0.95122,0.4,0.466667
675,-0.685714,-0.473684,-0.594724,-0.559748,-0.736842,-0.454545,-0.560976,-0.0666667,-0.0666667
676,0.828571,0.0947368,0.36211,0.232704,-0.657895,-1,-0.365854,-0.266667,0.133333
677,-0.228571,-0.463158,-0.633094,-0.194969,-0.447368,-0.818182,-0.170732,-0.533333,-0.533333
678,0.171429,-0.115789,-0.0527578,-0.00628931,-0.578947,-0.454545,-0.0243902,0.2,-0.133333
679,-0.257143,-0.578947,-0.664269,-0.0314465,-0.342105,-0.181818,-0.756098,-0.733333,-0.866667
680,-0.485714,-0.463158,-0.546763,-0.446541,-0.605263,-0.272727,-0.414634,0,-0.0666667
681,0.0571429,-0.526316,-0.527578,-0.207547,-0.605263,-0.272727,-0.804878,-0.466667,-0.2
682,-0.142857,-0.442105,-0.417266,-0.220126,-0.736842,0.545455,-0.512195,0.6,0.466667
683,0.142857,-0.578947,-0.546763,-0.0314465,-0.552632,-1,-0.560976,-0.6,-0.2
684,0.457143,0.494737,0.784173,1,-0.394737,0,-0.512195,-0.533333,-0.866667
685,-0.628571,-0.336842,-0.448441,-0.647799,-0.684211,-0.818182,0.0731707,0.6,0.4
686,-0.285714,-0.589474,-0.671463,-0.358491,-0.315789,-0.0909091,-0.658537,-0.733333,-0.933333
687,-0.542857,-0.821053,-0.83693,-0.559748,-0.868421,-0.909091,-0.95122,0.133333,0.266667
688,0.514286,0.631579,0.925659,0.899371,-0.289474,-0.181818,0.512195,-0.733333,-0.8
689,-0.8,-0.905263,-0.913669,-0.761006,-0.394737,-0.545455,-0.365854,-0.666667,-0.8
690,0.257143,-0.189474,-0.134293,0.0691824,-0.868421,0.636364,-0.804878,0.333333,0.6
691,-0.4,-0.431579,-0.410072,-0.698113,-0.947368,-0.818182,-0.560976,0.6,0.933333
692,-0.2,-0.557895,-0.671463,0.00628931,-0.684211,-0.0909091,-0.609756,-0.266667,-0.333333
693,0.171429,-0.115789,-0.059952,0.157233,-0.842105,-0.363636,-0.219512,0.2,0.6
694,0.228571,-0.547368,-0.556355,-0.220126,-0.526316,-1,-0.219512,-0.6,-0.266667
695,-0.285714,-0.263158,-0.268585,-0.446541,-0.868421,-0.454545,-0.560976,0.266667,0.6
696,-0.285714,-0.684211,-0.781775,-0.345912,-0.421053,-0.363636,-0.0731707,-0.6,-0.8
697,-0.685714,-0.484211,-0.59952,-0.647799,-0.710526,-0.909091,-0.95122,-0.266667,-0.266667
698,-0.628571,-0.431579,-0.570743,-0.773585,-0.684211,-1,-0.804878,0.466667,0.4
699,-0.314286,-0.557895,-0.647482,-0.383648,-0.605263,-0.818182,-0.902439,-0.466667,-0.4
700,-0.171429,-0.294737,-0.441247,0.157233,-0.631579,0.0909091,-0.804878,-0.266667,-0.266667
701,0.371429,0.0315789,0.220624,0.0314465,-0.684211,0,0.170732,-0.2,0.133333
702,0.0571429,0.0210526,0.0815348,0.333333,-0.657895,-0.454545,-0.219512,-0.133333,0.133333
703,-0.0285714,-0.315789,-0.390887,0.0943396,-0.789474,0.363636,-1,0.266667,0.333333
704,-0.228571,-0.726316,-0.767386,-0.371069,-0.894737,0.545455,-0.414634,0.8,0.933333
705,0.371429,-0.0631579,0.134293,0.333333,-0.631579,-0.727273,-0.902439,-0.266667,-0.133333
706,0.514286,-0.0315789,0.16307,0.408805,-0.631579,0.545455,-0.219512,-0.2,0.133333
707,-0.228571,0.0631579,-0.748201,-0.207547,0.0526316,-0.636364,-0.560976,-0.0666667,0.2
708,-0.6,-0.873684,-0.908873,-0.91195,-0.868421,-0.454545,-0.170732,0.4,0.466667
709,0.2,-0.515789,-0.561151,-0.0314465,-0.552632,-0.0909091,-0.658537,-0.533333,-0.266667
710,-0.342857,-0.273684,-0.304556,-0.496855,-0.789474,-0.909091,0.414634,0.133333,0.266667
711,0.342857,0.221053,0.395683,0.534591,-0.473684,-0.181818,-0.317073,-0.2,-0.6
712,0.314286,-0.0105263,-0.0335731,0.647799,-0.657895,-0.636364,-0.463415,-0.266667,0
713,-0.114286,-0.115789,-0.0359712,-0.0314465,-0.789474,-0.272727,-0.756098,0.0666667,0.266667
714,0.428571,0.0315789,0.247002,0.119497,-0.736842,-0.0909091,0.0243902,-0.0666667,0.466667
715,-0.257143,-0.568421,-0.57554,-0.132075,-0.789474,-0.363636,-0.902439,0.533333,0.666667
716,0.342857,0.168421,0.311751,0.232704,-0.631579,-0.363636,0.365854,-0.2,0.2
717,-0.371429,-0.347368,-0.340528,-0.522013,-0.894737,-0.909091,-0.756098,0.333333,0.6
718,-0.114286,-0.421053,-0.46283,0.0314465,-0.710526,-0.363636,-0.609756,0.333333,0.266667
719,0.371429,0.105263,0.263789,0.371069,-0.605263,-0.0909091,0.365854,-0.2,0.133333
720,0.428571,-0.0947368,0.158273,0.408805,-0.657895,0.0909091,-0.414634,-0.266667,0.133333
721,-0.542857,-0.305263,-0.446043,-0.54717,-0.684211,-1,0.365854,-0.133333,0.133333
722,0.428571,0.0105263,0.206235,0.496855,-0.763158,-0.636364,0.0731707,-0.133333,0.333333
723,0.0857143,-0.578947,-0.585132,-0.157233,-0.631579,0.545455,-0.463415,-0.266667,-0.0666667
724,-0.0857143,-0.189474,-0.105516,-0.345912,-0.842105,-0.545455,-0.560976,0.2,0.4
725,0.114286,-0.536842,-0.561151,-0.333333,-0.763158,-0.909091,-0.707317,-0.133333,0.2
726,-0.514286,-0.715789,-0.827338,-0.811321,-0.736842,-1,-0.414634,0,-0.266667
727,-0.0285714,-0.115789,-0.00239808,-0.132075,-0.868421,-1,0.219512,0.0666667,0.533333
728,-0.228571,-0.484211,-0.549161,-0.283019,-0.789474,-0.545455,-0.658537,0.733333,0.666667
729,-0.8,-0.852632,-0.882494,-0.823899,-0.710526,-0.727273,0.463415,-0.466667,-0.133333
730,0,0.0105263,0.0767386,0.106918,-0.684211,-0.818182,-0.268293,-0.2,0
731,0.714286,0.0315789,0.309353,0.194969,-0.605263,-0.272727,0.707317,-0.266667,0.333333
732,0.2,0.305263,0.515588,0.773585,-0.394737,-0.727273,0.121951,-0.533333,-0.8
733,-0.142857,-0.547368,-0.705036,-0.157233,-0.684211,-0.818182,-1,-0.0666667,0.2
734,0.457143,0.652632,0.880096,0.91195,-0.315789,-0.818182,0.0243902,-0.6,-0.8
735,-0.4,-0.873684,-0.844125,-0.383648,-0.263158,-1,-0.658537,-1,-0.866667
736,-0.742857,-0.484211,-0.597122,-0.54717,-0.684211,0.272727,-0.365854,-0.333333,-0.333333
737,0.257143,-0.0526316,0.0479616,0.081761,-0.763158,-0.727273,-0.0731707,-0.2,0.0666667
738,0.342857,0.157895,0.244604,0.245283,-0.421053,-0.181818,0.219512,-0.2,-0.533333
739,0.0857143,0.0736842,0.282974,0.308176,-0.526316,-0.272727,-0.658537,-0.133333,-0.466667
740,-0.0857143,-0.610526,-0.589928,-0.371069,-0.789474,-0.727273,-0.512195,0.0666667,0.4
741,0.257143,-0.0526316,0.215827,0.295597,-0.789474,0,-0.658537,-0.133333,0.2
742,-0.542857,-0.547368,-0.678657,-0.622642,-0.710526,-0.727273,0.0243902,0.266667,0.266667
743,-0.428571,-0.673684,-0.760192,-0.383648,-0.789474,-1,-0.95122,0.0666667,0.0666667
744,-0.0285714,-0.0947368,-0.0407674,-0.18239,-0.763158,-0.818182,-0.756098,-0.133333,0.0666667
745,-0.142857,-0.547368,-0.592326,-0.081761,-0.736842,0.272727,-0.268293,0.2,0.4
746,-0.228571,-0.494737,-0.623501,-0.119497,-0.342105,-0.909091,-0.804878,-0.666667,-0.8
747,-0.314286,-0.652632,-0.798561,-0.308176,-0.736842,-0.454545,-0.756098,0,0.0666667
748,-0.171429,-0.589474,-0.657074,-0.157233,-0.421053,-0.363636,-0.317073,-0.8,-0.8
749,-0.171429,-0.589474,-0.628297,-0.119497,-0.789474,-1,-0.804878,0.266667,0.533333
750,0.0857143,-0.147368,-0.227818,0.522013,-0.710526,-0.454545,-0.95122,-0.133333,0
751,-0.4,-0.294737,-0.35012,-0.358491,-0.763158,-0.727273,0.414634,0,0.266667
752,-0.828571,-0.905263,-0.944844,-0.773585,-0.421053,0.181818,-0.756098,-0.666667,-0.8
753,-0.742857,-0.378947,-0.479616,-0.798742,-0.657895,-0.454545,-0.0731707,0.6,0.533333
754,-0.571429,-0.621053,-0.640288,-0.849057,-0.894737,-0.818182,0.0731707,0.333333,0.6
755,-0.314286,-0.673684,-0.844125,-0.446541,-0.763158,-0.454545,-0.414634,0.2,0.333333
756,-0.542857,-0.894737,-0.952038,-0.509434,-0.736842,-0.363636,-0.707317,-0.0666667,-0.133333
757,0.2,-0.0526316,-0.100719,0.610063,-0.684211,-0.727273,-0.902439,-0.2,0
758,-0.371429,-0.6,-0.657074,-0.295597,-0.657895,0.181818,0.121951,-0.333333,-0.333333
759,-0.0571429,-0.610526,-0.642686,-0.119497,-0.421053,-0.727273,-0.365854,-0.8,-0.866667
760,0.485714,-0.568421,-0.59952,-0.0188679,-0.526316,-0.545455,-0.707317,-0.6,-0.333333
761,-0.142857,-0.242105,-0.179856,-0.371069,-0.868421,0.0909091,-0.0243902,0.266667,0.466667
762,0.257143,-0.189474,-0.0671463,-0.0566038,-0.921053,1,-0.95122,0.466667,0.8
763,-0.228571,-0.631579,-0.788969,-0.333333,-0.578947,-0.727273,-0.902439,-0.266667,-0.333333
764,0.314286,0.0315789,0.194245,0.132075,-0.684211,-1,-0.219512,-0.266667,0
765,0.428571,-0.0526316,0.141487,0.433962,-0.631579,0.454545,0.170732,-0.266667,0.0666667
766,-0.2,-0.547368,-0.645084,-0.157233,-0.421053,-0.909091,-0.414634,-0.666667,-0.8
767,-0.485714,-0.294737,-0.410072,-0.597484,-0.789474,-0.181818,-0.0243902,0.0666667,0.2
768,-0.542857,-0.610526,-0.645084,-0.572327,-0.736842,-0.545455,-0.365854,0.133333,0.333333
769,-0.2,-0.0631579,-0.0647482,0.132075,-0.631579,-0.545455,-0.609756,-0.333333,-0.133333
770,-0.714286,-0.652632,-0.726619,-0.647799,-0.894737,-1,0.512195,0.133333,0.266667
771,-0.2,-0.578947,-0.642686,0.0188679,-0.447368,-0.636364,-0.219512,-0.733333,-0.733333
772,0.0571429,-0.136842,0.00239808,-0.333333,-0.868421,-0.818182,-0.658537,0.133333,0.4
773,0.228571,-0.115789,-0.155875,0.647799,-0.657895,-0.818182,-0.756098,-0.2,-0.0666667
774,-0.314286,-0.505263,-0.657074,-0.408805,-0.5,-0.454545,-0.560976,-0.4,-0.533333
775,-0.514286,-0.673684,-0.81295,-0.761006,-0.736842,-0.818182,-0.658537,0.0666667,-0.0666667
776,-0.685714,-0.273684,-0.36211,-0.647799,-0.605263,-0.818182,-0.707317,0.4,0.2
777,-0.285714,-0.0736842,-0.117506,0.081761,-0.631579,-0.727273,-0.0731707,-0.133333,0.0666667
778,0.314286,0.4,0.568345,0.421384,-0.394737,-0.636364,-0.170732,-0.4,-0.8
779,0.0857143,-0.0210526,0.148681,-0.00628931,-0.763158,-0.181818,-0.560976,-0.0666667,0.266667
780,-0.342857,-0.684211,-0.822542,-0.622642,-0.447368,-0.363636,-0.0243902,-0.533333,-0.8
781,-0.0857143,-0.0631579,-0.0359712,0.0314465,-0.710526,-0.636364,-0.365854,-0.0666667,0.133333
782,-0.314286,-0.789474,-0.834532,-0.345912,-0.894737,-0.727273,-0.902439,0.8,0.933333
783,-0.342857,-0.115789,-0.158273,-0.132075,-0.684211,-0.818182,0.0243902,-0.266667,-0.133333
784,0.485714,-0.0421053,0.223022,0.358491,-0.684211,-0.818182,0.0243902,-0.266667,0.133333
785,-0.771429,-0.947368,-0.971223,-0.559748,-0.605263,0,0.0731707,-0.333333,-0.4
786,-0.228571,-0.621053,-0.676259,-0.220126,-0.315789,-0.454545,-0.463415,-0.8,-0.933333
787,0.542857,-0.0421053,0.258993,0.345912,-0.710526,-0.0909091,-0.658537,-0.266667,0.0666667
788,-0.457143,-0.726316,-0.870504,-0.874214,-0.684211,-0.818182,-0.365854,0,-0.4
789,0.342857,0.0421053,0.230216,0.320755,-0.657895,0.272727,-0.804878,-0.2,0.0666667
790,-0.628571,-0.378947,-0.491607,-0.383648,-0.684211,-0.363636,-0.365854,-0.333333,-0.266667
791,-0.228571,-0.6,-0.673861,-0.18239,-0.263158,-0.272727,-0.902439,-0.8,-1
792,-0.285714,-0.673684,-0.757794,-0.18239,-0.736842,-0.454545,-1,0.0666667,0.333333
793,0.314286,-0.0842105,0.0719424,0.0566038,-0.736842,-0.545455,0.0243902,-0.2,0
794,-0.171429,-0.105263,-0.0911271,-0.18239,-0.631579,-0.818182,0.268293,0.2,0.0666667
795,-0.371429,-0.568421,-0.657074,-0.459119,-0.657895,-0.363636,-0.365854,-0.2,-0.0666667
796,-0.371429,-0.873684,-0.848921,-0.396226,-0.289474,-0.272727,-0.658537,-1,-0.866667
797,-0.657143,-0.926316,-0.916067,-0.559748,-0.868421,0.818182,-0.609756,0.266667,0.333333
798,0.4,-0.0842105,0.0839329,0.345912,-0.868421,0.909091,-0.902439,0.333333,0.6
799,0.571429,-0.0631579,0.199041,0.383648,-0.578947,0.363636,-0.463415,-0.333333,-0.133333
800,-0.628571,-0.484211,-0.601918,-0.572327,-0.657895,-0.454545,-0.317073,0.266667,0.266667
801,-0.257143,-0.589474,-0.678657,-0.345912,-0.684211,-0.636364,-0.219512,-0.2,0.0666667
802,-0.657143,-0.810526,-0.815348,-0.597484,-0.578947,-0.272727,-0.804878,-0.4,-0.533333
803,-0.285714,-0.378947,-0.491607,-0.106918,-0.815789,0.181818,-0.463415,0.2,0.2
804,-0.0285714,-0.368421,-0.29976,0.157233,-0.710526,-0.363636,-0.0731707,0.466667,0.333333
805,0.228571,-0.189474,-0.0335731,0.194969,-0.868421,-0.818182,-0.756098,0.266667,0.533333
806,-0.257143,-0.526316,-0.64988,-0.220126,-0.447368,-0.909091,-0.902439,-0.6,-0.733333
807,-0.114286,-0.473684,-0.585132,-0.232704,-0.736842,-0.727273,-1,-0.2,-0.2
808,0.285714,-0.0315789,0.117506,0.421384,-0.631579,-0.272727,-0.560976,-0.266667,0
809,-0.2,-0.557895,-0.635492,-0.0691824,-0.605263,-0.545455,-0.853659,-0.4,-0.333333
810,-0.714286,-0.757895,-0.733813,-0.54717,-0.421053,-0.636364,-0.902439,-0.733333,-0.866667
811,0.542857,-0.0631579,0.182254,0.383648,-0.578947,-0.545455,0.170732,-0.4,-0.133333
812,-0.628571,-0.736842,-0.784173,-0.333333,-0.736842,0.454545,-0.707317,-0.266667,-0.4
813,-0.628571,-0.378947,-0.417266,-0.63522,-0.710526,-0.909091,-0.853659,0.6,0.4
814,0.314286,-0.589474,-0.592326,-0.0188679,-0.5,-0.909091,-0.853659,-0.6,-0.333333
815,-0.2,-0.557895,-0.659472,-0.194969,-0.368421,-0.636364,-0.268293,-0.733333,-0.866667
816,-0.171429,-0.410526,-0.63789,-0.0314465,-0.236842,-0.909091,-0.512195,-0.733333,-0.733333
817,0.4,-0.526316,-0.541966,-0.0314465,-0.605263,-0.727273,-0.219512,-0.4,-0.0666667
818,0.542857,0.0105263,0.254197,0.18239,-0.684211,0.272727,0.463415,-0.133333,0.466667
819,-0.285714,-0.0842105,-0.160671,-0.283019,-0.684211,-0.454545,0.317073,-0.0666667,0.0666667
820,-0.428571,-0.2,-0.223022,-0.194969,-0.710526,-0.0909091,0.0243902,-0.133333,0.0666667
821,-0.742857,-0.705263,-0.776978,-0.54717,-0.578947,-1,-0.560976,-0.666667,-0.666667
822,0.542857,-0.0210526,0.268585,0.371069,-0.631579,-0.454545,-0.219512,-0.333333,-0.0666667
823,-0.228571,-0.652632,-0.688249,-0.610063,-0.868421,-0.636364,-0.609756,0.533333,0.733333
824,0.285714,-0.115789,-0.00959233,0.320755,-0.763158,-0.0909091,-0.0243902,-0.0666667,0.133333
825,0.571429,0,0.278177,0.320755,-0.657895,-0.181818,-0.365854,-0.333333,0
826,-0.571429,-0.421053,-0.582734,-0.396226,-0.605263,-1,0.121951,-0.533333,-0.4
827,0.0285714,-0.263158,-0.294964,-0.220126,-0.868421,-0.818182,-1,0.466667,0.666667
828,1,-0.0210526,0.29976,0.308176,-0.657895,-0.636364,-0.658537,-0.4,0.133333
829,-0.257143,-0.663158,-0.832134,-0.333333,-0.631579,-0.0909091,-0.170732,-0.2,-0.333333
830,0.257143,-0.547368,-0.565947,-0.0440252,-0.578947,-0.363636,-0.512195,-0.6,-0.333333
831,-0.685714,-0.610526,-0.611511,-0.874214,-0.842105,-1,-0.219512,0.666667,0.8
832,0,-0.484211,-0.467626,-0.207547,-0.763158,-0.181818,-0.707317,0.6,0.6
833,0.171429,0.0421053,0.153477,0.333333,-0.684211,0.454545,-0.463415,-0.0666667,0.2
834,-0.142857,-0.421053,-0.52518,-0.0566038,-0.684211,-0.0909091,-0.756098,-0.333333,-0.333333
835,-0.771429,-0.789474,-0.798561,-0.559748,-0.289474,0.363636,-0.804878,-0.666667,-0.933333
836,0.6,0.631579,1,0.836478,-0.315789,-0.636364,-0.609756,-0.666667,-0.866667
837,-0.142857,-0.6,-0.736211,-0.169811,-0.631579,-0.727273,-0.414634,-0.2,0
838,-0.142857,-0.463158,-0.546763,-0.0943396,-0.789474,0.0909091,-0.902439,0.133333,0.2
839,-0.114286,-0.547368,-0.628297,-0.371069,-0.684211,-0.818182,0.121951,-0.266667,0.266667
840,-0.257143,-0.694737,-0.76259,-0.220126,-0.842105,-0.181818,-0.804878,0.333333,0.466667
841,-0.942857,-0.778947,-0.839329,-0.937107,-0.921053,-0.545455,0.414634,0.666667,0.733333
842,-0.542857,-0.263158,-0.429257,-0.496855,-0.657895,-0.363636,0.219512,-0.2,-0.0666667
843,0.171429,-0.547368,-0.558753,-0.157233,-0.657895,-0.909091,-0.0243902,-0.333333,0.0666667
844,0.571429,0.0315789,0.28777,0.144654,-0.710526,-0.727273,-0.804878,-0.266667,0.333333
845,-0.828571,-0.736842,-0.793765,-0.509434,-0.815789,-1,0.219512,-0.0666667,-0.0666667
846,-0.714286,-0.894737,-0.932854,-0.72327,-0.631579,-0.909091,-0.121951,-0.333333,-0.4
