{
    "penalty": "L2",
    "optimizer": "sgd",
    "tol": 1e-5,
    "alpha": 0.01,
    "max_iter": 100,
    "early_stop": "diff",
    "batch_size": 320,
    "learning_rate": 0.01,
    "init_param": {
        "init_method": "random_normal"
    },
    "predict_param": {
        "threshold": 0.5
    },
    "encrypt_param": {
        "method": "Paillier",
        "key_length": 1024
    },
    "cv_param": {
        "n_splits": 5,
        "shuffle": true,
        "random_seed": 1,
        "need_cv": false
    }
}
