{
    "penalty": "L2",
    "optimizer": "sgd",
    "eps": 1e-5,
    "alpha": 0.01,
    "max_iter": 100,
    "converge_func": "diff",
    "re_encrypt_batches": 2,
    "party_weight": 1,
    "batch_size": 320,
    "learning_rate": 0.01,
    "exposure_index": -1,
    "init_param": {
        "init_method": "random_normal"
    },
    "predict_param": {
        "with_proba": true,
        "threshold": 0.5
    },
    "encrypt_param": {
        "method": "Paillier",
        "key_length": 1024
    },
    "encrypted_mode_calculator_param": {
        "mode": "strict",
        "re_encrypted_rate": 1
    },
    "cv_param": {
        "n_splits": 5,
        "shuffle": true,
        "random_seed": 1,
        "evaluate_param": {
            "metrics": null,
            "eval_type": "regression",
            "pos_label": 1,
            "thresholds": null
        },
        "need_cv": false
    }
}
