{
  "max_iter": 100,
  "optimizer": {
    "optimizer": "RMSprop",
    "learning_rate": 0.05,
    "decay": 0.9,
    "momentum": 0.9
  },
  "batch_size": 320,
  "init_param": {
    "init_method": "random_normal",
    "embed_size": 20
  },
  "predict_param": {
    "threshold": 0.5
  },
  "need_run": true,
  "cv_param": {
    "n_splits": 5,
    "shuffle": true,
    "random_seed": 1,
    "evaluate_param": {
      "metrics": null,
      "eval_type": "binary",
      "pos_label": 1,
      "thresholds": null
    },
    "need_cv": false
  }
}