{
    "components" : {
        "reader_0": {
            "module": "Reader",
            "output": {
                "data": ["table"]
            }
        },
        "dataio_0": {
            "module": "DataIO",
            "input": {
                "data": {
                    "data": [
                        "reader_0.table"
                    ]
                }
            },
            "output": {
                "data": ["train"],
                "model": ["dataio"]
            },
			"need_deploy": true
         },
        "hetero_feature_binning_0": {
            "module": "HeteroFeatureBinning",
            "input": {
                "data": {
                    "data": [
                        "dataio_0.train"
                    ]
                }
            },
            "output": {
                "data": ["train"],
                "model": ["hetero_feature_binning"]
            }
        }
    }
}
