{
  "federatedml.transfer_variable.transfer_class.hetero_kmeans_transfer_variable.HeteroKmeansTransferVariable": {
    "arbiter_tol": {
      "src": [
        "arbiter"
      ],
      "dst": [
        "host",
        "guest"
      ]
    },
    "cluster_result": {
      "src": [
        "arbiter"
      ],
      "dst": [
        "host",
        "guest"
      ]
    },
    "cluster_evaluation": {
      "src": [
        "arbiter"
      ],
      "dst": [
        "host",
        "guest"
      ]
    },
    "guest_dist": {
      "src": [
        "guest"
      ],
      "dst": [
        "arbiter"
      ]
    },
    "guest_tol": {
      "src": [
        "guest"
      ],
      "dst": [
        "arbiter"
      ]
    },
    "host_dist": {
      "src": [
        "host"
      ],
      "dst": [
        "arbiter"
      ]
    },
    "host_tol": {
      "src": [
        "host"
      ],
      "dst": [
        "arbiter"
      ]
    },
    "centroid_list": {
      "src": [
        "guest"
      ],
      "dst": [
        "host"
      ]
    }

  }
}