{
  "federatedml.transfer_variable.transfer_class.hetero_decision_tree_transfer_variable.HeteroDecisionTreeTransferVariable": {
    "dispatch_node_host": {
      "src": [
        "guest"
      ],
      "dst": [
        "host"
      ]
    },
    "dispatch_node_host_result": {
      "src": [
        "host"
      ],
      "dst": [
        "guest"
      ]
    },
    "encrypted_grad_and_hess": {
      "src": [
        "guest"
      ],
      "dst": [
        "host"
      ]
    },
    "encrypted_splitinfo_host": {
      "src": [
        "host"
      ],
      "dst": [
        "guest"
      ]
    },
    "federated_best_splitinfo_host": {
      "src": [
        "guest"
      ],
      "dst": [
        "host"
      ]
    },
    "final_splitinfo_host": {
      "src": [
        "host"
      ],
      "dst": [
        "guest"
      ]
    },
    "node_positions": {
      "src": [
        "guest"
      ],
      "dst": [
        "host"
      ]
    },
    "predict_data": {
      "src": [
        "guest"
      ],
      "dst": [
        "host"
      ]
    },
    "predict_data_by_host": {
      "src": [
        "host"
      ],
      "dst": [
        "guest"
      ]
    },
    "predict_finish_tag": {
      "src": [
        "guest"
      ],
      "dst": [
        "host"
      ]
    },
    "tree": {
      "src": [
        "guest"
      ],
      "dst": [
        "host"
      ]
    },
    "tree_node_queue": {
      "src": [
        "guest"
      ],
      "dst": [
        "host"
      ]
    },
    "host_cur_to_split_node_num": {
      "src": ["host"],
      "dst": ["guest"]
    },
    "host_leafs": {
      "src": ["host"],
      "dst": ["guest"]
    },
    "sync_flag": {
      "src": ["guest"],
      "dst": ["host"]
    }
  }
}