{
  "federatedml.transfer_variable.transfer_class.hetero_nn_transfer_variable.HeteroNNTransferVariable": {
    "batch_data_index": {
      "src": [
        "guest"
      ],
      "dst": [
        "host"
      ]
    },
    "batch_info": {
      "src": [
        "guest"
      ],
      "dst": [
        "host"
      ]
    },
    "decrypted_guest_fowrad": {
      "src": [
        "host"
      ],
      "dst": [
        "guest"
      ]
    },
    "decrypted_guest_weight_gradient": {
      "src": [
        "host"
      ],
      "dst": [
        "guest"
      ]
    },
    "encrypted_acc_noise": {
      "src": [
        "host"
      ],
      "dst": [
        "guest"
      ]
    },
    "encrypted_guest_forward": {
      "src": [
        "guest"
      ],
      "dst": [
        "host"
      ]
    },
    "encrypted_guest_weight_gradient": {
      "src": [
        "guest"
      ],
      "dst": [
        "host"
      ]
    },
    "encrypted_host_forward": {
      "src": [
        "host"
      ],
      "dst": [
        "guest"
      ]
    },
    "host_backward": {
      "src": [
        "guest"
      ],
      "dst": [
        "host"
      ]
    },
    "is_converge": {
      "src": [
        "guest"
      ],
      "dst": [
        "host"
      ]
    }
  }
}