{
  "federatedml.nn.homo_nn.enter_point.HomoNNGuestServerTransVar": {
    "SecureAggregatorTransVar.AggregatorTransVar.ModelScatterTransVar.client_model": {
      "src": [
        "host"
      ],
      "dst": [
        "guest"
      ]
    },
    "SecureAggregatorTransVar.AggregatorTransVar.ModelBroadcasterTransVar.server_model": {
      "src": [
        "guest"
      ],
      "dst": [
        "host"
      ]
    },
    "SecureAggregatorTransVar.RandomPaddingCipherTransVar.UUIDTransVar.uuid": {
      "src": [
        "guest"
      ],
      "dst": [
        "host"
      ]
    },
    "SecureAggregatorTransVar.RandomPaddingCipherTransVar.DHTransVar.p_power_r": {
      "src": [
        "host"
      ],
      "dst": [
        "guest"
      ]
    },
    "SecureAggregatorTransVar.RandomPaddingCipherTransVar.DHTransVar.p_power_r_bc": {
      "src": [
        "guest"
      ],
      "dst": [
        "host"
      ]
    },
    "SecureAggregatorTransVar.RandomPaddingCipherTransVar.DHTransVar.pubkey": {
      "src": [
        "guest"
      ],
      "dst": [
        "host"
      ]
    },
    "LossScatterTransVar.loss": {
      "src": [
        "host"
      ],
      "dst": [
        "guest"
      ]
    },
    "HasConvergedTransVar.has_converged": {
      "src": [
        "guest"
      ],
      "dst": [
        "host"
      ]
    }
  }
}