{
  "federatedml.transfer_variable.transfer_class.secret_share_transfer_variable.SecretShareTransferVariable": {
    "multiply_triplets_cross": {
      "src": [
        "guest",
        "host"
      ],
      "dst": [
        "guest",
        "host"
      ]
    },
    "multiply_triplets_encrypted": {
      "src": [
        "guest",
        "host"
      ],
      "dst": [
        "guest",
        "host"
      ]
    },
    "rescontruct": {
      "src": [
        "guest",
        "host"
      ],
      "dst": [
        "guest",
        "host"
      ]
    },
    "share": {
      "src": [
        "guest",
        "host"
      ],
      "dst": [
        "guest",
        "host"
      ]
    }
  }
}